[Licensing::Module] Trying to connect to existing licensing client channel...
Built from '6000.5/staging' branch; Version is '6000.5.5f1 (d16e074b49fd) revision 13725191'; Using compiler version '194234433'; Build Type 'Release'
[Licensing::IpcConnector] Successfully connected to: "LicenseClient-sispu" at "2026-10-06T13:04:29.7756162Z"
OS: 'Windows 11  (10.0.26200) CoreCountrySpecific' Language: 'zh' Physical Memory: 31931 MB
BatchMode: 1, IsHumanControllingUs: 0, StartBugReporterOnCrash: 0, Is64bit: 1
System  architecture: x64
Process architecture: x64
Date: 2026-10-06T13:04:29Z

COMMAND LINE ARGUMENTS:
D:\Unity\6000.5.5f1\Editor\Unity.exe
-adb2
-batchMode
-noUpm
-name
AssetImportWorkerHW0
-projectPath
D:/游戏开发/Magnetic
-logFile
Logs/AssetImportWorkerHW0.log
-srvPort
58725
-parentPid
54716
-analyticsCloudUserId
anonymous
-analyticsLocalProjectId
41adef074c7cba842a3126e272eb0603
-licensingIpc
LicenseClient-sispu
-noDiagnosticSwitchPersistentStore
-job-worker-count
15
-background-job-worker-count
8
-asset-garbage-collectors
1
-force-d3d12
-name
AssetImport
Successfully changed project path to: D:/游戏开发/Magnetic
D:/游戏开发/Magnetic
[UnityMemory] Configuration Parameters - Can be set up in boot.config
    "memorysetup-temp-allocator-size-gi-baking-worker=262144"
    "memorysetup-temp-allocator-size-gi-baking-worker=262144"
    "memorysetup-temp-allocator-size-gi-baking-worker=262144"
    "memorysetup-temp-allocator-size-gi-baking-worker=262144"
    "memorysetup-temp-allocator-size-gi-baking-worker=262144"
    "memorysetup-temp-allocator-size-nav-mesh-worker=65536"
    "memorysetup-temp-allocator-size-audio-worker=65536"
    "memorysetup-temp-allocator-size-cloud-worker=32768"
    "memorysetup-temp-allocator-size-gfx=262144"
    "memorysetup-temp-allocator-size-preload-manager=33554432"
    "memorysetup-allocator-temp-initial-block-size-main=262144"
    "memorysetup-allocator-temp-initial-block-size-worker=262144"
    "memorysetup-temp-allocator-size-job-worker=262144"
    "memorysetup-temp-allocator-size-background-worker=32768"
    "memorysetup-bucket-allocator-granularity=16"
    "memorysetup-bucket-allocator-bucket-count=8"
    "memorysetup-bucket-allocator-block-size=33554432"
    "memorysetup-bucket-allocator-block-count=8"
    "memorysetup-main-allocator-block-size=16777216"
    "memorysetup-thread-allocator-block-size=16777216"
    "memorysetup-main-allocator-mimalloc-enabled=0"
    "memorysetup-gfx-main-allocator-block-size=16777216"
    "memorysetup-gfx-thread-allocator-block-size=16777216"
    "memorysetup-cache-allocator-block-size=4194304"
    "memorysetup-typetree-allocator-block-size=2097152"
    "memorysetup-profiler-bucket-allocator-granularity=16"
    "memorysetup-profiler-bucket-allocator-bucket-count=8"
    "memorysetup-profiler-bucket-allocator-block-size=33554432"
    "memorysetup-profiler-bucket-allocator-block-count=8"
    "memorysetup-profiler-allocator-block-size=16777216"
    "memorysetup-profiler-editor-allocator-block-size=1048576"
    "memorysetup-temp-allocator-size-main=16777216"
    "memorysetup-job-temp-allocator-block-size=2097152"
    "memorysetup-job-temp-allocator-block-size-background=1048576"
    "memorysetup-job-temp-allocator-reduction-small-platforms=262144"
Player connection [4456]  Target information:

Player connection [4456]  * "[IP] 192.168.2.44 [Port] 0 [Flags] 2 [Guid] 3501805125 [EditorId] 3501805125 [Version] 1048832 [Id] WindowsEditor(7,aishi) [Debug] 1 [PackageName] WindowsEditor [ProjectName] Editor" 

Player connection [4456] Host joined multi-casting on [225.0.0.222:54997]...
Player connection [4456] Host joined alternative multi-casting on [225.0.0.222:34997]...
JobSystem: Creating JobQueue using job-worker-count value 15
Input System module state changed to: Initialized.
[Physics::Module] Initialized fallback backend.
[Physics::Module] Id: 0xdecafbad
Library Redirect Path: Library/
[Physics::Module] Selected backend.
[Physics::Module] Name: PhysX
[Physics::Module] Id: 0xf2b8ea05
[Physics::Module] SDK Version: 4.1.2
[Physics::Module] Integration Version: 1.0.0
[Physics::Module] Threading Mode: Multi-Threaded
Initialize engine version: 6000.5.5f1 (d16e074b49fd)
[Subsystems] Discovering subsystems at path D:/Unity/6000.5.5f1/Editor/Data/Resources/UnitySubsystems
[Subsystems] Discovering subsystems at path D:/游戏开发/Magnetic/Assets
Forcing GfxDevice: Direct3D 12
GfxDevice: creating device client; kGfxThreadingModeNonThreaded
d3d12: failed to query info queue interface (0x80004002).
Direct3D:
    Version:         Direct3D 12 [level 12.2]
    Renderer:        NVIDIA GeForce RTX 5070 Laptop GPU (ID=0x2d58)
    Vendor:          NVIDIA
    VRAM:            7891 MB
    App VRAM Budget: 7123 MB
    Driver:          32.0.16.1071
Initialize mono
Mono path[0] = 'D:/Unity/6000.5.5f1/Editor/Data/Managed'
Mono path[1] = 'D:/Unity/6000.5.5f1/Editor/Data/BCLExtensions/runtime/netstandard2.1'
Mono path[2] = 'D:/Unity/6000.5.5f1/Editor/Data/MonoBleedingEdge/lib/mono/unityjit-win32'
Mono config path = 'D:/Unity/6000.5.5f1/Editor/Data/MonoBleedingEdge/etc'
Using monoOptions --debugger-agent=transport=dt_socket,embedding=1,server=y,suspend=n,address=127.0.0.1:56148
CodeReloadManager initialized
Begin MonoManager ReloadAssembly
Registering precompiled unity dll's ...
Register platform support module: D:/Unity/6000.5.5f1/Editor/Data/PlaybackEngines/WindowsStandaloneSupport/UnityEditor.WindowsStandalone.Extensions.dll
Registered in 0.005088 seconds.
Native extension for WindowsStandalone target not found
Package Manager log level set to [2]
[Package Manager] Failed to launch server process. Reason: Unity was launched with the -noUpm command-line argument
[Package Manager] Unable to send message (not connected to server process).
[Package Manager] Cannot connect to Unity Package Manager local server
ScheduleIndexationOnStartup MainProcess:False IndexOnStartup:True
[Licensing::Client] Error: HandshakeResponse reported an error:
	ResponseCode: 505
	ResponseStatus: Unsupported protocol version '1.18.1'.
[Licensing::Module] Error: Failed to handshake to channel: "LicenseClient-sispu"
[Licensing::IpcConnector] LicenseClient-sispu channel disconnected successfully.
[Licensing::IpcConnector] Successfully connected to: "LicenseClient-sispu-6000.5.5" at "2026-10-06T13:04:33.6709166Z"
[Licensing::Client] Code 10 while verifying Licensing Client signature (process Id: 55280, path: "D:/Unity/6000.5.5f1/Editor/Data/Resources/Licensing/Client/Unity.Licensing.Client.exe")
[Licensing::Module] LicensingClient has failed validation; ignoring
[Licensing::Client] Handshaking with LicensingClient:
  Version:                 1.18.1+9fbee8e
  Session Id:              d3a8c6dbbcd54a67998eb7b8a3630eae
  Correlation Id:          63100ff78090b3007ebb22070d233942
  External correlation Id: 6853137895511758283
  Machine Id:              jKSa9g6WzqcY9b9GLRjttsE4d1Y=
[Licensing::Module] Successfully connected to LicensingClient on channel: "LicenseClient-sispu-6000.5.5" (connect: 0.00s, validation: 0.00s, handshake: 0.02s)
[Licensing::IpcConnector] Successfully connected to: "LicenseClient-sispu-6000.5.5-notifications" at "2026-10-06T13:04:33.6933059Z"
[Licensing::Module] Licensing Background thread has ended after 3.92s
Mono: successfully reloaded assembly
- Finished resetting the current domain, in  0.712 seconds
Domain Reload Profiling: 1768ms
	BeginReloadAssembly (277ms)
	RebuildCommonClasses (9ms)
	RebuildNativeTypeToScriptingClass (34ms)
	initialDomainReloadingComplete (155ms)
	LoadAllAssembliesAndSetupDomain (577ms)
		LoadAssemblies (264ms)
		AnalyzeDomain (417ms)
			TypeCache.Refresh (414ms)
				TypeCache.ScanAssembly (390ms)
	FinalizeReload (717ms)
		SetupLoadedEditorAssemblies (0ms)
			InitializePlatformSupportModulesInManaged (4ms)
			BeforeProcessingInitializeOnLoad (170ms)
			ProcessInitializeOnLoadAttributes (192ms)
			ProcessInitializeOnLoadMethodAttributes (217ms)
Initializing Unity extensions:
[Licensing::Client] Successfully resolved entitlement details
[Licensing::Module] License group:
  Id: ewogICJzdWJzR3JvdXAiIDogInVuaXR5IGVkaXRvciIsCiAgIm5hbWVzcGFjZSIgOiAidW5pdHlfZWRpdG9yIiwKICAidHlwZSIgOiAiRURJVE9SIiwKICAidGFnIiA6ICJVbml0eVBlcnNvbmFsXXXX
  Product: Unity Personal Version
  Type: Assigned
  Expiration: Unlimited
========================================================================
Worker process is ready to serve import requests
Import Worker Mode flag is 0x00
Begin MonoManager ReloadAssembly
Native extension for WindowsStandalone target not found
[Package Manager] Failed to launch server process. Reason: Unity was launched with the -noUpm command-line argument
[Package Manager] Unable to send message (not connected to server process).
[Package Manager] Cannot connect to Unity Package Manager local server
ScheduleIndexationOnStartup MainProcess:False IndexOnStartup:True
Mono: successfully reloaded assembly
- Finished resetting the current domain, in  0.683 seconds
Domain Reload Profiling: 1446ms
	BeginReloadAssembly (387ms)
		DisableScriptedObjects (8ms)
		CreateAndSetChildDomain (59ms)
	RebuildCommonClasses (18ms)
	RebuildNativeTypeToScriptingClass (32ms)
	initialDomainReloadingComplete (88ms)
	LoadAllAssembliesAndSetupDomain (235ms)
		LoadAssemblies (227ms)
		AnalyzeDomain (38ms)
			TypeCache.Refresh (21ms)
				TypeCache.ScanAssembly (13ms)
			BuildScriptInfoCaches (10ms)
			ResolveRequiredComponents (3ms)
	FinalizeReload (686ms)
		SetupLoadedEditorAssemblies (0ms)
			InitializePlatformSupportModulesInManaged (4ms)
			BeforeProcessingInitializeOnLoad (162ms)
			ProcessInitializeOnLoadAttributes (142ms)
			ProcessInitializeOnLoadMethodAttributes (120ms)
			AfterProcessingInitializeOnLoad (24ms)
		AwakeInstancesAfterBackupRestoration (7ms)
AcceleratorClientConnectionCallback - disconnected - :0
Launched and connected shader compiler UnityShaderCompiler.exe after 0.03 seconds
Unloading 2 Unused Serialized files (Serialized files now loaded: 0)
Curl error 3: URL rejected: Malformed input to a URL function
Unloading 446 unused Assets / (227.4 KB). Loaded Objects now: 1051.
Memory consumption went from 158.6 MB to 158.4 MB.
Total: 7.154000 ms (FindLiveObjects: 0.133600 ms CreateObjectMapping: 0.093400 ms MarkObjects: 6.477700 ms  DeleteObjects: 0.445500 ms)

========================================================================
Received Import Request.
  Time of request: 2026-10-06T13:04:35.9148615Z
  Time since last request: 23587.81887500000084 seconds.
  importAddress: GUID: 66ba431a00aebd344a8f4789387bf60d - Path: Assets/Animations/RemovableTileAnimator.controller - Importer: ScriptedImporter/UnityEditor.QuickSearchModule:UnityEditor.Search:ASIAI0B
Importing 'GUID: 66ba431a00aebd344a8f4789387bf60d - Path: Assets/Animations/RemovableTileAnimator.controller - Importer: ScriptedImporter/UnityEditor.QuickSearchModule:UnityEditor.Search:ASIAI0B' with importer (ScriptedImporter : UnityEditor.QuickSearchModule:UnityEditor.Search:ASIAI0B)
Imported 'GUID: 66ba431a00aebd344a8f4789387bf60d' -> (Import Result ID: '429cd64c9cccb10ed6b4dcf78113b088') in 0.164 seconds [static and dynamic dependencies]. Details - ImportResultOutputID=079482e98f2e18da33a22eb21e8d816a DependenciesID=c845b438940cf3f3e77303759519c26c StaticDependenciesID=8b7fe78d81b8e30c1259447f30488d62 
Number of updated asset objects reloaded before import = 0
Number of asset objects unloaded after import = 14
========================================================================
Received Import Request.
  Time of request: 2026-10-06T13:04:36.0979408Z
  Time since last request: 0.0169293 seconds.
  importAddress: GUID: b8222041390a8f4409e4f997d249a1ae - Path: Assets/Prefabs/LevelController.prefab - Importer: ScriptedImporter/UnityEditor.QuickSearchModule:UnityEditor.Search:ASIAI0B
Importing 'GUID: b8222041390a8f4409e4f997d249a1ae - Path: Assets/Prefabs/LevelController.prefab - Importer: ScriptedImporter/UnityEditor.QuickSearchModule:UnityEditor.Search:ASIAI0B' with importer (ScriptedImporter : UnityEditor.QuickSearchModule:UnityEditor.Search:ASIAI0B)
Serialized files [version 17] before 2019.1 are deprecated. Open and re-save the file: "Assets/Prefabs/LevelController.prefab"
UnityEngine.Debug:ExtractStackTraceNoAlloc (byte*,int,string)
UnityEngine.StackTraceUtility:ExtractStackTrace ()
UnityEditor.AssetDatabase:GetDependencies (string,bool)
UnityEditor.Search.AssetIndexer:IndexDependencies (int&,string&)
UnityEditor.Search.AssetIndexer:IndexDocument (string,bool)
UnityEditor.Search.SearchIndexArtifactImporter:OnImportAsset (UnityEditor.AssetImporters.AssetImportContext)
UnityEditor.AssetImporters.ScriptedImporter:GenerateAssetData (UnityEditor.AssetImporters.AssetImportContext)

[C:\build\output\unity\unity\Runtime\Serialize\SerializedFile.cpp line 835]

Imported 'GUID: b8222041390a8f4409e4f997d249a1ae' -> (Import Result ID: 'e1c0287bd2a438755cfeec238524b280') in 0.066 seconds [static and dynamic dependencies]. Details - ImportResultOutputID=537c8e827a13142420c863eb8f9dcf92 DependenciesID=782563d6ec4ec384b03a407af2c7472a StaticDependenciesID=4202b26b02a1a7d657add0577d33a3d7 
Number of updated asset objects reloaded before import = 0
Number of asset objects unloaded after import = 5
========================================================================
Received Import Request.
  Time of request: 2026-10-06T13:04:36.1653741Z
  Time since last request: 0.0005015 seconds.
  importAddress: GUID: db35ddb9185729f43afaa28be7c4ef3b - Path: Assets/Prefabs/MetalCrate.prefab - Importer: ScriptedImporter/UnityEditor.QuickSearchModule:UnityEditor.Search:ASIAI0B
Importing 'GUID: db35ddb9185729f43afaa28be7c4ef3b - Path: Assets/Prefabs/MetalCrate.prefab - Importer: ScriptedImporter/UnityEditor.QuickSearchModule:UnityEditor.Search:ASIAI0B' with importer (ScriptedImporter : UnityEditor.QuickSearchModule:UnityEditor.Search:ASIAI0B)
Serialized files [version 17] before 2019.1 are deprecated. Open and re-save the file: "Assets/Prefabs/MetalCrate.prefab"
UnityEngine.Debug:ExtractStackTraceNoAlloc (byte*,int,string)
UnityEngine.StackTraceUtility:ExtractStackTrace ()
UnityEditor.AssetDatabase:GetDependencies (string,bool)
UnityEditor.Search.AssetIndexer:IndexDependencies (int&,string&)
UnityEditor.Search.AssetIndexer:IndexDocument (string,bool)
UnityEditor.Search.SearchIndexArtifactImporter:OnImportAsset (UnityEditor.AssetImporters.AssetImportContext)
UnityEditor.AssetImporters.ScriptedImporter:GenerateAssetData (UnityEditor.AssetImporters.AssetImportContext)

[C:\build\output\unity\unity\Runtime\Serialize\SerializedFile.cpp line 835]

Imported 'GUID: db35ddb9185729f43afaa28be7c4ef3b' -> (Import Result ID: '241404fa0875c472e6da99b3f1e58396') in 0.077 seconds [static and dynamic dependencies]. Details - ImportResultOutputID=3b035ca4d21319f924b58abe5066c27a DependenciesID=e208e4b88506887bb2928e52032acfb3 StaticDependenciesID=80a2bc1d04b4f6cdc06c89f99991ffa1 
Number of updated asset objects reloaded before import = 0
Number of asset objects unloaded after import = 28
========================================================================
Received Import Request.
  Time of request: 2026-10-06T13:04:36.243348Z
  Time since last request: 0.0000313 seconds.
  importAddress: GUID: c3e24d812b79b0746b2879b2ca5b5a4f - Path: Assets/Animations/TileVisible.anim - Importer: ScriptedImporter/UnityEditor.QuickSearchModule:UnityEditor.Search:ASIAI0B
Importing 'GUID: c3e24d812b79b0746b2879b2ca5b5a4f - Path: Assets/Animations/TileVisible.anim - Importer: ScriptedImporter/UnityEditor.QuickSearchModule:UnityEditor.Search:ASIAI0B' with importer (ScriptedImporter : UnityEditor.QuickSearchModule:UnityEditor.Search:ASIAI0B)
Imported 'GUID: c3e24d812b79b0746b2879b2ca5b5a4f' -> (Import Result ID: 'eb8bd8d0518b118e3f97c64e37c12a39') in 0.016 seconds [static and dynamic dependencies]. Details - ImportResultOutputID=b77d43110f4f1ee5a731c9413083c301 DependenciesID=48b82aeeb7f54f425a8d94e6acb1a164 StaticDependenciesID=149beb21855e7a727b52aebf8256d407 
Number of updated asset objects reloaded before import = 0
Number of asset objects unloaded after import = 1
========================================================================
Received Import Request.
  Time of request: 2026-10-06T13:04:36.2606303Z
  Time since last request: 0.0006877 seconds.
  importAddress: GUID: 30478d5f302022149be379e34275d138 - Path: Assets/Materials/NormalTile_Material.mat - Importer: ScriptedImporter/UnityEditor.QuickSearchModule:UnityEditor.Search:ASIAI0B
Importing 'GUID: 30478d5f302022149be379e34275d138 - Path: Assets/Materials/NormalTile_Material.mat - Importer: ScriptedImporter/UnityEditor.QuickSearchModule:UnityEditor.Search:ASIAI0B' with importer (ScriptedImporter : UnityEditor.QuickSearchModule:UnityEditor.Search:ASIAI0B)
Imported 'GUID: 30478d5f302022149be379e34275d138' -> (Import Result ID: '804ac9ce60f8ed60839eefcc663560f3') in 0.048 seconds [static and dynamic dependencies]. Details - ImportResultOutputID=5c9f185f2c480f82ec457a355bf56b40 DependenciesID=c8192e9f8bafabb4e14436963ac7e6e0 StaticDependenciesID=dc9c25ad8cb6e6d5d1503eb62f7b25f4 
Number of updated asset objects reloaded before import = 0
Number of asset objects unloaded after import = 2
========================================================================
Received Import Request.
  Time of request: 2026-10-06T13:04:36.3099243Z
  Time since last request: 0.0004927 seconds.
  importAddress: GUID: d0c468d95fadaaf498749be9b2566a8b - Path: Assets/Materials/BombWarning.mat - Importer: ScriptedImporter/UnityEditor.QuickSearchModule:UnityEditor.Search:ASIAI0B
Importing 'GUID: d0c468d95fadaaf498749be9b2566a8b - Path: Assets/Materials/BombWarning.mat - Importer: ScriptedImporter/UnityEditor.QuickSearchModule:UnityEditor.Search:ASIAI0B' with importer (ScriptedImporter : UnityEditor.QuickSearchModule:UnityEditor.Search:ASIAI0B)
Imported 'GUID: d0c468d95fadaaf498749be9b2566a8b' -> (Import Result ID: 'ee51b98460bdac12a8ae8acc5503351b') in 0.009 seconds [static and dynamic dependencies]. Details - ImportResultOutputID=b29ee9f739bd4cbd8740cdcab3f35df3 DependenciesID=1799483725218ec043ad7eb066f9e916 StaticDependenciesID=1c3e22576b4fc68c0df87a17cdc5d3ad 
Number of updated asset objects reloaded before import = 0
Number of asset objects unloaded after import = 1
========================================================================
Received Import Request.
  Time of request: 2026-10-06T13:04:36.3195644Z
  Time since last request: 0.0007158 seconds.
  importAddress: GUID: 2bb9eceaf138c144d97c168aaba3c8f5 - Path: Assets/Materials/Concrete.mat - Importer: ScriptedImporter/UnityEditor.QuickSearchModule:UnityEditor.Search:ASIAI0B
Importing 'GUID: 2bb9eceaf138c144d97c168aaba3c8f5 - Path: Assets/Materials/Concrete.mat - Importer: ScriptedImporter/UnityEditor.QuickSearchModule:UnityEditor.Search:ASIAI0B' with importer (ScriptedImporter : UnityEditor.QuickSearchModule:UnityEditor.Search:ASIAI0B)
Imported 'GUID: 2bb9eceaf138c144d97c168aaba3c8f5' -> (Import Result ID: 'bc328f2d1f8d4b88535c3873adbb6032') in 0.009 seconds [static and dynamic dependencies]. Details - ImportResultOutputID=054e0fb30afb62c099ba0932fd479381 DependenciesID=7770edb69b0ca8ad3a17b4de47a0d39b StaticDependenciesID=32e573707a2b9bfa93c472b9a7869c4b 
Number of updated asset objects reloaded before import = 0
Number of asset objects unloaded after import = 1
========================================================================
Received Import Request.
  Time of request: 2026-10-06T13:04:36.3291094Z
  Time since last request: 0.0006738 seconds.
  importAddress: GUID: e25cc0dd7e65c3a4eae09f21882e7083 - Path: Assets/Images/MovableTile_Material.png - Importer: ScriptedImporter/UnityEditor.QuickSearchModule:UnityEditor.Search:ASIAI0B
Importing 'GUID: e25cc0dd7e65c3a4eae09f21882e7083 - Path: Assets/Images/MovableTile_Material.png - Importer: ScriptedImporter/UnityEditor.QuickSearchModule:UnityEditor.Search:ASIAI0B' with importer (ScriptedImporter : UnityEditor.QuickSearchModule:UnityEditor.Search:ASIAI0B)
Imported 'GUID: e25cc0dd7e65c3a4eae09f21882e7083' -> (Import Result ID: 'e38aa9df4b77ae2b3b9157e272a4a396') in 0.067 seconds [static and dynamic dependencies]. Details - ImportResultOutputID=737173deb3ab01da71457611aaa32383 DependenciesID=3a1417d8de566c78517490c145f02e2f StaticDependenciesID=bcfebe928e4d0554c24c77726e51eae5 
Number of updated asset objects reloaded before import = 0
Number of asset objects unloaded after import = 1
========================================================================
Received Import Request.
  Time of request: 2026-10-06T13:04:36.3971691Z
  Time since last request: 0.0007164 seconds.
  importAddress: GUID: 1d1d3f013d46e2b44b7917e5727fb98c - Path: Assets/Blender/button.blend - Importer: ScriptedImporter/UnityEditor.QuickSearchModule:UnityEditor.Search:ASIAI0B
Importing 'GUID: 1d1d3f013d46e2b44b7917e5727fb98c - Path: Assets/Blender/button.blend - Importer: ScriptedImporter/UnityEditor.QuickSearchModule:UnityEditor.Search:ASIAI0B' with importer (ScriptedImporter : UnityEditor.QuickSearchModule:UnityEditor.Search:ASIAI0B)
Imported 'GUID: 1d1d3f013d46e2b44b7917e5727fb98c' -> (Import Result ID: 'a55811f286769966cbd0c8494775497c') in 0.025 seconds [static and dynamic dependencies]. Details - ImportResultOutputID=bef6b3c06efbf76d01f4bcd534c18b25 DependenciesID=f687bec462643a48d23329c20cae78cf StaticDependenciesID=7fcd9eae7d666f215d077fa8e9581a65 
Number of updated asset objects reloaded before import = 0
Number of asset objects unloaded after import = 1
========================================================================
Received Import Request.
  Time of request: 2026-10-06T13:04:36.4231184Z
  Time since last request: 0.0009217 seconds.
  importAddress: GUID: 322fac43c5b329241893ee794cfc2148 - Path: Assets/Menus/level-background.jpg - Importer: ScriptedImporter/UnityEditor.QuickSearchModule:UnityEditor.Search:ASIAI0B
Importing 'GUID: 322fac43c5b329241893ee794cfc2148 - Path: Assets/Menus/level-background.jpg - Importer: ScriptedImporter/UnityEditor.QuickSearchModule:UnityEditor.Search:ASIAI0B' with importer (ScriptedImporter : UnityEditor.QuickSearchModule:UnityEditor.Search:ASIAI0B)
Imported 'GUID: 322fac43c5b329241893ee794cfc2148' -> (Import Result ID: 'c6e8dcaf44c8084429e0c988e9103f05') in 0.021 seconds [static and dynamic dependencies]. Details - ImportResultOutputID=79f7ea4f26da5453a950b47a2390c2f6 DependenciesID=3067a90eb412b820180b275c3bb8d19e StaticDependenciesID=c5f32741566112c38fcd6dd14a352338 
Number of updated asset objects reloaded before import = 0
Number of asset objects unloaded after import = 3
========================================================================
Received Import Request.
  Time of request: 2026-10-06T13:04:36.4449215Z
  Time since last request: 0.0006394 seconds.
  importAddress: GUID: fd31fc83e50ba1d4da1d707d6d113586 - Path: Assets/Prefabs/ExplosionEffect.prefab - Importer: ScriptedImporter/UnityEditor.QuickSearchModule:UnityEditor.Search:ASIAI0B
Importing 'GUID: fd31fc83e50ba1d4da1d707d6d113586 - Path: Assets/Prefabs/ExplosionEffect.prefab - Importer: ScriptedImporter/UnityEditor.QuickSearchModule:UnityEditor.Search:ASIAI0B' with importer (ScriptedImporter : UnityEditor.QuickSearchModule:UnityEditor.Search:ASIAI0B)
Serialized files [version 17] before 2019.1 are deprecated. Open and re-save the file: "Assets/Prefabs/ExplosionEffect.prefab"
UnityEngine.Debug:ExtractStackTraceNoAlloc (byte*,int,string)
UnityEngine.StackTraceUtility:ExtractStackTrace ()
UnityEditor.AssetDatabase:GetDependencies (string,bool)
UnityEditor.Search.AssetIndexer:IndexDependencies (int&,string&)
UnityEditor.Search.AssetIndexer:IndexDocument (string,bool)
UnityEditor.Search.SearchIndexArtifactImporter:OnImportAsset (UnityEditor.AssetImporters.AssetImportContext)
UnityEditor.AssetImporters.ScriptedImporter:GenerateAssetData (UnityEditor.AssetImporters.AssetImportContext)

[C:\build\output\unity\unity\Runtime\Serialize\SerializedFile.cpp line 835]

Imported 'GUID: fd31fc83e50ba1d4da1d707d6d113586' -> (Import Result ID: 'cebdbe12f009342700fac92cce1c5170') in 0.090 seconds [static and dynamic dependencies]. Details - ImportResultOutputID=b14c471d68354a2f4cf1171ac6308114 DependenciesID=b1ab37afca5afa5addd9f0bc57eb0426 StaticDependenciesID=166a0a5ca51b351129f7ded194e6c309 
Number of updated asset objects reloaded before import = 0
Number of asset objects unloaded after import = 12
========================================================================
Received Import Request.
  Time of request: 2026-10-06T13:04:36.535741Z
  Time since last request: 0.0003913 seconds.
  importAddress: GUID: 29fae840732b9644493b9e7362df7b1c - Path: Assets/Materials/Grass.mat - Importer: ScriptedImporter/UnityEditor.QuickSearchModule:UnityEditor.Search:ASIAI0B
Importing 'GUID: 29fae840732b9644493b9e7362df7b1c - Path: Assets/Materials/Grass.mat - Importer: ScriptedImporter/UnityEditor.QuickSearchModule:UnityEditor.Search:ASIAI0B' with importer (ScriptedImporter : UnityEditor.QuickSearchModule:UnityEditor.Search:ASIAI0B)
Imported 'GUID: 29fae840732b9644493b9e7362df7b1c' -> (Import Result ID: '015d1e6156b06609310ea385599a29ce') in 0.009 seconds [static and dynamic dependencies]. Details - ImportResultOutputID=5fad5f2bc6f04a6b6a9ef18bcf3b0e76 DependenciesID=02d033819a5e20ee33304fe3627895f7 StaticDependenciesID=a2b09d0b6c9a521c62f1e3e4bea5ba9c 
Number of updated asset objects reloaded before import = 0
Number of asset objects unloaded after import = 1
========================================================================
Received Import Request.
  Time of request: 2026-10-06T13:04:36.5460493Z
  Time since last request: 0.0009358 seconds.
  importAddress: GUID: 7e52c4e619b374b40bf840926e738d6a - Path: Assets/Images/RemovableTile_Material.png - Importer: ScriptedImporter/UnityEditor.QuickSearchModule:UnityEditor.Search:ASIAI0B
Importing 'GUID: 7e52c4e619b374b40bf840926e738d6a - Path: Assets/Images/RemovableTile_Material.png - Importer: ScriptedImporter/UnityEditor.QuickSearchModule:UnityEditor.Search:ASIAI0B' with importer (ScriptedImporter : UnityEditor.QuickSearchModule:UnityEditor.Search:ASIAI0B)
Imported 'GUID: 7e52c4e619b374b40bf840926e738d6a' -> (Import Result ID: '77c005608074b3ec7c68b18e6d40226f') in 0.015 seconds [static and dynamic dependencies]. Details - ImportResultOutputID=2fde97aaf4edfbcb957b0f08750e3193 DependenciesID=ae1efe7c4de1b1c5ba2c1c2539dcf834 StaticDependenciesID=129446fe141b1dd93ab3f69e142805ea 
Number of updated asset objects reloaded before import = 0
Number of asset objects unloaded after import = 1
========================================================================
Received Import Request.
  Time of request: 2026-10-06T13:04:36.5622729Z
  Time since last request: 0.0005869 seconds.
  importAddress: GUID: b7a4d9db044b28d468177fcbceeafd55 - Path: Assets/Animations/RepellingArrows.controller - Importer: ScriptedImporter/UnityEditor.QuickSearchModule:UnityEditor.Search:ASIAI0B
Importing 'GUID: b7a4d9db044b28d468177fcbceeafd55 - Path: Assets/Animations/RepellingArrows.controller - Importer: ScriptedImporter/UnityEditor.QuickSearchModule:UnityEditor.Search:ASIAI0B' with importer (ScriptedImporter : UnityEditor.QuickSearchModule:UnityEditor.Search:ASIAI0B)
Imported 'GUID: b7a4d9db044b28d468177fcbceeafd55' -> (Import Result ID: '4d8d68a7ebcc855ea5c3c23e6ee6f7bd') in 0.009 seconds [static and dynamic dependencies]. Details - ImportResultOutputID=152229fea42b804434348707c306e362 DependenciesID=69d32e03070ea54339c6f24ee199758c StaticDependenciesID=ff489de5f1812d2c33374a9d013b7137 
Number of updated asset objects reloaded before import = 0
Number of asset objects unloaded after import = 4
========================================================================
Received Import Request.
  Time of request: 2026-10-06T13:04:36.5726797Z
  Time since last request: 0.000696 seconds.
  importAddress: GUID: ae40216a01bfa164eb3d30dca141f266 - Path: Assets/Prefabs/LevelSelectButton.prefab - Importer: ScriptedImporter/UnityEditor.QuickSearchModule:UnityEditor.Search:ASIAI0B
Importing 'GUID: ae40216a01bfa164eb3d30dca141f266 - Path: Assets/Prefabs/LevelSelectButton.prefab - Importer: ScriptedImporter/UnityEditor.QuickSearchModule:UnityEditor.Search:ASIAI0B' with importer (ScriptedImporter : UnityEditor.QuickSearchModule:UnityEditor.Search:ASIAI0B)
Serialized files [version 17] before 2019.1 are deprecated. Open and re-save the file: "Assets/Prefabs/LevelSelectButton.prefab"
UnityEngine.Debug:ExtractStackTraceNoAlloc (byte*,int,string)
UnityEngine.StackTraceUtility:ExtractStackTrace ()
UnityEditor.AssetDatabase:GetDependencies (string,bool)
UnityEditor.Search.AssetIndexer:IndexDependencies (int&,string&)
UnityEditor.Search.AssetIndexer:IndexDocument (string,bool)
UnityEditor.Search.SearchIndexArtifactImporter:OnImportAsset (UnityEditor.AssetImporters.AssetImportContext)
UnityEditor.AssetImporters.ScriptedImporter:GenerateAssetData (UnityEditor.AssetImporters.AssetImportContext)

[C:\build\output\unity\unity\Runtime\Serialize\SerializedFile.cpp line 835]

Imported 'GUID: ae40216a01bfa164eb3d30dca141f266' -> (Import Result ID: '30e785b01d68d9912214bd56ecc36a72') in 0.053 seconds [static and dynamic dependencies]. Details - ImportResultOutputID=a4023ee4579b76e87cffff0aa0ac3d88 DependenciesID=000f6b85b3f29bff516b26cf2801e6e6 StaticDependenciesID=00f913889b71e502457c8b5bc25cfc25 
Number of updated asset objects reloaded before import = 0
Number of asset objects unloaded after import = 10
========================================================================
Received Import Request.
  Time of request: 2026-10-06T13:04:36.6265661Z
  Time since last request: 0.0005446 seconds.
  importAddress: GUID: 8a646ed3079c7b04890890bcd6fd3d0f - Path: Assets/Images/NormalTile_Material.png - Importer: ScriptedImporter/UnityEditor.QuickSearchModule:UnityEditor.Search:ASIAI0B
Importing 'GUID: 8a646ed3079c7b04890890bcd6fd3d0f - Path: Assets/Images/NormalTile_Material.png - Importer: ScriptedImporter/UnityEditor.QuickSearchModule:UnityEditor.Search:ASIAI0B' with importer (ScriptedImporter : UnityEditor.QuickSearchModule:UnityEditor.Search:ASIAI0B)
Imported 'GUID: 8a646ed3079c7b04890890bcd6fd3d0f' -> (Import Result ID: 'b53f4f1f22ae2ba45303f49c3e094ba9') in 0.012 seconds [static and dynamic dependencies]. Details - ImportResultOutputID=969e223151511ca23ebfbc40c119c6d2 DependenciesID=472d1781c972630a2292c8da1ccbf125 StaticDependenciesID=03a7f1f8d9f572b50c96fd2a8b52fb6b 
Number of updated asset objects reloaded before import = 0
Number of asset objects unloaded after import = 1
========================================================================
Received Import Request.
  Time of request: 2026-10-06T13:04:36.6400465Z
  Time since last request: 0.0007762 seconds.
  importAddress: GUID: fc12468e53011d7439a2f07fe2520d6c - Path: Assets/Menus/menu-button-play.png - Importer: ScriptedImporter/UnityEditor.QuickSearchModule:UnityEditor.Search:ASIAI0B
Importing 'GUID: fc12468e53011d7439a2f07fe2520d6c - Path: Assets/Menus/menu-button-play.png - Importer: ScriptedImporter/UnityEditor.QuickSearchModule:UnityEditor.Search:ASIAI0B' with importer (ScriptedImporter : UnityEditor.QuickSearchModule:UnityEditor.Search:ASIAI0B)
Imported 'GUID: fc12468e53011d7439a2f07fe2520d6c' -> (Import Result ID: '0ee843b1b3110b0702f923442d184615') in 0.018 seconds [static and dynamic dependencies]. Details - ImportResultOutputID=c1f38de58957f4f43d2f6f986b9e0380 DependenciesID=ba1fa11f09a7df92e40d7bb1c18905e8 StaticDependenciesID=069a8203829dff44c1ef19ce31e6854f 
Number of updated asset objects reloaded before import = 0
Number of asset objects unloaded after import = 3
========================================================================
Received Import Request.
  Time of request: 2026-10-06T13:04:36.6586784Z
  Time since last request: 0.0006081 seconds.
  importAddress: GUID: 8e53efadf1b59a9459fd70681dc9c84b - Path: Assets/Menus/menu-button-continue-hover.png - Importer: ScriptedImporter/UnityEditor.QuickSearchModule:UnityEditor.Search:ASIAI0B
Importing 'GUID: 8e53efadf1b59a9459fd70681dc9c84b - Path: Assets/Menus/menu-button-continue-hover.png - Importer: ScriptedImporter/UnityEditor.QuickSearchModule:UnityEditor.Search:ASIAI0B' with importer (ScriptedImporter : UnityEditor.QuickSearchModule:UnityEditor.Search:ASIAI0B)
Imported 'GUID: 8e53efadf1b59a9459fd70681dc9c84b' -> (Import Result ID: '13c0811fd4c31e387c33d4bb4bd0993e') in 0.017 seconds [static and dynamic dependencies]. Details - ImportResultOutputID=3ba438e6a7e5277fa03c1f319c3294e1 DependenciesID=d5650fc22a07fc96b7a692551777c5a2 StaticDependenciesID=c6d248c4a75669d75cd3cacc563b4847 
Number of updated asset objects reloaded before import = 0
Number of asset objects unloaded after import = 3
========================================================================
Received Import Request.
  Time of request: 2026-10-06T13:04:36.6764116Z
  Time since last request: 0.0005846 seconds.
  importAddress: GUID: c91e4e0a4cd5b484e8767ab109026ae5 - Path: Assets/Menus/menu-title.jpg - Importer: ScriptedImporter/UnityEditor.QuickSearchModule:UnityEditor.Search:ASIAI0B
Importing 'GUID: c91e4e0a4cd5b484e8767ab109026ae5 - Path: Assets/Menus/menu-title.jpg - Importer: ScriptedImporter/UnityEditor.QuickSearchModule:UnityEditor.Search:ASIAI0B' with importer (ScriptedImporter : UnityEditor.QuickSearchModule:UnityEditor.Search:ASIAI0B)
Imported 'GUID: c91e4e0a4cd5b484e8767ab109026ae5' -> (Import Result ID: '3abd2bca36c1cf79a8015ff92b1df17a') in 0.014 seconds [static and dynamic dependencies]. Details - ImportResultOutputID=786784101db007cb52a3d0cd64a0b799 DependenciesID=778e4914fa743eb9caf75183773a069e StaticDependenciesID=12b326fbe98b08ef444827efcd8fa903 
Number of updated asset objects reloaded before import = 0
Number of asset objects unloaded after import = 3
========================================================================
Received Import Request.
  Time of request: 2026-10-06T13:04:36.6911159Z
  Time since last request: 0.0005386 seconds.
  importAddress: GUID: 894be4164f05cc64b90a8ce45825eccc - Path: Assets/Blender/tile.blend - Importer: ScriptedImporter/UnityEditor.QuickSearchModule:UnityEditor.Search:ASIAI0B
Importing 'GUID: 894be4164f05cc64b90a8ce45825eccc - Path: Assets/Blender/tile.blend - Importer: ScriptedImporter/UnityEditor.QuickSearchModule:UnityEditor.Search:ASIAI0B' with importer (ScriptedImporter : UnityEditor.QuickSearchModule:UnityEditor.Search:ASIAI0B)
Imported 'GUID: 894be4164f05cc64b90a8ce45825eccc' -> (Import Result ID: '9b1d53cf16734350be8c67a9eb7cb526') in 0.010 seconds [static and dynamic dependencies]. Details - ImportResultOutputID=fc341ca549ac836ef26b29a0288a7f2b DependenciesID=2fb8f8a37953f8688b279c92ccd3015c StaticDependenciesID=7a81b5b9de3b244f25570360f37cc8f9 
Number of updated asset objects reloaded before import = 0
Number of asset objects unloaded after import = 1
========================================================================
Received Import Request.
  Time of request: 2026-10-06T13:04:36.7023653Z
  Time since last request: 0.0006114 seconds.
  importAddress: GUID: b3baaa63274156e42a7a353bf5140852 - Path: Assets/Prefabs/GameManager.prefab - Importer: ScriptedImporter/UnityEditor.QuickSearchModule:UnityEditor.Search:ASIAI0B
Importing 'GUID: b3baaa63274156e42a7a353bf5140852 - Path: Assets/Prefabs/GameManager.prefab - Importer: ScriptedImporter/UnityEditor.QuickSearchModule:UnityEditor.Search:ASIAI0B' with importer (ScriptedImporter : UnityEditor.QuickSearchModule:UnityEditor.Search:ASIAI0B)
Serialized files [version 17] before 2019.1 are deprecated. Open and re-save the file: "Assets/Prefabs/GameManager.prefab"
UnityEngine.Debug:ExtractStackTraceNoAlloc (byte*,int,string)
UnityEngine.StackTraceUtility:ExtractStackTrace ()
UnityEditor.AssetDatabase:GetDependencies (string,bool)
UnityEditor.Search.AssetIndexer:IndexDependencies (int&,string&)
UnityEditor.Search.AssetIndexer:IndexDocument (string,bool)
UnityEditor.Search.SearchIndexArtifactImporter:OnImportAsset (UnityEditor.AssetImporters.AssetImportContext)
UnityEditor.AssetImporters.ScriptedImporter:GenerateAssetData (UnityEditor.AssetImporters.AssetImportContext)

[C:\build\output\unity\unity\Runtime\Serialize\SerializedFile.cpp line 835]

Imported 'GUID: b3baaa63274156e42a7a353bf5140852' -> (Import Result ID: 'd7973205ea10383c74ac14c3a058b405') in 0.839 seconds [static and dynamic dependencies]. Details - ImportResultOutputID=745219e838ad0b4a23bea6743d43f8c1 DependenciesID=43b179c1809dfdeae3dcc2fc6db6603e StaticDependenciesID=44f2d66561262b1d94560d9b0f8f6565 
Number of updated asset objects reloaded before import = 0
Number of asset objects unloaded after import = 8
========================================================================
Received Import Request.
  Time of request: 2026-10-06T13:04:37.5465079Z
  Time since last request: 0.0000418 seconds.
  importAddress: GUID: 28a97c36d085cf245a4cf07b5e50b3da - Path: Assets/Animations/TileHidden.anim - Importer: ScriptedImporter/UnityEditor.QuickSearchModule:UnityEditor.Search:ASIAI0B
Importing 'GUID: 28a97c36d085cf245a4cf07b5e50b3da - Path: Assets/Animations/TileHidden.anim - Importer: ScriptedImporter/UnityEditor.QuickSearchModule:UnityEditor.Search:ASIAI0B' with importer (ScriptedImporter : UnityEditor.QuickSearchModule:UnityEditor.Search:ASIAI0B)
Imported 'GUID: 28a97c36d085cf245a4cf07b5e50b3da' -> (Import Result ID: 'e749f6d12c606a2b8bad87c56f802b1a') in 0.011 seconds [static and dynamic dependencies]. Details - ImportResultOutputID=7fa98383d133687736f5fbf1e5aa6331 DependenciesID=c505b168999b389411fa19bf109cb1e1 StaticDependenciesID=e4d2bc90c616e263c7f9b83c71e668d6 
Number of updated asset objects reloaded before import = 0
Number of asset objects unloaded after import = 1
========================================================================
Received Import Request.
  Time of request: 2026-10-06T13:04:37.5587492Z
  Time since last request: 0.0004963 seconds.
  importAddress: GUID: 8af93c6d4f0127a41adfa5c936d38090 - Path: Assets/Prefabs/Spikeball.prefab - Importer: ScriptedImporter/UnityEditor.QuickSearchModule:UnityEditor.Search:ASIAI0B
Importing 'GUID: 8af93c6d4f0127a41adfa5c936d38090 - Path: Assets/Prefabs/Spikeball.prefab - Importer: ScriptedImporter/UnityEditor.QuickSearchModule:UnityEditor.Search:ASIAI0B' with importer (ScriptedImporter : UnityEditor.QuickSearchModule:UnityEditor.Search:ASIAI0B)
Serialized files [version 17] before 2019.1 are deprecated. Open and re-save the file: "Assets/Prefabs/Spikeball.prefab"
UnityEngine.Debug:ExtractStackTraceNoAlloc (byte*,int,string)
UnityEngine.StackTraceUtility:ExtractStackTrace ()
UnityEditor.AssetDatabase:GetDependencies (string,bool)
UnityEditor.Search.AssetIndexer:IndexDependencies (int&,string&)
UnityEditor.Search.AssetIndexer:IndexDocument (string,bool)
UnityEditor.Search.SearchIndexArtifactImporter:OnImportAsset (UnityEditor.AssetImporters.AssetImportContext)
UnityEditor.AssetImporters.ScriptedImporter:GenerateAssetData (UnityEditor.AssetImporters.AssetImportContext)

[C:\build\output\unity\unity\Runtime\Serialize\SerializedFile.cpp line 835]

Imported 'GUID: 8af93c6d4f0127a41adfa5c936d38090' -> (Import Result ID: 'c1b5fa62f41b1db318434683a3bbceb2') in 0.038 seconds [static and dynamic dependencies]. Details - ImportResultOutputID=9558c6447d58307a3d911160151d0062 DependenciesID=d639319bbbcf9cbf4206ff31a9a9f14d StaticDependenciesID=748cb0b88b35397ce4f17c4dc4cd88d8 
Number of updated asset objects reloaded before import = 0
Number of asset objects unloaded after import = 44
========================================================================
Received Import Request.
  Time of request: 2026-10-06T13:04:37.5981581Z
  Time since last request: 0.0000384 seconds.
  importAddress: GUID: c60ce98e8ac60d44b86105973f4412f6 - Path: Assets/Blender/portal.blend - Importer: ScriptedImporter/UnityEditor.QuickSearchModule:UnityEditor.Search:ASIAI0B
Importing 'GUID: c60ce98e8ac60d44b86105973f4412f6 - Path: Assets/Blender/portal.blend - Importer: ScriptedImporter/UnityEditor.QuickSearchModule:UnityEditor.Search:ASIAI0B' with importer (ScriptedImporter : UnityEditor.QuickSearchModule:UnityEditor.Search:ASIAI0B)
Imported 'GUID: c60ce98e8ac60d44b86105973f4412f6' -> (Import Result ID: '2e413e75272775c9844fa7b5c3ab6527') in 0.011 seconds [static and dynamic dependencies]. Details - ImportResultOutputID=77faa2055251ee8ba8604738246807f3 DependenciesID=a63403baca8a1ac71776508ce0a3cbc2 StaticDependenciesID=79031a8f909f157c83f298232c1c706c 
Number of updated asset objects reloaded before import = 0
Number of asset objects unloaded after import = 1
========================================================================
Received Import Request.
  Time of request: 2026-10-06T13:04:37.610424Z
  Time since last request: 0.0005399 seconds.
  importAddress: GUID: bf3595af0fe59cf478537bff69555249 - Path: Assets/Prefabs/DeathPlane.prefab - Importer: ScriptedImporter/UnityEditor.QuickSearchModule:UnityEditor.Search:ASIAI0B
Importing 'GUID: bf3595af0fe59cf478537bff69555249 - Path: Assets/Prefabs/DeathPlane.prefab - Importer: ScriptedImporter/UnityEditor.QuickSearchModule:UnityEditor.Search:ASIAI0B' with importer (ScriptedImporter : UnityEditor.QuickSearchModule:UnityEditor.Search:ASIAI0B)
Serialized files [version 17] before 2019.1 are deprecated. Open and re-save the file: "Assets/Prefabs/DeathPlane.prefab"
UnityEngine.Debug:ExtractStackTraceNoAlloc (byte*,int,string)
UnityEngine.StackTraceUtility:ExtractStackTrace ()
UnityEditor.AssetDatabase:GetDependencies (string,bool)
UnityEditor.Search.AssetIndexer:IndexDependencies (int&,string&)
UnityEditor.Search.AssetIndexer:IndexDocument (string,bool)
UnityEditor.Search.SearchIndexArtifactImporter:OnImportAsset (UnityEditor.AssetImporters.AssetImportContext)
UnityEditor.AssetImporters.ScriptedImporter:GenerateAssetData (UnityEditor.AssetImporters.AssetImportContext)

[C:\build\output\unity\unity\Runtime\Serialize\SerializedFile.cpp line 835]

Imported 'GUID: bf3595af0fe59cf478537bff69555249' -> (Import Result ID: 'b7102e729c7183f00238e7b7bc069e55') in 0.018 seconds [static and dynamic dependencies]. Details - ImportResultOutputID=426cb44334daa6151c587ca1a80912c0 DependenciesID=c9a72025ce1dbc98d0799ca792eac3f2 StaticDependenciesID=35f0895280c293144931c71a02323aef 
Number of updated asset objects reloaded before import = 0
Number of asset objects unloaded after import = 8
========================================================================
Received Import Request.
  Time of request: 2026-10-06T13:04:37.629477Z
  Time since last request: 0.000518 seconds.
  importAddress: GUID: cb39ca0fe32d25b44ad0fd7f32b9c3ff - Path: Assets/Menus/win.jpg - Importer: ScriptedImporter/UnityEditor.QuickSearchModule:UnityEditor.Search:ASIAI0B
Importing 'GUID: cb39ca0fe32d25b44ad0fd7f32b9c3ff - Path: Assets/Menus/win.jpg - Importer: ScriptedImporter/UnityEditor.QuickSearchModule:UnityEditor.Search:ASIAI0B' with importer (ScriptedImporter : UnityEditor.QuickSearchModule:UnityEditor.Search:ASIAI0B)
Imported 'GUID: cb39ca0fe32d25b44ad0fd7f32b9c3ff' -> (Import Result ID: '9e327e9bac558d442b65d0a12476dd3b') in 0.020 seconds [static and dynamic dependencies]. Details - ImportResultOutputID=c60b6491aada48ffd4bfa1d5952f1e06 DependenciesID=579aa103b152dc93ad5c5e513e287217 StaticDependenciesID=15b3c9e9c10b7b16ad30d970000049c9 
Number of updated asset objects reloaded before import = 0
Number of asset objects unloaded after import = 3
========================================================================
Received Import Request.
  Time of request: 2026-10-06T13:04:37.650697Z
  Time since last request: 0.0006611 seconds.
  importAddress: GUID: c820e71be7201eb449cec1547d5732d1 - Path: Assets/Menus/logo.png - Importer: ScriptedImporter/UnityEditor.QuickSearchModule:UnityEditor.Search:ASIAI0B
Importing 'GUID: c820e71be7201eb449cec1547d5732d1 - Path: Assets/Menus/logo.png - Importer: ScriptedImporter/UnityEditor.QuickSearchModule:UnityEditor.Search:ASIAI0B' with importer (ScriptedImporter : UnityEditor.QuickSearchModule:UnityEditor.Search:ASIAI0B)
Imported 'GUID: c820e71be7201eb449cec1547d5732d1' -> (Import Result ID: '2b9e570ad4e49fd35eda831cf815c9a6') in 0.014 seconds [static and dynamic dependencies]. Details - ImportResultOutputID=765dc36c4f1fedca247a9199568f45a3 DependenciesID=454f9da98067ffa8412e93499f633813 StaticDependenciesID=7aaedfab7b6a33ab5b3f503ace7ca9f5 
Number of updated asset objects reloaded before import = 0
Number of asset objects unloaded after import = 3
========================================================================
Received Import Request.
  Time of request: 2026-10-06T13:04:37.6661743Z
  Time since last request: 0.0005283 seconds.
  importAddress: GUID: 6c62cde9624e11c4b86061dd31124c51 - Path: Assets/Animations/TileDissapears.anim - Importer: ScriptedImporter/UnityEditor.QuickSearchModule:UnityEditor.Search:ASIAI0B
Importing 'GUID: 6c62cde9624e11c4b86061dd31124c51 - Path: Assets/Animations/TileDissapears.anim - Importer: ScriptedImporter/UnityEditor.QuickSearchModule:UnityEditor.Search:ASIAI0B' with importer (ScriptedImporter : UnityEditor.QuickSearchModule:UnityEditor.Search:ASIAI0B)
Imported 'GUID: 6c62cde9624e11c4b86061dd31124c51' -> (Import Result ID: '9c71c1938ae6202ba65d559299bbe486') in 0.009 seconds [static and dynamic dependencies]. Details - ImportResultOutputID=be1b716a374e7616ee57b3bd522c0b9b DependenciesID=f0883d92e1be9052ab7a90cc23efbc98 StaticDependenciesID=286363a3b5b73f6ea24d7e7f6e3b30cc 
Number of updated asset objects reloaded before import = 0
Number of asset objects unloaded after import = 1
========================================================================
Received Import Request.
  Time of request: 2026-10-06T13:04:37.6758777Z
  Time since last request: 0.0006133 seconds.
  importAddress: GUID: 46177c09afd7d7645b56d398693a6e2e - Path: Assets/Menus/menu-button-restart-hover.png - Importer: ScriptedImporter/UnityEditor.QuickSearchModule:UnityEditor.Search:ASIAI0B
Importing 'GUID: 46177c09afd7d7645b56d398693a6e2e - Path: Assets/Menus/menu-button-restart-hover.png - Importer: ScriptedImporter/UnityEditor.QuickSearchModule:UnityEditor.Search:ASIAI0B' with importer (ScriptedImporter : UnityEditor.QuickSearchModule:UnityEditor.Search:ASIAI0B)
Imported 'GUID: 46177c09afd7d7645b56d398693a6e2e' -> (Import Result ID: '66ca907fa8be4ac6f68f51a791beb656') in 0.014 seconds [static and dynamic dependencies]. Details - ImportResultOutputID=8dd11f451dc8d6c1254fc6193f3bccae DependenciesID=120aef11da3d5cb51984a7c0a1a26af5 StaticDependenciesID=c9bc9ede6b7f9827cc7d8239a76197d3 
Number of updated asset objects reloaded before import = 0
Number of asset objects unloaded after import = 3
========================================================================
Received Import Request.
  Time of request: 2026-10-06T13:04:37.6911999Z
  Time since last request: 0.0006325 seconds.
  importAddress: GUID: 026cdf95d078bdf4d999b55d0c85b6ac - Path: Assets/Menus/logo-icon.png - Importer: ScriptedImporter/UnityEditor.QuickSearchModule:UnityEditor.Search:ASIAI0B
Importing 'GUID: 026cdf95d078bdf4d999b55d0c85b6ac - Path: Assets/Menus/logo-icon.png - Importer: ScriptedImporter/UnityEditor.QuickSearchModule:UnityEditor.Search:ASIAI0B' with importer (ScriptedImporter : UnityEditor.QuickSearchModule:UnityEditor.Search:ASIAI0B)
Imported 'GUID: 026cdf95d078bdf4d999b55d0c85b6ac' -> (Import Result ID: '30a7e7dd8e196b6dcf83cf1630390dc5') in 0.017 seconds [static and dynamic dependencies]. Details - ImportResultOutputID=450ba8c1375b5e61a332700794c12cce DependenciesID=1aaf8bf8d43a46a3179c625289b6c303 StaticDependenciesID=f39199544263a73def843801024a0ac4 
Number of updated asset objects reloaded before import = 0
Number of asset objects unloaded after import = 3
========================================================================
Received Import Request.
  Time of request: 2026-10-06T13:04:37.7092166Z
  Time since last request: 0.0005541 seconds.
  importAddress: GUID: 4dbd3eb676ea54d43953b2ea6e59f2f5 - Path: Assets/Blender/spikeball.blend - Importer: ScriptedImporter/UnityEditor.QuickSearchModule:UnityEditor.Search:ASIAI0B
Importing 'GUID: 4dbd3eb676ea54d43953b2ea6e59f2f5 - Path: Assets/Blender/spikeball.blend - Importer: ScriptedImporter/UnityEditor.QuickSearchModule:UnityEditor.Search:ASIAI0B' with importer (ScriptedImporter : UnityEditor.QuickSearchModule:UnityEditor.Search:ASIAI0B)
Imported 'GUID: 4dbd3eb676ea54d43953b2ea6e59f2f5' -> (Import Result ID: '8661b320e7a2fe595db6a8e495dc0e9e') in 0.012 seconds [static and dynamic dependencies]. Details - ImportResultOutputID=e1af20d57bb26b25f3c1b729020cb303 DependenciesID=312c2ccc3dc75b877a8b1b20941c0eda StaticDependenciesID=df2a67f48259bc809a17583eb4debf28 
Number of updated asset objects reloaded before import = 0
Number of asset objects unloaded after import = 1
========================================================================
Received Import Request.
  Time of request: 2026-10-06T13:04:37.7219098Z
  Time since last request: 0.0006345 seconds.
  importAddress: GUID: f6c29364267c4e843a52ff79952c4795 - Path: Assets/Menus/menu-button-restart.png - Importer: ScriptedImporter/UnityEditor.QuickSearchModule:UnityEditor.Search:ASIAI0B
Importing 'GUID: f6c29364267c4e843a52ff79952c4795 - Path: Assets/Menus/menu-button-restart.png - Importer: ScriptedImporter/UnityEditor.QuickSearchModule:UnityEditor.Search:ASIAI0B' with importer (ScriptedImporter : UnityEditor.QuickSearchModule:UnityEditor.Search:ASIAI0B)
Imported 'GUID: f6c29364267c4e843a52ff79952c4795' -> (Import Result ID: 'ed473df298a7f320a3a5d20da2130311') in 0.016 seconds [static and dynamic dependencies]. Details - ImportResultOutputID=d9e01cd5ae49be4de9692d5ffb12ef4f DependenciesID=3dfab36442eae01fbe1b6f54e9e7f143 StaticDependenciesID=defae1ae3ccf8814d5f35feb37985352 
Number of updated asset objects reloaded before import = 0
Number of asset objects unloaded after import = 3
========================================================================
Received Import Request.
  Time of request: 2026-10-06T13:04:37.7389188Z
  Time since last request: 0.0005796 seconds.
  importAddress: GUID: 9cc5674f628f9674b8939171c5c8ad49 - Path: Assets/Prefabs/MenuMusic.prefab - Importer: ScriptedImporter/UnityEditor.QuickSearchModule:UnityEditor.Search:ASIAI0B
Importing 'GUID: 9cc5674f628f9674b8939171c5c8ad49 - Path: Assets/Prefabs/MenuMusic.prefab - Importer: ScriptedImporter/UnityEditor.QuickSearchModule:UnityEditor.Search:ASIAI0B' with importer (ScriptedImporter : UnityEditor.QuickSearchModule:UnityEditor.Search:ASIAI0B)
Serialized files [version 17] before 2019.1 are deprecated. Open and re-save the file: "Assets/Prefabs/MenuMusic.prefab"
UnityEngine.Debug:ExtractStackTraceNoAlloc (byte*,int,string)
UnityEngine.StackTraceUtility:ExtractStackTrace ()
UnityEditor.AssetDatabase:GetDependencies (string,bool)
UnityEditor.Search.AssetIndexer:IndexDependencies (int&,string&)
UnityEditor.Search.AssetIndexer:IndexDocument (string,bool)
UnityEditor.Search.SearchIndexArtifactImporter:OnImportAsset (UnityEditor.AssetImporters.AssetImportContext)
UnityEditor.AssetImporters.ScriptedImporter:GenerateAssetData (UnityEditor.AssetImporters.AssetImportContext)

[C:\build\output\unity\unity\Runtime\Serialize\SerializedFile.cpp line 835]

Imported 'GUID: 9cc5674f628f9674b8939171c5c8ad49' -> (Import Result ID: '78727e9c514a9026077db68b1a201026') in 0.137 seconds [static and dynamic dependencies]. Details - ImportResultOutputID=66dc3a39ba68ae0551357db99f5edb59 DependenciesID=4620781c0b49dcfc009fe978f54e9ffa StaticDependenciesID=b45b0e309b8d121ce8038323269cc71a 
Number of updated asset objects reloaded before import = 0
Number of asset objects unloaded after import = 6
========================================================================
Received Import Request.
  Time of request: 2026-10-06T13:04:37.8773176Z
  Time since last request: 0.000489 seconds.
  importAddress: GUID: d43c5fb2c7b721247b9c684e4406aa65 - Path: Assets/Menus/menu-button-exit.png - Importer: ScriptedImporter/UnityEditor.QuickSearchModule:UnityEditor.Search:ASIAI0B
Importing 'GUID: d43c5fb2c7b721247b9c684e4406aa65 - Path: Assets/Menus/menu-button-exit.png - Importer: ScriptedImporter/UnityEditor.QuickSearchModule:UnityEditor.Search:ASIAI0B' with importer (ScriptedImporter : UnityEditor.QuickSearchModule:UnityEditor.Search:ASIAI0B)
Imported 'GUID: d43c5fb2c7b721247b9c684e4406aa65' -> (Import Result ID: 'b6febd8895c835d4ab4dfeb1d3e8bd06') in 0.018 seconds [static and dynamic dependencies]. Details - ImportResultOutputID=dabacc586d7fdd215bccdcab863c0588 DependenciesID=7d17e0239eec89f014e158d00a698fde StaticDependenciesID=039f56a8d9d980db3dee96e9cc7e5147 
Number of updated asset objects reloaded before import = 0
Number of asset objects unloaded after import = 3
========================================================================
Received Import Request.
  Time of request: 2026-10-06T13:04:37.8963397Z
  Time since last request: 0.0006346 seconds.
  importAddress: GUID: 2d1cb16f5201d7243a8c18ee920ae4d5 - Path: Assets/Menus/menu-button-menu.png - Importer: ScriptedImporter/UnityEditor.QuickSearchModule:UnityEditor.Search:ASIAI0B
Importing 'GUID: 2d1cb16f5201d7243a8c18ee920ae4d5 - Path: Assets/Menus/menu-button-menu.png - Importer: ScriptedImporter/UnityEditor.QuickSearchModule:UnityEditor.Search:ASIAI0B' with importer (ScriptedImporter : UnityEditor.QuickSearchModule:UnityEditor.Search:ASIAI0B)
Imported 'GUID: 2d1cb16f5201d7243a8c18ee920ae4d5' -> (Import Result ID: '8341d383c502304f71fd8f4b5522f1b8') in 0.022 seconds [static and dynamic dependencies]. Details - ImportResultOutputID=c9bce0cfe74fe3e56918a018c5c69ba1 DependenciesID=bc0e9995980827924373f5170efc5a36 StaticDependenciesID=bcb9037228481ac1f39c7b350171279d 
Number of updated asset objects reloaded before import = 0
Number of asset objects unloaded after import = 3
========================================================================
Received Import Request.
  Time of request: 2026-10-06T13:04:37.9195327Z
  Time since last request: 0.0007238 seconds.
  importAddress: GUID: 308a49733d634bd4fb854bdd0e31c9bd - Path: Assets/Blender/crate-spawner.blend - Importer: ScriptedImporter/UnityEditor.QuickSearchModule:UnityEditor.Search:ASIAI0B
Importing 'GUID: 308a49733d634bd4fb854bdd0e31c9bd - Path: Assets/Blender/crate-spawner.blend - Importer: ScriptedImporter/UnityEditor.QuickSearchModule:UnityEditor.Search:ASIAI0B' with importer (ScriptedImporter : UnityEditor.QuickSearchModule:UnityEditor.Search:ASIAI0B)
Imported 'GUID: 308a49733d634bd4fb854bdd0e31c9bd' -> (Import Result ID: 'aea3311f2225f7c8acb4b460f8bb5e84') in 0.013 seconds [static and dynamic dependencies]. Details - ImportResultOutputID=2e2a7677ce13ee2a09a11742ed683029 DependenciesID=20531cfc11bd4a6e8cb4a0c3166a8be5 StaticDependenciesID=d49c1b0b3ee6754e20705846990370a6 
Number of updated asset objects reloaded before import = 0
Number of asset objects unloaded after import = 1
========================================================================
Received Import Request.
  Time of request: 2026-10-06T13:04:37.9332898Z
  Time since last request: 0.0007246 seconds.
  importAddress: GUID: ae2e8d4320c5d6d40a7e65ed3d14893d - Path: Assets/Menus/menu-button-continue.png - Importer: ScriptedImporter/UnityEditor.QuickSearchModule:UnityEditor.Search:ASIAI0B
Importing 'GUID: ae2e8d4320c5d6d40a7e65ed3d14893d - Path: Assets/Menus/menu-button-continue.png - Importer: ScriptedImporter/UnityEditor.QuickSearchModule:UnityEditor.Search:ASIAI0B' with importer (ScriptedImporter : UnityEditor.QuickSearchModule:UnityEditor.Search:ASIAI0B)
Imported 'GUID: ae2e8d4320c5d6d40a7e65ed3d14893d' -> (Import Result ID: 'c64bbff8359a0d06bf000cb4e34ad79d') in 0.021 seconds [static and dynamic dependencies]. Details - ImportResultOutputID=fc929d2a266321009b6fefb4eb754748 DependenciesID=f2bdb1336a0040e35389c9745ae65819 StaticDependenciesID=75f231d9b770857074bd6f03e2b7ae13 
Number of updated asset objects reloaded before import = 0
Number of asset objects unloaded after import = 3
========================================================================
Received Import Request.
  Time of request: 2026-10-06T13:04:37.9555312Z
  Time since last request: 0.0006998 seconds.
  importAddress: GUID: cddcba93b6134cb41bfe0ad3b8e2719f - Path: Assets/Editor/ResaveOldAssets.cs - Importer: ScriptedImporter/UnityEditor.QuickSearchModule:UnityEditor.Search:ASIAI0B
Importing 'GUID: cddcba93b6134cb41bfe0ad3b8e2719f - Path: Assets/Editor/ResaveOldAssets.cs - Importer: ScriptedImporter/UnityEditor.QuickSearchModule:UnityEditor.Search:ASIAI0B' with importer (ScriptedImporter : UnityEditor.QuickSearchModule:UnityEditor.Search:ASIAI0B)
Imported 'GUID: cddcba93b6134cb41bfe0ad3b8e2719f' -> (Import Result ID: 'a8c6dd8e5b75547de9a14a3ec07c2df5') in 0.009 seconds [static and dynamic dependencies]. Details - ImportResultOutputID=cc8c545e659039681a6cd4d38f300ed6 DependenciesID=cc82ef86f2c2b8bdb26dce86276a1d9a StaticDependenciesID=a423e35b72122e588bd55bd75ab5ac10 
Number of updated asset objects reloaded before import = 0
Number of asset objects unloaded after import = 0
========================================================================
Received Import Request.
  Time of request: 2026-10-06T13:04:37.9650144Z
  Time since last request: 0.0006332 seconds.
  importAddress: GUID: 540aed3ba45625b4a98b67eed328236a - Path: Assets/Prefabs/LevelMenuCanvas.prefab - Importer: ScriptedImporter/UnityEditor.QuickSearchModule:UnityEditor.Search:ASIAI0B
Importing 'GUID: 540aed3ba45625b4a98b67eed328236a - Path: Assets/Prefabs/LevelMenuCanvas.prefab - Importer: ScriptedImporter/UnityEditor.QuickSearchModule:UnityEditor.Search:ASIAI0B' with importer (ScriptedImporter : UnityEditor.QuickSearchModule:UnityEditor.Search:ASIAI0B)
Serialized files [version 17] before 2019.1 are deprecated. Open and re-save the file: "Assets/Prefabs/LevelMenuCanvas.prefab"
UnityEngine.Debug:ExtractStackTraceNoAlloc (byte*,int,string)
UnityEngine.StackTraceUtility:ExtractStackTrace ()
UnityEditor.AssetDatabase:GetDependencies (string,bool)
UnityEditor.Search.AssetIndexer:IndexDependencies (int&,string&)
UnityEditor.Search.AssetIndexer:IndexDocument (string,bool)
UnityEditor.Search.SearchIndexArtifactImporter:OnImportAsset (UnityEditor.AssetImporters.AssetImportContext)
UnityEditor.AssetImporters.ScriptedImporter:GenerateAssetData (UnityEditor.AssetImporters.AssetImportContext)

[C:\build\output\unity\unity\Runtime\Serialize\SerializedFile.cpp line 835]

Imported 'GUID: 540aed3ba45625b4a98b67eed328236a' -> (Import Result ID: 'b7d2fe9a365a21c80985ee7729568fb6') in 0.027 seconds [static and dynamic dependencies]. Details - ImportResultOutputID=762200d7d6dcc9dca1c23e79d254d0a0 DependenciesID=0b0313f79de714d0dd85d09e8709692b StaticDependenciesID=243061366cc1aa5fbcd84fa7549d34a8 
Number of updated asset objects reloaded before import = 0
Number of asset objects unloaded after import = 33
========================================================================
Received Import Request.
  Time of request: 2026-10-06T13:04:37.9933329Z
  Time since last request: 0.0003142 seconds.
  importAddress: GUID: 3c3c9e5a5847cb343887a0ba43977508 - Path: Assets/Animations/AttrackingArrows.controller - Importer: ScriptedImporter/UnityEditor.QuickSearchModule:UnityEditor.Search:ASIAI0B
Importing 'GUID: 3c3c9e5a5847cb343887a0ba43977508 - Path: Assets/Animations/AttrackingArrows.controller - Importer: ScriptedImporter/UnityEditor.QuickSearchModule:UnityEditor.Search:ASIAI0B' with importer (ScriptedImporter : UnityEditor.QuickSearchModule:UnityEditor.Search:ASIAI0B)
Imported 'GUID: 3c3c9e5a5847cb343887a0ba43977508' -> (Import Result ID: '9096d2e92ae50b611281e9053631fcb9') in 0.009 seconds [static and dynamic dependencies]. Details - ImportResultOutputID=bd7e2dba18cbed8389aa09870e660c99 DependenciesID=163827a62326aa6e53bce674a79c0625 StaticDependenciesID=2ced56ec149dd93c98869b3087b671b7 
Number of updated asset objects reloaded before import = 0
Number of asset objects unloaded after import = 4
========================================================================
Received Import Request.
  Time of request: 2026-10-06T13:04:38.0034841Z
  Time since last request: 0.0011629 seconds.
  importAddress: GUID: 90b27dac2fa60564796c70485e6597ce - Path: Assets/Images/LockedExitTile_Material.png - Importer: ScriptedImporter/UnityEditor.QuickSearchModule:UnityEditor.Search:ASIAI0B
Importing 'GUID: 90b27dac2fa60564796c70485e6597ce - Path: Assets/Images/LockedExitTile_Material.png - Importer: ScriptedImporter/UnityEditor.QuickSearchModule:UnityEditor.Search:ASIAI0B' with importer (ScriptedImporter : UnityEditor.QuickSearchModule:UnityEditor.Search:ASIAI0B)
Imported 'GUID: 90b27dac2fa60564796c70485e6597ce' -> (Import Result ID: '484b17d1394919e460d1208be8df3713') in 0.012 seconds [static and dynamic dependencies]. Details - ImportResultOutputID=9494c0558c0dfba87e85aaacf48717eb DependenciesID=d8480e5857463b26cfeccf6280abee76 StaticDependenciesID=bda418931573a8f720da1a25960e054f 
Number of updated asset objects reloaded before import = 0
Number of asset objects unloaded after import = 1
========================================================================
Received Import Request.
  Time of request: 2026-10-06T13:04:38.0165743Z
  Time since last request: 0.0008549 seconds.
  importAddress: GUID: 6dd865dbface5cd4c9387276bb88bb70 - Path: Assets/Prefabs/BackgroundCamera.prefab - Importer: ScriptedImporter/UnityEditor.QuickSearchModule:UnityEditor.Search:ASIAI0B
Importing 'GUID: 6dd865dbface5cd4c9387276bb88bb70 - Path: Assets/Prefabs/BackgroundCamera.prefab - Importer: ScriptedImporter/UnityEditor.QuickSearchModule:UnityEditor.Search:ASIAI0B' with importer (ScriptedImporter : UnityEditor.QuickSearchModule:UnityEditor.Search:ASIAI0B)
Serialized files [version 17] before 2019.1 are deprecated. Open and re-save the file: "Assets/Prefabs/BackgroundCamera.prefab"
UnityEngine.Debug:ExtractStackTraceNoAlloc (byte*,int,string)
UnityEngine.StackTraceUtility:ExtractStackTrace ()
UnityEditor.AssetDatabase:GetDependencies (string,bool)
UnityEditor.Search.AssetIndexer:IndexDependencies (int&,string&)
UnityEditor.Search.AssetIndexer:IndexDocument (string,bool)
UnityEditor.Search.SearchIndexArtifactImporter:OnImportAsset (UnityEditor.AssetImporters.AssetImportContext)
UnityEditor.AssetImporters.ScriptedImporter:GenerateAssetData (UnityEditor.AssetImporters.AssetImportContext)

[C:\build\output\unity\unity\Runtime\Serialize\SerializedFile.cpp line 835]

Imported 'GUID: 6dd865dbface5cd4c9387276bb88bb70' -> (Import Result ID: '6c5a10cb540172d015b02e62065c6a77') in 0.022 seconds [static and dynamic dependencies]. Details - ImportResultOutputID=0d375baab3a5dcd374a35054e0d2b344 DependenciesID=80f8fd1dc4b596ba429e7445609491c0 StaticDependenciesID=fae0b7a1b669ff65b175ccd894551841 
Number of updated asset objects reloaded before import = 0
Number of asset objects unloaded after import = 12
========================================================================
Received Import Request.
  Time of request: 2026-10-06T13:04:38.0392296Z
  Time since last request: 0.0004722 seconds.
  importAddress: GUID: 71adf92deeefced44ae369f01d3d14eb - Path: Assets/Materials/Player.mat - Importer: ScriptedImporter/UnityEditor.QuickSearchModule:UnityEditor.Search:ASIAI0B
Importing 'GUID: 71adf92deeefced44ae369f01d3d14eb - Path: Assets/Materials/Player.mat - Importer: ScriptedImporter/UnityEditor.QuickSearchModule:UnityEditor.Search:ASIAI0B' with importer (ScriptedImporter : UnityEditor.QuickSearchModule:UnityEditor.Search:ASIAI0B)
Imported 'GUID: 71adf92deeefced44ae369f01d3d14eb' -> (Import Result ID: '28eaa8ba855d704e002c8ea4c680c8e6') in 0.011 seconds [static and dynamic dependencies]. Details - ImportResultOutputID=7dbdd22893960fe91e85de8d2843b67c DependenciesID=ffce568a75ae94d9d78a6b60c74e4013 StaticDependenciesID=69c9b135e85fc3f00d8ee440d57cd1f8 
Number of updated asset objects reloaded before import = 0
Number of asset objects unloaded after import = 1
========================================================================
Received Import Request.
  Time of request: 2026-10-06T13:04:38.0511344Z
  Time since last request: 0.0006174 seconds.
  importAddress: GUID: e1c25aa437d4f264f8ce575c0086168e - Path: Assets/Menus/menu-button-start.png - Importer: ScriptedImporter/UnityEditor.QuickSearchModule:UnityEditor.Search:ASIAI0B
Importing 'GUID: e1c25aa437d4f264f8ce575c0086168e - Path: Assets/Menus/menu-button-start.png - Importer: ScriptedImporter/UnityEditor.QuickSearchModule:UnityEditor.Search:ASIAI0B' with importer (ScriptedImporter : UnityEditor.QuickSearchModule:UnityEditor.Search:ASIAI0B)
Imported 'GUID: e1c25aa437d4f264f8ce575c0086168e' -> (Import Result ID: '5798229b151e3a777a0701f6ce3a763f') in 0.014 seconds [static and dynamic dependencies]. Details - ImportResultOutputID=65d0385ce72b05c62db935a69d53e057 DependenciesID=2729d681715d7b42a5ed636b951a702b StaticDependenciesID=40b75b8d33d854c35561ce8dd372ec9c 
Number of updated asset objects reloaded before import = 0
Number of asset objects unloaded after import = 3
========================================================================
Received Import Request.
  Time of request: 2026-10-06T13:04:38.0662601Z
  Time since last request: 0.0005646 seconds.
  importAddress: GUID: e9c35b1cea8786e47af4623925cd7bee - Path: Assets/Menus/menu-blank.jpg - Importer: ScriptedImporter/UnityEditor.QuickSearchModule:UnityEditor.Search:ASIAI0B
Importing 'GUID: e9c35b1cea8786e47af4623925cd7bee - Path: Assets/Menus/menu-blank.jpg - Importer: ScriptedImporter/UnityEditor.QuickSearchModule:UnityEditor.Search:ASIAI0B' with importer (ScriptedImporter : UnityEditor.QuickSearchModule:UnityEditor.Search:ASIAI0B)
Imported 'GUID: e9c35b1cea8786e47af4623925cd7bee' -> (Import Result ID: '06adcf8e9ec573bbeaa219d589410226') in 0.018 seconds [static and dynamic dependencies]. Details - ImportResultOutputID=a40f83546d9f163f8fb410621620b93c DependenciesID=bf5c39666d0ab0f3775e717077371cd8 StaticDependenciesID=d25cc0f8b303b830e11766e0428aa264 
Number of updated asset objects reloaded before import = 0
Number of asset objects unloaded after import = 3
========================================================================
Received Import Request.
  Time of request: 2026-10-06T13:04:38.0849333Z
  Time since last request: 0.0005692 seconds.
  importAddress: GUID: 68bbd7dba34344240b96db81c43de7ec - Path: Assets/Menus/menu-button-menu-hover.png - Importer: ScriptedImporter/UnityEditor.QuickSearchModule:UnityEditor.Search:ASIAI0B
Importing 'GUID: 68bbd7dba34344240b96db81c43de7ec - Path: Assets/Menus/menu-button-menu-hover.png - Importer: ScriptedImporter/UnityEditor.QuickSearchModule:UnityEditor.Search:ASIAI0B' with importer (ScriptedImporter : UnityEditor.QuickSearchModule:UnityEditor.Search:ASIAI0B)
Imported 'GUID: 68bbd7dba34344240b96db81c43de7ec' -> (Import Result ID: '1eeed3aa196e664b6a877b05f14af2ea') in 0.017 seconds [static and dynamic dependencies]. Details - ImportResultOutputID=a9102d8520c0fb90a4c53f8e39ec9663 DependenciesID=48ed3cbc9486541fe78120cda4867ae1 StaticDependenciesID=70fb56ba07dfd09bdeac32c920f42d23 
Number of updated asset objects reloaded before import = 0
Number of asset objects unloaded after import = 3
========================================================================
Received Import Request.
  Time of request: 2026-10-06T13:04:38.1038329Z
  Time since last request: 0.0007125 seconds.
  importAddress: GUID: 259803338ae0b1240b932f4e8a9de527 - Path: Assets/Blender/crate-hole.blend - Importer: ScriptedImporter/UnityEditor.QuickSearchModule:UnityEditor.Search:ASIAI0B
Importing 'GUID: 259803338ae0b1240b932f4e8a9de527 - Path: Assets/Blender/crate-hole.blend - Importer: ScriptedImporter/UnityEditor.QuickSearchModule:UnityEditor.Search:ASIAI0B' with importer (ScriptedImporter : UnityEditor.QuickSearchModule:UnityEditor.Search:ASIAI0B)
Imported 'GUID: 259803338ae0b1240b932f4e8a9de527' -> (Import Result ID: '3b90a946e9af2dbb12d6c03d887c6064') in 0.017 seconds [static and dynamic dependencies]. Details - ImportResultOutputID=edcd5a3b48c03ef41b85083c7ad285a5 DependenciesID=7b0a708fb89a99be6e0b7bb6702dcd9b StaticDependenciesID=cd22c58b08fa65c0b0be96c90166f475 
Number of updated asset objects reloaded before import = 0
Number of asset objects unloaded after import = 1
========================================================================
Received Import Request.
  Time of request: 2026-10-06T13:04:38.1222636Z
  Time since last request: 0.0008095 seconds.
  importAddress: GUID: 7caa070e4df7ce04a8e5ef992c5f377d - Path: Assets/Materials/PlayerArm.mat - Importer: ScriptedImporter/UnityEditor.QuickSearchModule:UnityEditor.Search:ASIAI0B
Importing 'GUID: 7caa070e4df7ce04a8e5ef992c5f377d - Path: Assets/Materials/PlayerArm.mat - Importer: ScriptedImporter/UnityEditor.QuickSearchModule:UnityEditor.Search:ASIAI0B' with importer (ScriptedImporter : UnityEditor.QuickSearchModule:UnityEditor.Search:ASIAI0B)
Imported 'GUID: 7caa070e4df7ce04a8e5ef992c5f377d' -> (Import Result ID: 'cc01292044d57138f0dff1ade611ef1b') in 0.027 seconds [static and dynamic dependencies]. Details - ImportResultOutputID=f1cfcc68700fa0095dc72464337f8f96 DependenciesID=4999eaac061ea3eb287a320f29da686c StaticDependenciesID=7cac9854d86d90673fd8b91465d0f38c 
Number of updated asset objects reloaded before import = 0
Number of asset objects unloaded after import = 1
========================================================================
Received Import Request.
  Time of request: 2026-10-06T13:04:38.1509001Z
  Time since last request: 0.0009236 seconds.
  importAddress: GUID: 65b104667c2fcc8468506ce971a34bec - Path: Assets/Blender/crate.blend - Importer: ScriptedImporter/UnityEditor.QuickSearchModule:UnityEditor.Search:ASIAI0B
Importing 'GUID: 65b104667c2fcc8468506ce971a34bec - Path: Assets/Blender/crate.blend - Importer: ScriptedImporter/UnityEditor.QuickSearchModule:UnityEditor.Search:ASIAI0B' with importer (ScriptedImporter : UnityEditor.QuickSearchModule:UnityEditor.Search:ASIAI0B)
Imported 'GUID: 65b104667c2fcc8468506ce971a34bec' -> (Import Result ID: '044c459b6b044b12a01ce8d90f3a648c') in 0.021 seconds [static and dynamic dependencies]. Details - ImportResultOutputID=9f94f59f1b242836cca5cbd7339711f3 DependenciesID=4db5c9b640e9b35bbdc843f07bf3def8 StaticDependenciesID=c2167692a9087075d95c52a8926f7b11 
Number of updated asset objects reloaded before import = 0
Number of asset objects unloaded after import = 1
========================================================================
Received Import Request.
  Time of request: 2026-10-06T13:04:38.1727637Z
  Time since last request: 0.0006447 seconds.
  importAddress: GUID: 720fb55a6fb6d8142ab673b2f039f9bb - Path: Assets/Menus/menu-button-start-hover.png - Importer: ScriptedImporter/UnityEditor.QuickSearchModule:UnityEditor.Search:ASIAI0B
Importing 'GUID: 720fb55a6fb6d8142ab673b2f039f9bb - Path: Assets/Menus/menu-button-start-hover.png - Importer: ScriptedImporter/UnityEditor.QuickSearchModule:UnityEditor.Search:ASIAI0B' with importer (ScriptedImporter : UnityEditor.QuickSearchModule:UnityEditor.Search:ASIAI0B)
Imported 'GUID: 720fb55a6fb6d8142ab673b2f039f9bb' -> (Import Result ID: 'f863d0d1648c21a5debac5ed9f2ebd58') in 0.015 seconds [static and dynamic dependencies]. Details - ImportResultOutputID=63fee8710a19bc97b112b2d9e99362e0 DependenciesID=1d8e7b33b40037b345e91ce4920d6838 StaticDependenciesID=493536fd286d3db4eebae4aa4991b388 
Number of updated asset objects reloaded before import = 0
Number of asset objects unloaded after import = 3
========================================================================
Received Import Request.
  Time of request: 2026-10-06T13:04:38.189203Z
  Time since last request: 0.0004825 seconds.
  importAddress: GUID: 5b5992080f9dc6b4cb94f794e2803ead - Path: Assets/Animations/NavigationArrows.anim - Importer: ScriptedImporter/UnityEditor.QuickSearchModule:UnityEditor.Search:ASIAI0B
Importing 'GUID: 5b5992080f9dc6b4cb94f794e2803ead - Path: Assets/Animations/NavigationArrows.anim - Importer: ScriptedImporter/UnityEditor.QuickSearchModule:UnityEditor.Search:ASIAI0B' with importer (ScriptedImporter : UnityEditor.QuickSearchModule:UnityEditor.Search:ASIAI0B)
Imported 'GUID: 5b5992080f9dc6b4cb94f794e2803ead' -> (Import Result ID: '6c839700f5501fcce9f804ff19f041c8') in 0.011 seconds [static and dynamic dependencies]. Details - ImportResultOutputID=f62aaaae8d329a3f97586fc12bae12ed DependenciesID=a6629d48d87d9fdc5b102259a1f7a119 StaticDependenciesID=7db0d68bf5b583e1f73b92ce2b2fac3f 
Number of updated asset objects reloaded before import = 0
Number of asset objects unloaded after import = 1
========================================================================
Received Import Request.
  Time of request: 2026-10-06T13:04:38.2012949Z
  Time since last request: 0.0006282 seconds.
  importAddress: GUID: a8299aa430f4fb34a8ee485aaf6eca2b - Path: Assets/Prefabs/Player.prefab - Importer: ScriptedImporter/UnityEditor.QuickSearchModule:UnityEditor.Search:ASIAI0B
Importing 'GUID: a8299aa430f4fb34a8ee485aaf6eca2b - Path: Assets/Prefabs/Player.prefab - Importer: ScriptedImporter/UnityEditor.QuickSearchModule:UnityEditor.Search:ASIAI0B' with importer (ScriptedImporter : UnityEditor.QuickSearchModule:UnityEditor.Search:ASIAI0B)
Serialized files [version 17] before 2019.1 are deprecated. Open and re-save the file: "Assets/Prefabs/Player.prefab"
UnityEngine.Debug:ExtractStackTraceNoAlloc (byte*,int,string)
UnityEngine.StackTraceUtility:ExtractStackTrace ()
UnityEditor.AssetDatabase:GetDependencies (string,bool)
UnityEditor.Search.AssetIndexer:IndexDependencies (int&,string&)
UnityEditor.Search.AssetIndexer:IndexDocument (string,bool)
UnityEditor.Search.SearchIndexArtifactImporter:OnImportAsset (UnityEditor.AssetImporters.AssetImportContext)
UnityEditor.AssetImporters.ScriptedImporter:GenerateAssetData (UnityEditor.AssetImporters.AssetImportContext)

[C:\build\output\unity\unity\Runtime\Serialize\SerializedFile.cpp line 835]

Imported 'GUID: a8299aa430f4fb34a8ee485aaf6eca2b' -> (Import Result ID: '6754382c53b6507c7be4a1f0ecc8f0f7') in 0.033 seconds [static and dynamic dependencies]. Details - ImportResultOutputID=42a4bacb7288ee981f4bd77d3b1a5d69 DependenciesID=e02d8a79c4dd76820c428b87618cc804 StaticDependenciesID=b14e10e85566346cbeb02ae91c770051 
Number of updated asset objects reloaded before import = 0
Number of asset objects unloaded after import = 37
========================================================================
Received Import Request.
  Time of request: 2026-10-06T13:04:38.2354595Z
  Time since last request: 0.0001228 seconds.
  importAddress: GUID: 36fea4bf5be93ba4f894b5936f92b3df - Path: Assets/Materials/Bomb.mat - Importer: ScriptedImporter/UnityEditor.QuickSearchModule:UnityEditor.Search:ASIAI0B
Importing 'GUID: 36fea4bf5be93ba4f894b5936f92b3df - Path: Assets/Materials/Bomb.mat - Importer: ScriptedImporter/UnityEditor.QuickSearchModule:UnityEditor.Search:ASIAI0B' with importer (ScriptedImporter : UnityEditor.QuickSearchModule:UnityEditor.Search:ASIAI0B)
Imported 'GUID: 36fea4bf5be93ba4f894b5936f92b3df' -> (Import Result ID: 'ca517469a285fac4ca1164accef22d30') in 0.011 seconds [static and dynamic dependencies]. Details - ImportResultOutputID=965b40f090e3358ab61cc5c7bcb4c450 DependenciesID=35f8f21e68c60b87c14851459d995a45 StaticDependenciesID=26ae501af40d58401963c53d572a89f4 
Number of updated asset objects reloaded before import = 0
Number of asset objects unloaded after import = 2
========================================================================
Received Import Request.
  Time of request: 2026-10-06T13:04:38.2472293Z
  Time since last request: 0.000602 seconds.
  importAddress: GUID: 61860f5700dceb34daba67da679583c5 - Path: Assets/Menus/menu-button-exit-hover.png - Importer: ScriptedImporter/UnityEditor.QuickSearchModule:UnityEditor.Search:ASIAI0B
Importing 'GUID: 61860f5700dceb34daba67da679583c5 - Path: Assets/Menus/menu-button-exit-hover.png - Importer: ScriptedImporter/UnityEditor.QuickSearchModule:UnityEditor.Search:ASIAI0B' with importer (ScriptedImporter : UnityEditor.QuickSearchModule:UnityEditor.Search:ASIAI0B)
Imported 'GUID: 61860f5700dceb34daba67da679583c5' -> (Import Result ID: '9eaa1debfed93e8e7e277d32ec49b4c3') in 0.031 seconds [static and dynamic dependencies]. Details - ImportResultOutputID=630af41fc580caf021dc6b5e93d8a450 DependenciesID=9d40ef170ebd6f13ed2952d3a6972b6c StaticDependenciesID=e6c3d8d30058a9c9fcf648528daad45a 
Number of updated asset objects reloaded before import = 0
Number of asset objects unloaded after import = 3
========================================================================
Received Import Request.
  Time of request: 2026-10-06T13:04:38.2789341Z
  Time since last request: 0.0006502 seconds.
  importAddress: GUID: d84248d2cc7bd194b89b168755db7039 - Path: Assets/Prefabs/MenuButton.prefab - Importer: ScriptedImporter/UnityEditor.QuickSearchModule:UnityEditor.Search:ASIAI0B
Importing 'GUID: d84248d2cc7bd194b89b168755db7039 - Path: Assets/Prefabs/MenuButton.prefab - Importer: ScriptedImporter/UnityEditor.QuickSearchModule:UnityEditor.Search:ASIAI0B' with importer (ScriptedImporter : UnityEditor.QuickSearchModule:UnityEditor.Search:ASIAI0B)
Serialized files [version 17] before 2019.1 are deprecated. Open and re-save the file: "Assets/Prefabs/MenuButton.prefab"
UnityEngine.Debug:ExtractStackTraceNoAlloc (byte*,int,string)
UnityEngine.StackTraceUtility:ExtractStackTrace ()
UnityEditor.AssetDatabase:GetDependencies (string,bool)
UnityEditor.Search.AssetIndexer:IndexDependencies (int&,string&)
UnityEditor.Search.AssetIndexer:IndexDocument (string,bool)
UnityEditor.Search.SearchIndexArtifactImporter:OnImportAsset (UnityEditor.AssetImporters.AssetImportContext)
UnityEditor.AssetImporters.ScriptedImporter:GenerateAssetData (UnityEditor.AssetImporters.AssetImportContext)

[C:\build\output\unity\unity\Runtime\Serialize\SerializedFile.cpp line 835]

Imported 'GUID: d84248d2cc7bd194b89b168755db7039' -> (Import Result ID: '5545748294cd1aef71e25562f7938197') in 0.017 seconds [static and dynamic dependencies]. Details - ImportResultOutputID=221da3522cee734854ec6d447504531f DependenciesID=93cf895aa810e052a0704ba221bebfaf StaticDependenciesID=46688f17db54139ece17d615a366a786 
Number of updated asset objects reloaded before import = 0
Number of asset objects unloaded after import = 9
========================================================================
Received Import Request.
  Time of request: 2026-10-06T13:04:38.2973142Z
  Time since last request: 0.0004586 seconds.
  importAddress: GUID: c2c32706fe14d894583b8dfd88b0cb45 - Path: Assets/Menus/menu-button-credits-hover.png - Importer: ScriptedImporter/UnityEditor.QuickSearchModule:UnityEditor.Search:ASIAI0B
Importing 'GUID: c2c32706fe14d894583b8dfd88b0cb45 - Path: Assets/Menus/menu-button-credits-hover.png - Importer: ScriptedImporter/UnityEditor.QuickSearchModule:UnityEditor.Search:ASIAI0B' with importer (ScriptedImporter : UnityEditor.QuickSearchModule:UnityEditor.Search:ASIAI0B)
Imported 'GUID: c2c32706fe14d894583b8dfd88b0cb45' -> (Import Result ID: '1525591218f1b5a241bda8340540eca0') in 0.019 seconds [static and dynamic dependencies]. Details - ImportResultOutputID=aeddc0981220227e8013a09b99ae540a DependenciesID=c36193f028ddef69a5bc38f186746e5b StaticDependenciesID=672b370513c860287fb456137cc76942 
Number of updated asset objects reloaded before import = 0
Number of asset objects unloaded after import = 3
========================================================================
Received Import Request.
  Time of request: 2026-10-06T13:04:38.3168567Z
  Time since last request: 0.0006391 seconds.
  importAddress: GUID: 5acc3c6cebdf2834cafd8eec51d01dfe - Path: Assets/Models/magnet.blend - Importer: ScriptedImporter/UnityEditor.QuickSearchModule:UnityEditor.Search:ASIAI0B
Importing 'GUID: 5acc3c6cebdf2834cafd8eec51d01dfe - Path: Assets/Models/magnet.blend - Importer: ScriptedImporter/UnityEditor.QuickSearchModule:UnityEditor.Search:ASIAI0B' with importer (ScriptedImporter : UnityEditor.QuickSearchModule:UnityEditor.Search:ASIAI0B)
Imported 'GUID: 5acc3c6cebdf2834cafd8eec51d01dfe' -> (Import Result ID: '7efd7052bf2d61aa6bdf34939ac61064') in 0.012 seconds [static and dynamic dependencies]. Details - ImportResultOutputID=e030dfcc3710bf6ec0f36f1baf6c0c71 DependenciesID=f699604f215766d40bfbc5b8f07e3704 StaticDependenciesID=2de8cf4be8f6f093ae23ad4a9ac04e8d 
Number of updated asset objects reloaded before import = 0
Number of asset objects unloaded after import = 1
========================================================================
Received Import Request.
  Time of request: 2026-10-06T13:04:38.3296687Z
  Time since last request: 0.0006096 seconds.
  importAddress: GUID: f6a63e2dcf15de442aefa455cb935a81 - Path: Assets/Images/SwitchTile_Material.png - Importer: ScriptedImporter/UnityEditor.QuickSearchModule:UnityEditor.Search:ASIAI0B
Importing 'GUID: f6a63e2dcf15de442aefa455cb935a81 - Path: Assets/Images/SwitchTile_Material.png - Importer: ScriptedImporter/UnityEditor.QuickSearchModule:UnityEditor.Search:ASIAI0B' with importer (ScriptedImporter : UnityEditor.QuickSearchModule:UnityEditor.Search:ASIAI0B)
Imported 'GUID: f6a63e2dcf15de442aefa455cb935a81' -> (Import Result ID: 'ca4575bc23bfd155c2e8cc6672533df5') in 0.013 seconds [static and dynamic dependencies]. Details - ImportResultOutputID=6674d35fba7fe55005dce0368605592e DependenciesID=610323b540b533521d854afb9b8f7e99 StaticDependenciesID=bd1fe68cb34d23232e6ef349931c8b29 
Number of updated asset objects reloaded before import = 0
Number of asset objects unloaded after import = 1
========================================================================
Received Import Request.
  Time of request: 2026-10-06T13:04:38.3439826Z
  Time since last request: 0.0005956 seconds.
  importAddress: GUID: 45cf358614356854c97bd4654989c6c0 - Path: Assets/Blender/player.blend - Importer: ScriptedImporter/UnityEditor.QuickSearchModule:UnityEditor.Search:ASIAI0B
Importing 'GUID: 45cf358614356854c97bd4654989c6c0 - Path: Assets/Blender/player.blend - Importer: ScriptedImporter/UnityEditor.QuickSearchModule:UnityEditor.Search:ASIAI0B' with importer (ScriptedImporter : UnityEditor.QuickSearchModule:UnityEditor.Search:ASIAI0B)
Imported 'GUID: 45cf358614356854c97bd4654989c6c0' -> (Import Result ID: '34a206c984acc5f6e6bbfea8d2ae737f') in 0.011 seconds [static and dynamic dependencies]. Details - ImportResultOutputID=116bf744f8e247a5dd70b850fc5f1df8 DependenciesID=f70bd0695f656b83e204c0b2df7a6009 StaticDependenciesID=8e3df5a00e132a16b65b3932012c3eee 
Number of updated asset objects reloaded before import = 0
Number of asset objects unloaded after import = 1
========================================================================
Received Import Request.
  Time of request: 2026-10-06T13:04:38.3556944Z
  Time since last request: 0.0007115 seconds.
  importAddress: GUID: 31183e815486ef94fb48d2dd38996009 - Path: Assets/Prefabs/LevelMusic.prefab - Importer: ScriptedImporter/UnityEditor.QuickSearchModule:UnityEditor.Search:ASIAI0B
Importing 'GUID: 31183e815486ef94fb48d2dd38996009 - Path: Assets/Prefabs/LevelMusic.prefab - Importer: ScriptedImporter/UnityEditor.QuickSearchModule:UnityEditor.Search:ASIAI0B' with importer (ScriptedImporter : UnityEditor.QuickSearchModule:UnityEditor.Search:ASIAI0B)
Serialized files [version 17] before 2019.1 are deprecated. Open and re-save the file: "Assets/Prefabs/LevelMusic.prefab"
UnityEngine.Debug:ExtractStackTraceNoAlloc (byte*,int,string)
UnityEngine.StackTraceUtility:ExtractStackTrace ()
UnityEditor.AssetDatabase:GetDependencies (string,bool)
UnityEditor.Search.AssetIndexer:IndexDependencies (int&,string&)
UnityEditor.Search.AssetIndexer:IndexDocument (string,bool)
UnityEditor.Search.SearchIndexArtifactImporter:OnImportAsset (UnityEditor.AssetImporters.AssetImportContext)
UnityEditor.AssetImporters.ScriptedImporter:GenerateAssetData (UnityEditor.AssetImporters.AssetImportContext)

[C:\build\output\unity\unity\Runtime\Serialize\SerializedFile.cpp line 835]

Imported 'GUID: 31183e815486ef94fb48d2dd38996009' -> (Import Result ID: '0e275970a3e6f26db71412aceda45929') in 0.700 seconds [static and dynamic dependencies]. Details - ImportResultOutputID=54ba0bec81696700937422b8141cb4b3 DependenciesID=f57402f7a95a28b14d2398c0233b3a5e StaticDependenciesID=6c9514de534082ab73de15f8391b3cd6 
Number of updated asset objects reloaded before import = 0
Number of asset objects unloaded after import = 6
========================================================================
Received Import Request.
  Time of request: 2026-10-06T13:04:39.0604247Z
  Time since last request: 0.0000561 seconds.
  importAddress: GUID: b77b999b0cf723c4786ba1c9453d47c5 - Path: Assets/Menus/menu-button-play-hover.png - Importer: ScriptedImporter/UnityEditor.QuickSearchModule:UnityEditor.Search:ASIAI0B
Importing 'GUID: b77b999b0cf723c4786ba1c9453d47c5 - Path: Assets/Menus/menu-button-play-hover.png - Importer: ScriptedImporter/UnityEditor.QuickSearchModule:UnityEditor.Search:ASIAI0B' with importer (ScriptedImporter : UnityEditor.QuickSearchModule:UnityEditor.Search:ASIAI0B)
Imported 'GUID: b77b999b0cf723c4786ba1c9453d47c5' -> (Import Result ID: '220f973c2697b723acc602f4a6695602') in 0.013 seconds [static and dynamic dependencies]. Details - ImportResultOutputID=ec1317733ac858a2a529a8adcd20f3c0 DependenciesID=7cda10d1f96e3ab551b5088bc16e881c StaticDependenciesID=194206d89914580f4edce236748cc9cd 
Number of updated asset objects reloaded before import = 0
Number of asset objects unloaded after import = 3
========================================================================
Received Import Request.
  Time of request: 2026-10-06T13:04:39.0747705Z
  Time since last request: 0.0006258 seconds.
  importAddress: GUID: a0596bca3b07bf048b0cc7d1d6e77b91 - Path: Assets/Menus/menu-blank-credits.jpg - Importer: ScriptedImporter/UnityEditor.QuickSearchModule:UnityEditor.Search:ASIAI0B
Importing 'GUID: a0596bca3b07bf048b0cc7d1d6e77b91 - Path: Assets/Menus/menu-blank-credits.jpg - Importer: ScriptedImporter/UnityEditor.QuickSearchModule:UnityEditor.Search:ASIAI0B' with importer (ScriptedImporter : UnityEditor.QuickSearchModule:UnityEditor.Search:ASIAI0B)
Imported 'GUID: a0596bca3b07bf048b0cc7d1d6e77b91' -> (Import Result ID: 'a2cc1e513d5c0722b554ff8a87ce6aba') in 0.015 seconds [static and dynamic dependencies]. Details - ImportResultOutputID=5c3a508a5eb0eef9724aa8b80293e710 DependenciesID=613a705fcd0b7ba2b6028a2314942e44 StaticDependenciesID=6f55d0ca61565cdc5a8ce435314cb539 
Number of updated asset objects reloaded before import = 0
Number of asset objects unloaded after import = 3
========================================================================
Received Import Request.
  Time of request: 2026-10-06T13:04:39.0911135Z
  Time since last request: 0.0005382 seconds.
  importAddress: GUID: 8da04f9c84426a6469b34797f79227f6 - Path: Assets/Images/OpenedExitTile_Material.png - Importer: ScriptedImporter/UnityEditor.QuickSearchModule:UnityEditor.Search:ASIAI0B
Importing 'GUID: 8da04f9c84426a6469b34797f79227f6 - Path: Assets/Images/OpenedExitTile_Material.png - Importer: ScriptedImporter/UnityEditor.QuickSearchModule:UnityEditor.Search:ASIAI0B' with importer (ScriptedImporter : UnityEditor.QuickSearchModule:UnityEditor.Search:ASIAI0B)
Imported 'GUID: 8da04f9c84426a6469b34797f79227f6' -> (Import Result ID: 'ffc67cc2117d02975d4e208891a0d1ef') in 0.012 seconds [static and dynamic dependencies]. Details - ImportResultOutputID=1d76f7e84dc7f492fc24944841b0876e DependenciesID=80c97173801f0b7e9d5fe455ab86e252 StaticDependenciesID=0eba7dea6198b2c151280b546b900c62 
Number of updated asset objects reloaded before import = 0
Number of asset objects unloaded after import = 1
========================================================================
Received Import Request.
  Time of request: 2026-10-06T13:04:39.1045647Z
  Time since last request: 0.0006996 seconds.
  importAddress: GUID: 9fb974e17e0aa064a8abec5411a11bbf - Path: Assets/Menus/menu-button-credits.png - Importer: ScriptedImporter/UnityEditor.QuickSearchModule:UnityEditor.Search:ASIAI0B
Importing 'GUID: 9fb974e17e0aa064a8abec5411a11bbf - Path: Assets/Menus/menu-button-credits.png - Importer: ScriptedImporter/UnityEditor.QuickSearchModule:UnityEditor.Search:ASIAI0B' with importer (ScriptedImporter : UnityEditor.QuickSearchModule:UnityEditor.Search:ASIAI0B)
Imported 'GUID: 9fb974e17e0aa064a8abec5411a11bbf' -> (Import Result ID: '30492f785f7719b308cf5dd6d99ee07c') in 0.016 seconds [static and dynamic dependencies]. Details - ImportResultOutputID=86172aabea5c8cbab83bfdd7d0910cac DependenciesID=6869e1a134e55a282fbd1be4e02d4ad1 StaticDependenciesID=ea979db810b0026ed6602e1fb8675871 
Number of updated asset objects reloaded before import = 0
Number of asset objects unloaded after import = 3
========================================================================
Received Import Request.
  Time of request: 2026-10-06T13:04:39.1582678Z
  Time since last request: 0.0377826 seconds.
  importAddress: GUID: 5c405c4fce4ed1b488693a7d613e8291 - Path: Assets/Sounds/crate-dropped.wav - Importer: ScriptedImporter/UnityEditor.QuickSearchModule:UnityEditor.Search:ASIAI0B
Importing 'GUID: 5c405c4fce4ed1b488693a7d613e8291 - Path: Assets/Sounds/crate-dropped.wav - Importer: ScriptedImporter/UnityEditor.QuickSearchModule:UnityEditor.Search:ASIAI0B' with importer (ScriptedImporter : UnityEditor.QuickSearchModule:UnityEditor.Search:ASIAI0B)
Imported 'GUID: 5c405c4fce4ed1b488693a7d613e8291' -> (Import Result ID: 'a193a4f520c3bf29df0470ce8a7e0071') in 0.019 seconds [static and dynamic dependencies]. Details - ImportResultOutputID=401c3ef737b8277a41bd00b2164ff7ef DependenciesID=f70c2fdbfa15c4e7fa1a405e4820e698 StaticDependenciesID=d316728a844307be883aea6229f6c0ba 
Number of updated asset objects reloaded before import = 0
Number of asset objects unloaded after import = 1
========================================================================
Received Import Request.
  Time of request: 2026-10-06T13:04:39.1787171Z
  Time since last request: 0.0007316 seconds.
  importAddress: GUID: e74ca0988ad139b47bee21b3c7bd0628 - Path: Assets/Scripts/SpikeBall.cs - Importer: ScriptedImporter/UnityEditor.QuickSearchModule:UnityEditor.Search:ASIAI0B
Importing 'GUID: e74ca0988ad139b47bee21b3c7bd0628 - Path: Assets/Scripts/SpikeBall.cs - Importer: ScriptedImporter/UnityEditor.QuickSearchModule:UnityEditor.Search:ASIAI0B' with importer (ScriptedImporter : UnityEditor.QuickSearchModule:UnityEditor.Search:ASIAI0B)
Imported 'GUID: e74ca0988ad139b47bee21b3c7bd0628' -> (Import Result ID: '8ff60034a5796cd9db2a7e690e534c19') in 0.006 seconds [static and dynamic dependencies]. Details - ImportResultOutputID=ddaf850703b6ff51394d82c6296c0e5d DependenciesID=fdb2d929288e66af01a1530f29b347a3 StaticDependenciesID=fadac325589b277cd0f23a23838ee96f 
Number of updated asset objects reloaded before import = 0
Number of asset objects unloaded after import = 0
========================================================================
Received Import Request.
  Time of request: 2026-10-06T13:04:39.1859516Z
  Time since last request: 0.0007045 seconds.
  importAddress: GUID: 76a5798435469404cb23de75dd65f0cf - Path: Assets/Textures/texture-crate-spawner.jpg - Importer: ScriptedImporter/UnityEditor.QuickSearchModule:UnityEditor.Search:ASIAI0B
Importing 'GUID: 76a5798435469404cb23de75dd65f0cf - Path: Assets/Textures/texture-crate-spawner.jpg - Importer: ScriptedImporter/UnityEditor.QuickSearchModule:UnityEditor.Search:ASIAI0B' with importer (ScriptedImporter : UnityEditor.QuickSearchModule:UnityEditor.Search:ASIAI0B)
Imported 'GUID: 76a5798435469404cb23de75dd65f0cf' -> (Import Result ID: '27ca4adbab05bfe8e9068729fc2c13e0') in 0.012 seconds [static and dynamic dependencies]. Details - ImportResultOutputID=f09a23be3448ba1cb1a49c784e2752d5 DependenciesID=a568bf75e35d71ef84772addbecbb643 StaticDependenciesID=1d61abdadb2c3ee951d77f810c358108 
Number of updated asset objects reloaded before import = 0
Number of asset objects unloaded after import = 1
========================================================================
Received Import Request.
  Time of request: 2026-10-06T13:04:39.1989833Z
  Time since last request: 0.0007383 seconds.
  importAddress: GUID: 0ae61d2b4f929914fa0a0286bc84d901 - Path: Assets/Scripts/Tile.cs - Importer: ScriptedImporter/UnityEditor.QuickSearchModule:UnityEditor.Search:ASIAI0B
Importing 'GUID: 0ae61d2b4f929914fa0a0286bc84d901 - Path: Assets/Scripts/Tile.cs - Importer: ScriptedImporter/UnityEditor.QuickSearchModule:UnityEditor.Search:ASIAI0B' with importer (ScriptedImporter : UnityEditor.QuickSearchModule:UnityEditor.Search:ASIAI0B)
Imported 'GUID: 0ae61d2b4f929914fa0a0286bc84d901' -> (Import Result ID: 'e0cfd8515682bce6c2f3a3eb5b29c1e5') in 0.006 seconds [static and dynamic dependencies]. Details - ImportResultOutputID=ae35bdc8bcb7e7b1b8dbb23c969cb047 DependenciesID=322951e33f94d5f1a7d607a849a61109 StaticDependenciesID=228dad789e02c458d1debb2aaacecf04 
Number of updated asset objects reloaded before import = 0
Number of asset objects unloaded after import = 0
========================================================================
Received Import Request.
  Time of request: 2026-10-06T13:04:39.2058856Z
  Time since last request: 0.0008084 seconds.
  importAddress: GUID: 27a375ae3bb30d4468e4cdab446410f2 - Path: Assets/Sounds/misc1.wav - Importer: ScriptedImporter/UnityEditor.QuickSearchModule:UnityEditor.Search:ASIAI0B
Importing 'GUID: 27a375ae3bb30d4468e4cdab446410f2 - Path: Assets/Sounds/misc1.wav - Importer: ScriptedImporter/UnityEditor.QuickSearchModule:UnityEditor.Search:ASIAI0B' with importer (ScriptedImporter : UnityEditor.QuickSearchModule:UnityEditor.Search:ASIAI0B)
Imported 'GUID: 27a375ae3bb30d4468e4cdab446410f2' -> (Import Result ID: '11d9e1c75e8770aa7422f585b3cbae8b') in 0.232 seconds [static and dynamic dependencies]. Details - ImportResultOutputID=acb0d17b75dcb84fcc3264f1b8a1194a DependenciesID=9cf1dfbce8adeee3151ede7c3aa3a0c6 StaticDependenciesID=5afa3649dac47fc758217e60ddf3e09f 
Number of updated asset objects reloaded before import = 0
Number of asset objects unloaded after import = 1
========================================================================
Received Import Request.
  Time of request: 2026-10-06T13:04:39.4392814Z
  Time since last request: 0.0007393 seconds.
  importAddress: GUID: db816bd72d05d084fa45e0297718dbce - Path: Assets/Scripts/MetalCrate.cs - Importer: ScriptedImporter/UnityEditor.QuickSearchModule:UnityEditor.Search:ASIAI0B
Importing 'GUID: db816bd72d05d084fa45e0297718dbce - Path: Assets/Scripts/MetalCrate.cs - Importer: ScriptedImporter/UnityEditor.QuickSearchModule:UnityEditor.Search:ASIAI0B' with importer (ScriptedImporter : UnityEditor.QuickSearchModule:UnityEditor.Search:ASIAI0B)
Imported 'GUID: db816bd72d05d084fa45e0297718dbce' -> (Import Result ID: '134ff79b3a56d28cff52aec4cd5a30b3') in 0.006 seconds [static and dynamic dependencies]. Details - ImportResultOutputID=d7106383a8046e2ae5b8018fa0aebff5 DependenciesID=77656da83ba3e6baad9e51407ff9c100 StaticDependenciesID=19da24d41f8d86de8086d5eacad7662a 
Number of updated asset objects reloaded before import = 0
Number of asset objects unloaded after import = 0
========================================================================
Received Import Request.
  Time of request: 2026-10-06T13:04:39.4464845Z
  Time since last request: 0.0006169 seconds.
  importAddress: GUID: 07e44e2224155f241ab65b4e283074b2 - Path: Assets/Scripts/LevelSelectButton.cs - Importer: ScriptedImporter/UnityEditor.QuickSearchModule:UnityEditor.Search:ASIAI0B
Importing 'GUID: 07e44e2224155f241ab65b4e283074b2 - Path: Assets/Scripts/LevelSelectButton.cs - Importer: ScriptedImporter/UnityEditor.QuickSearchModule:UnityEditor.Search:ASIAI0B' with importer (ScriptedImporter : UnityEditor.QuickSearchModule:UnityEditor.Search:ASIAI0B)
Imported 'GUID: 07e44e2224155f241ab65b4e283074b2' -> (Import Result ID: 'ae8631fe27f087f24189e43a1d107191') in 0.005 seconds [static and dynamic dependencies]. Details - ImportResultOutputID=41993d64b1198bbe4e2cfa5065676b6b DependenciesID=974f22aaddf843f46fea314e809f300c StaticDependenciesID=9b31da74b9e3b634dc9f0e729fcbbf30 
Number of updated asset objects reloaded before import = 0
Number of asset objects unloaded after import = 0
========================================================================
Received Import Request.
  Time of request: 2026-10-06T13:04:39.4522409Z
  Time since last request: 0.0006618 seconds.
  importAddress: GUID: 445cf8fb56e624147a30f4cc9dc9a3f0 - Path: Assets/Sounds/button-on.wav - Importer: ScriptedImporter/UnityEditor.QuickSearchModule:UnityEditor.Search:ASIAI0B
Importing 'GUID: 445cf8fb56e624147a30f4cc9dc9a3f0 - Path: Assets/Sounds/button-on.wav - Importer: ScriptedImporter/UnityEditor.QuickSearchModule:UnityEditor.Search:ASIAI0B' with importer (ScriptedImporter : UnityEditor.QuickSearchModule:UnityEditor.Search:ASIAI0B)
Imported 'GUID: 445cf8fb56e624147a30f4cc9dc9a3f0' -> (Import Result ID: 'd8393f01e51a20875eb5002ca0b7ac14') in 0.016 seconds [static and dynamic dependencies]. Details - ImportResultOutputID=3c24902e20ca4df59ee710c6beba5948 DependenciesID=8c85012d578fb96540fdf93bdb26f86e StaticDependenciesID=26495ed52c653e1c54f9c1623fadbd3e 
Number of updated asset objects reloaded before import = 0
Number of asset objects unloaded after import = 1
========================================================================
Received Import Request.
  Time of request: 2026-10-06T13:04:39.4687823Z
  Time since last request: 0.0006748 seconds.
  importAddress: GUID: 2bd86a1379297234c9b61691b3d7918a - Path: Assets/Textures/texture-crate-top 1.jpg - Importer: ScriptedImporter/UnityEditor.QuickSearchModule:UnityEditor.Search:ASIAI0B
Importing 'GUID: 2bd86a1379297234c9b61691b3d7918a - Path: Assets/Textures/texture-crate-top 1.jpg - Importer: ScriptedImporter/UnityEditor.QuickSearchModule:UnityEditor.Search:ASIAI0B' with importer (ScriptedImporter : UnityEditor.QuickSearchModule:UnityEditor.Search:ASIAI0B)
Imported 'GUID: 2bd86a1379297234c9b61691b3d7918a' -> (Import Result ID: 'dbb38207f043ecf35f2d604df949ec8a') in 0.014 seconds [static and dynamic dependencies]. Details - ImportResultOutputID=512d75311797b1d3311efc8520394571 DependenciesID=547a0e18e16af196ad7985cab7236e23 StaticDependenciesID=aea46238819ec7f5042b6179acef2673 
Number of updated asset objects reloaded before import = 0
Number of asset objects unloaded after import = 1
========================================================================
Received Import Request.
  Time of request: 2026-10-06T13:04:39.4840309Z
  Time since last request: 0.0006042 seconds.
  importAddress: GUID: d14c81526f5805c4cbbd85670d3d9617 - Path: Assets/Textures/texture-crate-side 1.jpg - Importer: ScriptedImporter/UnityEditor.QuickSearchModule:UnityEditor.Search:ASIAI0B
Importing 'GUID: d14c81526f5805c4cbbd85670d3d9617 - Path: Assets/Textures/texture-crate-side 1.jpg - Importer: ScriptedImporter/UnityEditor.QuickSearchModule:UnityEditor.Search:ASIAI0B' with importer (ScriptedImporter : UnityEditor.QuickSearchModule:UnityEditor.Search:ASIAI0B)
Imported 'GUID: d14c81526f5805c4cbbd85670d3d9617' -> (Import Result ID: '2e080698fb208c7df4fbc4206018f535') in 0.015 seconds [static and dynamic dependencies]. Details - ImportResultOutputID=0b98aaa5783a2e5aa5948f23b9b22963 DependenciesID=4d0dc8dfebd6e945efaea5894a1ceea7 StaticDependenciesID=a1b6ae9333b31b6d909acff02c7ea143 
Number of updated asset objects reloaded before import = 0
Number of asset objects unloaded after import = 1
========================================================================
Received Import Request.
  Time of request: 2026-10-06T13:04:39.4996392Z
  Time since last request: 0.000641 seconds.
  importAddress: GUID: 7518b8113a4631b45b8271c7b59fd45d - Path: Assets/Scripts/NormalTile.cs - Importer: ScriptedImporter/UnityEditor.QuickSearchModule:UnityEditor.Search:ASIAI0B
Importing 'GUID: 7518b8113a4631b45b8271c7b59fd45d - Path: Assets/Scripts/NormalTile.cs - Importer: ScriptedImporter/UnityEditor.QuickSearchModule:UnityEditor.Search:ASIAI0B' with importer (ScriptedImporter : UnityEditor.QuickSearchModule:UnityEditor.Search:ASIAI0B)
Imported 'GUID: 7518b8113a4631b45b8271c7b59fd45d' -> (Import Result ID: '38dae79124b3b1a6e0cb99f122acb6da') in 0.006 seconds [static and dynamic dependencies]. Details - ImportResultOutputID=09e616e23f684f24d1b6bc84254bd399 DependenciesID=2b56f543c82bf838cf6de200ba6f3402 StaticDependenciesID=0afacf1035c50a85aa2b6899a4965d42 
Number of updated asset objects reloaded before import = 0
Number of asset objects unloaded after import = 0
========================================================================
Received Import Request.
  Time of request: 2026-10-06T13:04:39.5070026Z
  Time since last request: 0.0007244 seconds.
  importAddress: GUID: 4bce13da8a33b0e418180f94f69d61ae - Path: Assets/Scripts/Interfaces.cs - Importer: ScriptedImporter/UnityEditor.QuickSearchModule:UnityEditor.Search:ASIAI0B
Importing 'GUID: 4bce13da8a33b0e418180f94f69d61ae - Path: Assets/Scripts/Interfaces.cs - Importer: ScriptedImporter/UnityEditor.QuickSearchModule:UnityEditor.Search:ASIAI0B' with importer (ScriptedImporter : UnityEditor.QuickSearchModule:UnityEditor.Search:ASIAI0B)
Imported 'GUID: 4bce13da8a33b0e418180f94f69d61ae' -> (Import Result ID: 'd4b6d81b46dbdaa603b150e2e3ca1bbb') in 0.006 seconds [static and dynamic dependencies]. Details - ImportResultOutputID=9604625e92680f6e4959c4501afafc02 DependenciesID=6cd6900d0993f9256a5906320d5610c3 StaticDependenciesID=e3474298dbe4daf09af001fe8a9ceea2 
Number of updated asset objects reloaded before import = 0
Number of asset objects unloaded after import = 0
========================================================================
Received Import Request.
  Time of request: 2026-10-06T13:04:39.5140385Z
  Time since last request: 0.0008232 seconds.
  importAddress: GUID: 3c4fb20f58141b445b6c29bfe4b4f81e - Path: Assets/Sounds/portal-on.wav - Importer: ScriptedImporter/UnityEditor.QuickSearchModule:UnityEditor.Search:ASIAI0B
Importing 'GUID: 3c4fb20f58141b445b6c29bfe4b4f81e - Path: Assets/Sounds/portal-on.wav - Importer: ScriptedImporter/UnityEditor.QuickSearchModule:UnityEditor.Search:ASIAI0B' with importer (ScriptedImporter : UnityEditor.QuickSearchModule:UnityEditor.Search:ASIAI0B)
Imported 'GUID: 3c4fb20f58141b445b6c29bfe4b4f81e' -> (Import Result ID: '85327ebfc6f2aac7a504e1dd6e731cf5') in 0.023 seconds [static and dynamic dependencies]. Details - ImportResultOutputID=927a9d6cb3e4dce58e1bb8004a35e5bd DependenciesID=974ead0db73539b0dc7fbaed892fba9f StaticDependenciesID=b01e829b57f00a6ff550e5a0b4084d58 
Number of updated asset objects reloaded before import = 0
Number of asset objects unloaded after import = 1
========================================================================
Received Import Request.
  Time of request: 2026-10-06T13:04:39.5378517Z
  Time since last request: 0.0007446 seconds.
  importAddress: GUID: a3527156c7c9bc64ba5fcb61a58b8459 - Path: Assets/Scripts/SimpleCameraFollow.cs - Importer: ScriptedImporter/UnityEditor.QuickSearchModule:UnityEditor.Search:ASIAI0B
Importing 'GUID: a3527156c7c9bc64ba5fcb61a58b8459 - Path: Assets/Scripts/SimpleCameraFollow.cs - Importer: ScriptedImporter/UnityEditor.QuickSearchModule:UnityEditor.Search:ASIAI0B' with importer (ScriptedImporter : UnityEditor.QuickSearchModule:UnityEditor.Search:ASIAI0B)
Imported 'GUID: a3527156c7c9bc64ba5fcb61a58b8459' -> (Import Result ID: '6c70bbd54f1f0466b7f8888c6cb94ab3') in 0.007 seconds [static and dynamic dependencies]. Details - ImportResultOutputID=97385741b6a117c1d1340b74359d20d1 DependenciesID=00cfad0838c6944dcc03be3f00c31797 StaticDependenciesID=6632b97feda5e7b126352557df777e1c 
Number of updated asset objects reloaded before import = 0
Number of asset objects unloaded after import = 0
========================================================================
Received Import Request.
  Time of request: 2026-10-06T13:04:39.5461094Z
  Time since last request: 0.0007183 seconds.
  importAddress: GUID: d425c47c81131484b82ccb00cc1e4e5d - Path: Assets/Textures/spikeball.jpg - Importer: ScriptedImporter/UnityEditor.QuickSearchModule:UnityEditor.Search:ASIAI0B
Importing 'GUID: d425c47c81131484b82ccb00cc1e4e5d - Path: Assets/Textures/spikeball.jpg - Importer: ScriptedImporter/UnityEditor.QuickSearchModule:UnityEditor.Search:ASIAI0B' with importer (ScriptedImporter : UnityEditor.QuickSearchModule:UnityEditor.Search:ASIAI0B)
Imported 'GUID: d425c47c81131484b82ccb00cc1e4e5d' -> (Import Result ID: 'c284b1dbcd8983d309e33ea70e85182d') in 0.012 seconds [static and dynamic dependencies]. Details - ImportResultOutputID=2b0f6bbc7092c9ae925369c22154cda2 DependenciesID=63f975933d827345761d394aadff2fd6 StaticDependenciesID=34ac16658219908f8096786e233b91ee 
Number of updated asset objects reloaded before import = 0
Number of asset objects unloaded after import = 1
========================================================================
Received Import Request.
  Time of request: 2026-10-06T13:04:39.5588013Z
  Time since last request: 0.0005672 seconds.
  importAddress: GUID: 40f9c16dd44f55c4281b3a486bc22702 - Path: Assets/Sounds/music-level.mp3 - Importer: ScriptedImporter/UnityEditor.QuickSearchModule:UnityEditor.Search:ASIAI0B
Importing 'GUID: 40f9c16dd44f55c4281b3a486bc22702 - Path: Assets/Sounds/music-level.mp3 - Importer: ScriptedImporter/UnityEditor.QuickSearchModule:UnityEditor.Search:ASIAI0B' with importer (ScriptedImporter : UnityEditor.QuickSearchModule:UnityEditor.Search:ASIAI0B)
Imported 'GUID: 40f9c16dd44f55c4281b3a486bc22702' -> (Import Result ID: '06ea4fb46855d14a4fe0c90f72a241c6') in 0.727 seconds [static and dynamic dependencies]. Details - ImportResultOutputID=90e3a052133de8c8455f815876768022 DependenciesID=5dbc704b93ea5d4ccd0321c96cadf6fd StaticDependenciesID=cf4800760f8b9964f6a493f900535afe 
Number of updated asset objects reloaded before import = 0
Number of asset objects unloaded after import = 1
========================================================================
Received Import Request.
  Time of request: 2026-10-06T13:04:40.2868159Z
  Time since last request: 0.0006893 seconds.
  importAddress: GUID: 3821b95025e6b75488ddfe1dec21e0ec - Path: Assets/Scripts/ExitTile.cs - Importer: ScriptedImporter/UnityEditor.QuickSearchModule:UnityEditor.Search:ASIAI0B
Importing 'GUID: 3821b95025e6b75488ddfe1dec21e0ec - Path: Assets/Scripts/ExitTile.cs - Importer: ScriptedImporter/UnityEditor.QuickSearchModule:UnityEditor.Search:ASIAI0B' with importer (ScriptedImporter : UnityEditor.QuickSearchModule:UnityEditor.Search:ASIAI0B)
Imported 'GUID: 3821b95025e6b75488ddfe1dec21e0ec' -> (Import Result ID: '097694e1fd0324cbba139eea564b41f6') in 0.007 seconds [static and dynamic dependencies]. Details - ImportResultOutputID=7ccedbe8aeca6bd85e44b7de505483b7 DependenciesID=a0d8e113bd1ce208d97fbb11006728ed StaticDependenciesID=12b26e0e823bff11d7f3dace6ecb2868 
Number of updated asset objects reloaded before import = 0
Number of asset objects unloaded after import = 0
========================================================================
Received Import Request.
  Time of request: 2026-10-06T13:04:40.2952224Z
  Time since last request: 0.0006137 seconds.
  importAddress: GUID: b7f33bcc43694fb4883490ff121f6619 - Path: Assets/Scenes/Level_6.unity - Importer: ScriptedImporter/UnityEditor.QuickSearchModule:UnityEditor.Search:ASIAI0B
Importing 'GUID: b7f33bcc43694fb4883490ff121f6619 - Path: Assets/Scenes/Level_6.unity - Importer: ScriptedImporter/UnityEditor.QuickSearchModule:UnityEditor.Search:ASIAI0B' with importer (ScriptedImporter : UnityEditor.QuickSearchModule:UnityEditor.Search:ASIAI0B)
Serialized files [version 17] before 2019.1 are deprecated. Open and re-save the file: "Assets/Scenes/Level_6.unity"
UnityEngine.Debug:ExtractStackTraceNoAlloc (byte*,int,string)
UnityEngine.StackTraceUtility:ExtractStackTrace ()
UnityEditor.AssetDatabase:GetDependencies (string,bool)
UnityEditor.Search.AssetIndexer:IndexDependencies (int&,string&)
UnityEditor.Search.AssetIndexer:IndexDocument (string,bool)
UnityEditor.Search.SearchIndexArtifactImporter:OnImportAsset (UnityEditor.AssetImporters.AssetImportContext)
UnityEditor.AssetImporters.ScriptedImporter:GenerateAssetData (UnityEditor.AssetImporters.AssetImportContext)

[C:\build\output\unity\unity\Runtime\Serialize\SerializedFile.cpp line 835]

Imported 'GUID: b7f33bcc43694fb4883490ff121f6619' -> (Import Result ID: 'a7878e1f51f00a902fae256ff3fa31d1') in 0.010 seconds [static and dynamic dependencies]. Details - ImportResultOutputID=bac1ca5bff754b0d41e1db89876d0796 DependenciesID=619a13c2d8edd0036a95ba3f7d693c62 StaticDependenciesID=83ff8058ea4a0f8a82893e00e0ad60ed 
Number of updated asset objects reloaded before import = 0
Number of asset objects unloaded after import = 1
========================================================================
Received Import Request.
  Time of request: 2026-10-06T13:04:40.3063358Z
  Time since last request: 0.0005418 seconds.
  importAddress: GUID: a06032f436ded294eb857e2fe075150e - Path: Assets/Scripts/ExplosionEffect.cs - Importer: ScriptedImporter/UnityEditor.QuickSearchModule:UnityEditor.Search:ASIAI0B
Importing 'GUID: a06032f436ded294eb857e2fe075150e - Path: Assets/Scripts/ExplosionEffect.cs - Importer: ScriptedImporter/UnityEditor.QuickSearchModule:UnityEditor.Search:ASIAI0B' with importer (ScriptedImporter : UnityEditor.QuickSearchModule:UnityEditor.Search:ASIAI0B)
Imported 'GUID: a06032f436ded294eb857e2fe075150e' -> (Import Result ID: '506817cd36684d7172916f2edae2f149') in 0.006 seconds [static and dynamic dependencies]. Details - ImportResultOutputID=5c037961424432eae7aca461ebbd2777 DependenciesID=8accbf2f865004a33962a2d4cc7b18ff StaticDependenciesID=20099ce952f80ba42474919e67c1eda5 
Number of updated asset objects reloaded before import = 0
Number of asset objects unloaded after import = 0
========================================================================
Received Import Request.
  Time of request: 2026-10-06T13:04:40.313403Z
  Time since last request: 0.0005681 seconds.
  importAddress: GUID: 05172535519920047a136b3220d60e2d - Path: Assets/Scripts/GameManager.cs - Importer: ScriptedImporter/UnityEditor.QuickSearchModule:UnityEditor.Search:ASIAI0B
Importing 'GUID: 05172535519920047a136b3220d60e2d - Path: Assets/Scripts/GameManager.cs - Importer: ScriptedImporter/UnityEditor.QuickSearchModule:UnityEditor.Search:ASIAI0B' with importer (ScriptedImporter : UnityEditor.QuickSearchModule:UnityEditor.Search:ASIAI0B)
Imported 'GUID: 05172535519920047a136b3220d60e2d' -> (Import Result ID: 'c6d507882e2165da99387e6207071830') in 0.005 seconds [static and dynamic dependencies]. Details - ImportResultOutputID=bae7fdef0ab00c0aa9a6492458fc235b DependenciesID=7559ee35a08cced4c2656b3278978ec3 StaticDependenciesID=666ea08955a9b23ccc7e2819c8d2a17b 
Number of updated asset objects reloaded before import = 0
Number of asset objects unloaded after import = 0
========================================================================
Received Import Request.
  Time of request: 2026-10-06T13:04:40.3376816Z
  Time since last request: 0.0186482 seconds.
  importAddress: GUID: df43dcb91e5c27644b87e85dd5346bd4 - Path: Assets/Sounds/music-title.mp3 - Importer: ScriptedImporter/UnityEditor.QuickSearchModule:UnityEditor.Search:ASIAI0B
Importing 'GUID: df43dcb91e5c27644b87e85dd5346bd4 - Path: Assets/Sounds/music-title.mp3 - Importer: ScriptedImporter/UnityEditor.QuickSearchModule:UnityEditor.Search:ASIAI0B' with importer (ScriptedImporter : UnityEditor.QuickSearchModule:UnityEditor.Search:ASIAI0B)
Imported 'GUID: df43dcb91e5c27644b87e85dd5346bd4' -> (Import Result ID: '9adc07387d6c7c171a131e442281c056') in 0.136 seconds [static and dynamic dependencies]. Details - ImportResultOutputID=aafe8eeb8a222310a1f610772e7e0829 DependenciesID=90949790dc8d58e5597e9971d1a51345 StaticDependenciesID=aedf50717b0c8cf27553b9bb739ee873 
Number of updated asset objects reloaded before import = 0
Number of asset objects unloaded after import = 1
========================================================================
Received Import Request.
  Time of request: 2026-10-06T13:04:40.484228Z
  Time since last request: 0.0101979 seconds.
  importAddress: GUID: 9ad217a7176aba949be9f5f0dd808420 - Path: Assets/Scripts/DeathPlane.cs - Importer: ScriptedImporter/UnityEditor.QuickSearchModule:UnityEditor.Search:ASIAI0B
Importing 'GUID: 9ad217a7176aba949be9f5f0dd808420 - Path: Assets/Scripts/DeathPlane.cs - Importer: ScriptedImporter/UnityEditor.QuickSearchModule:UnityEditor.Search:ASIAI0B' with importer (ScriptedImporter : UnityEditor.QuickSearchModule:UnityEditor.Search:ASIAI0B)
Imported 'GUID: 9ad217a7176aba949be9f5f0dd808420' -> (Import Result ID: 'b602279a017b9d095bde5889021e1809') in 0.007 seconds [static and dynamic dependencies]. Details - ImportResultOutputID=2732f6070be507f94be20ae499824d93 DependenciesID=97526e9e87247e35d3c7c0f73b71aab5 StaticDependenciesID=184571637755adaa3958178287129f86 
Number of updated asset objects reloaded before import = 0
Number of asset objects unloaded after import = 0
========================================================================
Received Import Request.
  Time of request: 2026-10-06T13:04:40.491736Z
  Time since last request: 0.0005571 seconds.
  importAddress: GUID: 8e81555f9071a0e49b9663f27273e440 - Path: Assets/Scenes/Level_5.unity - Importer: ScriptedImporter/UnityEditor.QuickSearchModule:UnityEditor.Search:ASIAI0B
Importing 'GUID: 8e81555f9071a0e49b9663f27273e440 - Path: Assets/Scenes/Level_5.unity - Importer: ScriptedImporter/UnityEditor.QuickSearchModule:UnityEditor.Search:ASIAI0B' with importer (ScriptedImporter : UnityEditor.QuickSearchModule:UnityEditor.Search:ASIAI0B)
Serialized files [version 17] before 2019.1 are deprecated. Open and re-save the file: "Assets/Scenes/Level_5.unity"
UnityEngine.Debug:ExtractStackTraceNoAlloc (byte*,int,string)
UnityEngine.StackTraceUtility:ExtractStackTrace ()
UnityEditor.AssetDatabase:GetDependencies (string,bool)
UnityEditor.Search.AssetIndexer:IndexDependencies (int&,string&)
UnityEditor.Search.AssetIndexer:IndexDocument (string,bool)
UnityEditor.Search.SearchIndexArtifactImporter:OnImportAsset (UnityEditor.AssetImporters.AssetImportContext)
UnityEditor.AssetImporters.ScriptedImporter:GenerateAssetData (UnityEditor.AssetImporters.AssetImportContext)

[C:\build\output\unity\unity\Runtime\Serialize\SerializedFile.cpp line 835]

Imported 'GUID: 8e81555f9071a0e49b9663f27273e440' -> (Import Result ID: '62ab909ac62be03a173aec4b2202ffaf') in 0.010 seconds [static and dynamic dependencies]. Details - ImportResultOutputID=12e0deb5164136fb8e6901316fecb730 DependenciesID=64f6768a7d1d8f572cca15bfdf0f9d7f StaticDependenciesID=5aae0d32209abedbaef9d637ff9fb32d 
Number of updated asset objects reloaded before import = 0
Number of asset objects unloaded after import = 1
========================================================================
Received Import Request.
  Time of request: 2026-10-06T13:04:40.5027497Z
  Time since last request: 0.0005711 seconds.
  importAddress: GUID: b3f288784c1182743a11ff61324f4c0f - Path: Assets/Scripts/IAttractable.cs - Importer: ScriptedImporter/UnityEditor.QuickSearchModule:UnityEditor.Search:ASIAI0B
Importing 'GUID: b3f288784c1182743a11ff61324f4c0f - Path: Assets/Scripts/IAttractable.cs - Importer: ScriptedImporter/UnityEditor.QuickSearchModule:UnityEditor.Search:ASIAI0B' with importer (ScriptedImporter : UnityEditor.QuickSearchModule:UnityEditor.Search:ASIAI0B)
Imported 'GUID: b3f288784c1182743a11ff61324f4c0f' -> (Import Result ID: 'dd4cb3ce6b855ff8174dd81461f59b58') in 0.006 seconds [static and dynamic dependencies]. Details - ImportResultOutputID=2be9ffb705b3eb04577c254f32786c69 DependenciesID=35a02c2f4f63dc6bc5950991e2ace088 StaticDependenciesID=d162d1b8273b201c77517cfd720a51e3 
Number of updated asset objects reloaded before import = 0
Number of asset objects unloaded after import = 0
========================================================================
Received Import Request.
  Time of request: 2026-10-06T13:04:40.5093663Z
  Time since last request: 0.0004687 seconds.
  importAddress: GUID: 44c15b6feb06d9e43a80b2a28f962f15 - Path: Assets/Sounds/player-repel-short.wav - Importer: ScriptedImporter/UnityEditor.QuickSearchModule:UnityEditor.Search:ASIAI0B
Importing 'GUID: 44c15b6feb06d9e43a80b2a28f962f15 - Path: Assets/Sounds/player-repel-short.wav - Importer: ScriptedImporter/UnityEditor.QuickSearchModule:UnityEditor.Search:ASIAI0B' with importer (ScriptedImporter : UnityEditor.QuickSearchModule:UnityEditor.Search:ASIAI0B)
Imported 'GUID: 44c15b6feb06d9e43a80b2a28f962f15' -> (Import Result ID: '1a21df962ed8cd8a7ec062a3cda15595') in 0.014 seconds [static and dynamic dependencies]. Details - ImportResultOutputID=77e9df9369c6783bb7ce104b08fba3c0 DependenciesID=85b6d7141f1c2917d9781b6b5ad6d808 StaticDependenciesID=cec7a1692c82b4bc686ccba701f01426 
Number of updated asset objects reloaded before import = 0
Number of asset objects unloaded after import = 1
========================================================================
Received Import Request.
  Time of request: 2026-10-06T13:04:40.5241417Z
  Time since last request: 0.0006585 seconds.
  importAddress: GUID: 1234d00417409a048860585c93bb4419 - Path: Assets/Sounds/player-attracting-new.wav - Importer: ScriptedImporter/UnityEditor.QuickSearchModule:UnityEditor.Search:ASIAI0B
Importing 'GUID: 1234d00417409a048860585c93bb4419 - Path: Assets/Sounds/player-attracting-new.wav - Importer: ScriptedImporter/UnityEditor.QuickSearchModule:UnityEditor.Search:ASIAI0B' with importer (ScriptedImporter : UnityEditor.QuickSearchModule:UnityEditor.Search:ASIAI0B)
Imported 'GUID: 1234d00417409a048860585c93bb4419' -> (Import Result ID: 'e9c357278c7f04072be5921817950509') in 0.015 seconds [static and dynamic dependencies]. Details - ImportResultOutputID=a3f2a6c537233f52eb8170c78150a293 DependenciesID=f4514eb8fcc8783bf428f385593f7143 StaticDependenciesID=ac25f5de7c1aa974a1fa9b569d4ddd32 
Number of updated asset objects reloaded before import = 0
Number of asset objects unloaded after import = 1
========================================================================
Received Import Request.
  Time of request: 2026-10-06T13:04:40.5405342Z
  Time since last request: 0.0005812 seconds.
  importAddress: GUID: c4e05a138b7864a48889f78ef3095d00 - Path: Assets/Textures/texture-crate-blank.jpg - Importer: ScriptedImporter/UnityEditor.QuickSearchModule:UnityEditor.Search:ASIAI0B
Importing 'GUID: c4e05a138b7864a48889f78ef3095d00 - Path: Assets/Textures/texture-crate-blank.jpg - Importer: ScriptedImporter/UnityEditor.QuickSearchModule:UnityEditor.Search:ASIAI0B' with importer (ScriptedImporter : UnityEditor.QuickSearchModule:UnityEditor.Search:ASIAI0B)
Imported 'GUID: c4e05a138b7864a48889f78ef3095d00' -> (Import Result ID: '3ed6f42c2854d895d131c1560456ac73') in 0.013 seconds [static and dynamic dependencies]. Details - ImportResultOutputID=45f100f6933cad4421eb544c61595ba7 DependenciesID=c589b68b94daa88e3dfd4937d6586250 StaticDependenciesID=035b0a8e18aed822471ff6f9ac911c43 
Number of updated asset objects reloaded before import = 0
Number of asset objects unloaded after import = 1
========================================================================
Received Import Request.
  Time of request: 2026-10-06T13:04:40.5540935Z
  Time since last request: 0.0006531 seconds.
  importAddress: GUID: 0e89dc4336dcd964d93056639a0e16dc - Path: Assets/Scenes/WinMenu.unity - Importer: ScriptedImporter/UnityEditor.QuickSearchModule:UnityEditor.Search:ASIAI0B
Importing 'GUID: 0e89dc4336dcd964d93056639a0e16dc - Path: Assets/Scenes/WinMenu.unity - Importer: ScriptedImporter/UnityEditor.QuickSearchModule:UnityEditor.Search:ASIAI0B' with importer (ScriptedImporter : UnityEditor.QuickSearchModule:UnityEditor.Search:ASIAI0B)
Serialized files [version 17] before 2019.1 are deprecated. Open and re-save the file: "Assets/Scenes/WinMenu.unity"
UnityEngine.Debug:ExtractStackTraceNoAlloc (byte*,int,string)
UnityEngine.StackTraceUtility:ExtractStackTrace ()
UnityEditor.AssetDatabase:GetDependencies (string,bool)
UnityEditor.Search.AssetIndexer:IndexDependencies (int&,string&)
UnityEditor.Search.AssetIndexer:IndexDocument (string,bool)
UnityEditor.Search.SearchIndexArtifactImporter:OnImportAsset (UnityEditor.AssetImporters.AssetImportContext)
UnityEditor.AssetImporters.ScriptedImporter:GenerateAssetData (UnityEditor.AssetImporters.AssetImportContext)

[C:\build\output\unity\unity\Runtime\Serialize\SerializedFile.cpp line 835]

Imported 'GUID: 0e89dc4336dcd964d93056639a0e16dc' -> (Import Result ID: '21cfc0dbc5414b70c98c22e5a1df7f43') in 0.009 seconds [static and dynamic dependencies]. Details - ImportResultOutputID=628f0b2671b468e9f877f64dcd6c3366 DependenciesID=3c4e200da6aebd52e79fd7353e35dbbe StaticDependenciesID=16e63ee9fe0fb0e1e64a383cb1e4fe64 
Number of updated asset objects reloaded before import = 0
Number of asset objects unloaded after import = 1
========================================================================
Received Import Request.
  Time of request: 2026-10-06T13:04:40.5642527Z
  Time since last request: 0.0004758 seconds.
  importAddress: GUID: cffac5c4ef2b797469a573241cfe39ed - Path: Assets/Textures/texture-crate-top.jpg - Importer: ScriptedImporter/UnityEditor.QuickSearchModule:UnityEditor.Search:ASIAI0B
Importing 'GUID: cffac5c4ef2b797469a573241cfe39ed - Path: Assets/Textures/texture-crate-top.jpg - Importer: ScriptedImporter/UnityEditor.QuickSearchModule:UnityEditor.Search:ASIAI0B' with importer (ScriptedImporter : UnityEditor.QuickSearchModule:UnityEditor.Search:ASIAI0B)
Imported 'GUID: cffac5c4ef2b797469a573241cfe39ed' -> (Import Result ID: 'd4e8e4472e791ba2cb75af1f1eaaa720') in 0.015 seconds [static and dynamic dependencies]. Details - ImportResultOutputID=cf3e28bb971af7ffffcbc3d36cd168ab DependenciesID=3a0b6cb07658196b74c9a34f926f90a4 StaticDependenciesID=fee1b0910dfeddd1183a4ad29a5b4cdb 
Number of updated asset objects reloaded before import = 0
Number of asset objects unloaded after import = 1
========================================================================
Received Import Request.
  Time of request: 2026-10-06T13:04:40.5803714Z
  Time since last request: 0.0007912 seconds.
  importAddress: GUID: cb767039ef4554f4d800945d30374d00 - Path: Assets/Textures/texture-magnet.jpg - Importer: ScriptedImporter/UnityEditor.QuickSearchModule:UnityEditor.Search:ASIAI0B
Importing 'GUID: cb767039ef4554f4d800945d30374d00 - Path: Assets/Textures/texture-magnet.jpg - Importer: ScriptedImporter/UnityEditor.QuickSearchModule:UnityEditor.Search:ASIAI0B' with importer (ScriptedImporter : UnityEditor.QuickSearchModule:UnityEditor.Search:ASIAI0B)
Imported 'GUID: cb767039ef4554f4d800945d30374d00' -> (Import Result ID: '43e7caa1e2219e58b7fdb4911f3169bd') in 0.016 seconds [static and dynamic dependencies]. Details - ImportResultOutputID=1f87abb8072ad07a42369ff9238e20c8 DependenciesID=549d6eb4ec75acc439b370f90fb70dab StaticDependenciesID=fd49e5b747c2193ccb995db1ff4b71df 
Number of updated asset objects reloaded before import = 0
Number of asset objects unloaded after import = 1
========================================================================
Received Import Request.
  Time of request: 2026-10-06T13:04:40.597235Z
  Time since last request: 0.0006367 seconds.
  importAddress: GUID: 544f93e26cc59e24a99322488dd34595 - Path: Assets/Textures/texture-crate-side.jpg - Importer: ScriptedImporter/UnityEditor.QuickSearchModule:UnityEditor.Search:ASIAI0B
Importing 'GUID: 544f93e26cc59e24a99322488dd34595 - Path: Assets/Textures/texture-crate-side.jpg - Importer: ScriptedImporter/UnityEditor.QuickSearchModule:UnityEditor.Search:ASIAI0B' with importer (ScriptedImporter : UnityEditor.QuickSearchModule:UnityEditor.Search:ASIAI0B)
Imported 'GUID: 544f93e26cc59e24a99322488dd34595' -> (Import Result ID: '255df744a4a4006d42affdc3f196e25b') in 0.013 seconds [static and dynamic dependencies]. Details - ImportResultOutputID=96226e5e5c56cd4315bd73d36c114c5e DependenciesID=62dd89a8ac711f02c283413e3aeb8777 StaticDependenciesID=fc10ac62d1c7ade5a6783e3c3e8c3e8e 
Number of updated asset objects reloaded before import = 0
Number of asset objects unloaded after import = 1
========================================================================
Received Import Request.
  Time of request: 2026-10-06T13:04:40.6115232Z
  Time since last request: 0.0006997 seconds.
  importAddress: GUID: d5939c405d78d0b42982420845ece7bf - Path: Assets/Scenes/Sanbox.unity - Importer: ScriptedImporter/UnityEditor.QuickSearchModule:UnityEditor.Search:ASIAI0B
Importing 'GUID: d5939c405d78d0b42982420845ece7bf - Path: Assets/Scenes/Sanbox.unity - Importer: ScriptedImporter/UnityEditor.QuickSearchModule:UnityEditor.Search:ASIAI0B' with importer (ScriptedImporter : UnityEditor.QuickSearchModule:UnityEditor.Search:ASIAI0B)
Serialized files [version 17] before 2019.1 are deprecated. Open and re-save the file: "Assets/Scenes/Sanbox.unity"
UnityEngine.Debug:ExtractStackTraceNoAlloc (byte*,int,string)
UnityEngine.StackTraceUtility:ExtractStackTrace ()
UnityEditor.AssetDatabase:GetDependencies (string,bool)
UnityEditor.Search.AssetIndexer:IndexDependencies (int&,string&)
UnityEditor.Search.AssetIndexer:IndexDocument (string,bool)
UnityEditor.Search.SearchIndexArtifactImporter:OnImportAsset (UnityEditor.AssetImporters.AssetImportContext)
UnityEditor.AssetImporters.ScriptedImporter:GenerateAssetData (UnityEditor.AssetImporters.AssetImportContext)

[C:\build\output\unity\unity\Runtime\Serialize\SerializedFile.cpp line 835]

Imported 'GUID: d5939c405d78d0b42982420845ece7bf' -> (Import Result ID: 'b803de5b9eb8168f80ebf56c6796d8ba') in 0.010 seconds [static and dynamic dependencies]. Details - ImportResultOutputID=04b8435c1b7b6d00ef18d515b2e33db1 DependenciesID=63e88858ccd48ae7a9fa0d09bc683463 StaticDependenciesID=c5b8ce759994ee443afd5f94e0fcce13 
Number of updated asset objects reloaded before import = 0
Number of asset objects unloaded after import = 1
========================================================================
Received Import Request.
  Time of request: 2026-10-06T13:04:40.6226108Z
  Time since last request: 0.0006032 seconds.
  importAddress: GUID: e1538021e42fc8e458176cc8bf676eac - Path: Assets/Textures/texture-magnet 1.jpg - Importer: ScriptedImporter/UnityEditor.QuickSearchModule:UnityEditor.Search:ASIAI0B
Importing 'GUID: e1538021e42fc8e458176cc8bf676eac - Path: Assets/Textures/texture-magnet 1.jpg - Importer: ScriptedImporter/UnityEditor.QuickSearchModule:UnityEditor.Search:ASIAI0B' with importer (ScriptedImporter : UnityEditor.QuickSearchModule:UnityEditor.Search:ASIAI0B)
Imported 'GUID: e1538021e42fc8e458176cc8bf676eac' -> (Import Result ID: '57f4268a8d23b53210ee01d8cfe5dcb9') in 0.014 seconds [static and dynamic dependencies]. Details - ImportResultOutputID=763612d2aedbdff127779af823e96951 DependenciesID=872d20d0efe3ac0cc417a9732b333def StaticDependenciesID=f2151a26377eb711f124e6e99facf9e0 
Number of updated asset objects reloaded before import = 0
Number of asset objects unloaded after import = 1
========================================================================
Received Import Request.
  Time of request: 2026-10-06T13:04:40.6378821Z
  Time since last request: 0.00063 seconds.
  importAddress: GUID: c54d30654c29fe7438b4c056dffbb852 - Path: Assets/Sounds/crate-hole.wav - Importer: ScriptedImporter/UnityEditor.QuickSearchModule:UnityEditor.Search:ASIAI0B
Importing 'GUID: c54d30654c29fe7438b4c056dffbb852 - Path: Assets/Sounds/crate-hole.wav - Importer: ScriptedImporter/UnityEditor.QuickSearchModule:UnityEditor.Search:ASIAI0B' with importer (ScriptedImporter : UnityEditor.QuickSearchModule:UnityEditor.Search:ASIAI0B)
Imported 'GUID: c54d30654c29fe7438b4c056dffbb852' -> (Import Result ID: '0f968a45b36b23edd9515cf8fc8b5e1f') in 0.014 seconds [static and dynamic dependencies]. Details - ImportResultOutputID=b5a97725499d0940fffc0c536c550de8 DependenciesID=9c7c556d532186d6b58bd2c72648a294 StaticDependenciesID=38e7b5ef667b62bc97eefb3667a04177 
Number of updated asset objects reloaded before import = 0
Number of asset objects unloaded after import = 1
========================================================================
Received Import Request.
  Time of request: 2026-10-06T13:04:40.6528371Z
  Time since last request: 0.0005937 seconds.
  importAddress: GUID: 50656ad0e7825c743903d54e9faba195 - Path: Assets/Prefabs/_CameraRig.prefab - Importer: ScriptedImporter/UnityEditor.QuickSearchModule:UnityEditor.Search:ASIAI0B
Importing 'GUID: 50656ad0e7825c743903d54e9faba195 - Path: Assets/Prefabs/_CameraRig.prefab - Importer: ScriptedImporter/UnityEditor.QuickSearchModule:UnityEditor.Search:ASIAI0B' with importer (ScriptedImporter : UnityEditor.QuickSearchModule:UnityEditor.Search:ASIAI0B)
Serialized files [version 17] before 2019.1 are deprecated. Open and re-save the file: "Assets/Prefabs/_CameraRig.prefab"
UnityEngine.Debug:ExtractStackTraceNoAlloc (byte*,int,string)
UnityEngine.StackTraceUtility:ExtractStackTrace ()
UnityEditor.AssetDatabase:GetDependencies (string,bool)
UnityEditor.Search.AssetIndexer:IndexDependencies (int&,string&)
UnityEditor.Search.AssetIndexer:IndexDocument (string,bool)
UnityEditor.Search.SearchIndexArtifactImporter:OnImportAsset (UnityEditor.AssetImporters.AssetImportContext)
UnityEditor.AssetImporters.ScriptedImporter:GenerateAssetData (UnityEditor.AssetImporters.AssetImportContext)

[C:\build\output\unity\unity\Runtime\Serialize\SerializedFile.cpp line 835]

Imported 'GUID: 50656ad0e7825c743903d54e9faba195' -> (Import Result ID: '33de67b673b8e74b9053b2e7f4c21a28') in 0.014 seconds [static and dynamic dependencies]. Details - ImportResultOutputID=d9c6edef2ba62742d58a4e95c55b0eef DependenciesID=0384d20a614fef1af8a57906038fbc97 StaticDependenciesID=9a4dcb98fd4d6b51b65990137cb0b9bd 
Number of updated asset objects reloaded before import = 0
Number of asset objects unloaded after import = 10
========================================================================
Received Import Request.
  Time of request: 2026-10-06T13:04:40.6678715Z
  Time since last request: 0.0004488 seconds.
  importAddress: GUID: 306bb472b478c894bbe680cb7323ece7 - Path: Assets/Scenes/MainMenuSettings.lighting - Importer: ScriptedImporter/UnityEditor.QuickSearchModule:UnityEditor.Search:ASIAI0B
Importing 'GUID: 306bb472b478c894bbe680cb7323ece7 - Path: Assets/Scenes/MainMenuSettings.lighting - Importer: ScriptedImporter/UnityEditor.QuickSearchModule:UnityEditor.Search:ASIAI0B' with importer (ScriptedImporter : UnityEditor.QuickSearchModule:UnityEditor.Search:ASIAI0B)
LightingSettings: switching bake backend from 2 to 1.
Imported 'GUID: 306bb472b478c894bbe680cb7323ece7' -> (Import Result ID: 'f055604c78ee29ac8b2c15ea1e833791') in 0.021 seconds [static and dynamic dependencies]. Details - ImportResultOutputID=c417d600549d45b3eaf9da9c0cf21842 DependenciesID=fbf0bc164a88604b292470a4ff3bcb66 StaticDependenciesID=71a2aa16433753ce6b1a738a1898b4d9 
Number of updated asset objects reloaded before import = 0
Number of asset objects unloaded after import = 1
========================================================================
Received Import Request.
  Time of request: 2026-10-06T13:04:40.6903137Z
  Time since last request: 0.0006286 seconds.
  importAddress: GUID: e9c3ec9f284b5b842994f052a0f3ffb6 - Path: Assets/Scenes/MainMenu.unity - Importer: ScriptedImporter/UnityEditor.QuickSearchModule:UnityEditor.Search:ASIAI0B
Importing 'GUID: e9c3ec9f284b5b842994f052a0f3ffb6 - Path: Assets/Scenes/MainMenu.unity - Importer: ScriptedImporter/UnityEditor.QuickSearchModule:UnityEditor.Search:ASIAI0B' with importer (ScriptedImporter : UnityEditor.QuickSearchModule:UnityEditor.Search:ASIAI0B)
Imported 'GUID: e9c3ec9f284b5b842994f052a0f3ffb6' -> (Import Result ID: '467b487b7996ce7cda63636fb5fb9c4c') in 0.011 seconds [static and dynamic dependencies]. Details - ImportResultOutputID=c0780d819b8e1e9bbcfaca4777b91c79 DependenciesID=cfba64ec77b79dda4c0a4e349b0ed855 StaticDependenciesID=7d53f4f787e7d2b107a3e1326ebfe3f4 
Number of updated asset objects reloaded before import = 0
Number of asset objects unloaded after import = 1
========================================================================
Received Import Request.
  Time of request: 2026-10-06T13:04:40.7027687Z
  Time since last request: 0.0006408 seconds.
  importAddress: GUID: 21b4c4a83f97f914ba290f4e4a48687d - Path: Assets/Scripts/MainMenu.cs - Importer: ScriptedImporter/UnityEditor.QuickSearchModule:UnityEditor.Search:ASIAI0B
Importing 'GUID: 21b4c4a83f97f914ba290f4e4a48687d - Path: Assets/Scripts/MainMenu.cs - Importer: ScriptedImporter/UnityEditor.QuickSearchModule:UnityEditor.Search:ASIAI0B' with importer (ScriptedImporter : UnityEditor.QuickSearchModule:UnityEditor.Search:ASIAI0B)
Imported 'GUID: 21b4c4a83f97f914ba290f4e4a48687d' -> (Import Result ID: '875a6d9fdcd06e6b352d5c77d7ef4f39') in 0.007 seconds [static and dynamic dependencies]. Details - ImportResultOutputID=d9659241f39365be3971438d0cacf40e DependenciesID=27a1d6664afd3dda02a76d148ab5a627 StaticDependenciesID=4df9d784f697cd50699706c7de500fdc 
Number of updated asset objects reloaded before import = 0
Number of asset objects unloaded after import = 0
========================================================================
Received Import Request.
  Time of request: 2026-10-06T13:04:40.7103098Z
  Time since last request: 0.0005437 seconds.
  importAddress: GUID: c283821e4c9bbd24c985a756f430eac9 - Path: Assets/Scripts/IRespawnable.cs - Importer: ScriptedImporter/UnityEditor.QuickSearchModule:UnityEditor.Search:ASIAI0B
Importing 'GUID: c283821e4c9bbd24c985a756f430eac9 - Path: Assets/Scripts/IRespawnable.cs - Importer: ScriptedImporter/UnityEditor.QuickSearchModule:UnityEditor.Search:ASIAI0B' with importer (ScriptedImporter : UnityEditor.QuickSearchModule:UnityEditor.Search:ASIAI0B)
Imported 'GUID: c283821e4c9bbd24c985a756f430eac9' -> (Import Result ID: '651cb6f9589b5c87d94b7a7cc3b9eec6') in 0.006 seconds [static and dynamic dependencies]. Details - ImportResultOutputID=87cf6c14222ab317c799756a6ed5d4a2 DependenciesID=3299d1b12f92214d72b0a5a5da763e10 StaticDependenciesID=6f224c0347ee271abad194340f1e114e 
Number of updated asset objects reloaded before import = 0
Number of asset objects unloaded after import = 0
========================================================================
Received Import Request.
  Time of request: 2026-10-06T13:04:40.7177182Z
  Time since last request: 0.0007672 seconds.
  importAddress: GUID: 1e312d25ef13b824a810119935226aae - Path: Assets/Scenes/Level_2.unity - Importer: ScriptedImporter/UnityEditor.QuickSearchModule:UnityEditor.Search:ASIAI0B
Importing 'GUID: 1e312d25ef13b824a810119935226aae - Path: Assets/Scenes/Level_2.unity - Importer: ScriptedImporter/UnityEditor.QuickSearchModule:UnityEditor.Search:ASIAI0B' with importer (ScriptedImporter : UnityEditor.QuickSearchModule:UnityEditor.Search:ASIAI0B)
Serialized files [version 17] before 2019.1 are deprecated. Open and re-save the file: "Assets/Scenes/Level_2.unity"
UnityEngine.Debug:ExtractStackTraceNoAlloc (byte*,int,string)
UnityEngine.StackTraceUtility:ExtractStackTrace ()
UnityEditor.AssetDatabase:GetDependencies (string,bool)
UnityEditor.Search.AssetIndexer:IndexDependencies (int&,string&)
UnityEditor.Search.AssetIndexer:IndexDocument (string,bool)
UnityEditor.Search.SearchIndexArtifactImporter:OnImportAsset (UnityEditor.AssetImporters.AssetImportContext)
UnityEditor.AssetImporters.ScriptedImporter:GenerateAssetData (UnityEditor.AssetImporters.AssetImportContext)

[C:\build\output\unity\unity\Runtime\Serialize\SerializedFile.cpp line 835]

Imported 'GUID: 1e312d25ef13b824a810119935226aae' -> (Import Result ID: 'bfbc09d2100a51cc6ac557ec582ff8ba') in 0.009 seconds [static and dynamic dependencies]. Details - ImportResultOutputID=209c766bfe929e3fed7cfc82857a4e74 DependenciesID=8fd4c737cfedec44749e7a18a7e75f78 StaticDependenciesID=82bf3ac8c04837b2638dcc36c3f56409 
Number of updated asset objects reloaded before import = 0
Number of asset objects unloaded after import = 1
========================================================================
Received Import Request.
  Time of request: 2026-10-06T13:04:40.7278824Z
  Time since last request: 0.0005508 seconds.
  importAddress: GUID: fc524b90babc52a49a09773b5835605a - Path: Assets/Textures/texture-button.jpg - Importer: ScriptedImporter/UnityEditor.QuickSearchModule:UnityEditor.Search:ASIAI0B
Importing 'GUID: fc524b90babc52a49a09773b5835605a - Path: Assets/Textures/texture-button.jpg - Importer: ScriptedImporter/UnityEditor.QuickSearchModule:UnityEditor.Search:ASIAI0B' with importer (ScriptedImporter : UnityEditor.QuickSearchModule:UnityEditor.Search:ASIAI0B)
Imported 'GUID: fc524b90babc52a49a09773b5835605a' -> (Import Result ID: '791b4670af495ca0a6e2260aaf0c78fb') in 0.015 seconds [static and dynamic dependencies]. Details - ImportResultOutputID=a14fd0a8f856df98743cf2dbb188b30f DependenciesID=87fdb173cfb00b52e5c4440260eea267 StaticDependenciesID=ad4cf7778dfdcf11b194e63d168497d9 
Number of updated asset objects reloaded before import = 0
Number of asset objects unloaded after import = 1
========================================================================
Received Import Request.
  Time of request: 2026-10-06T13:04:40.7434779Z
  Time since last request: 0.0006382 seconds.
  importAddress: GUID: f0e8d73c598b5d548a142cfd423a15c8 - Path: Assets/Sounds/menu-click-short.wav - Importer: ScriptedImporter/UnityEditor.QuickSearchModule:UnityEditor.Search:ASIAI0B
Importing 'GUID: f0e8d73c598b5d548a142cfd423a15c8 - Path: Assets/Sounds/menu-click-short.wav - Importer: ScriptedImporter/UnityEditor.QuickSearchModule:UnityEditor.Search:ASIAI0B' with importer (ScriptedImporter : UnityEditor.QuickSearchModule:UnityEditor.Search:ASIAI0B)
Imported 'GUID: f0e8d73c598b5d548a142cfd423a15c8' -> (Import Result ID: '87a8e720022284e9fb1b3e8cbff2c322') in 0.011 seconds [static and dynamic dependencies]. Details - ImportResultOutputID=26af066aa392200dbda0d80d5e43eef5 DependenciesID=6d32495977eb8838af11f061f1c67d67 StaticDependenciesID=e1287e8981d0f23ecc93b28fa0b03d46 
Number of updated asset objects reloaded before import = 0
Number of asset objects unloaded after import = 1
========================================================================
Received Import Request.
  Time of request: 2026-10-06T13:04:40.7554711Z
  Time since last request: 0.0006253 seconds.
  importAddress: GUID: 05328f9583b26cc4486a3740b299a032 - Path: Assets/Scripts/IMagnetic.cs - Importer: ScriptedImporter/UnityEditor.QuickSearchModule:UnityEditor.Search:ASIAI0B
Importing 'GUID: 05328f9583b26cc4486a3740b299a032 - Path: Assets/Scripts/IMagnetic.cs - Importer: ScriptedImporter/UnityEditor.QuickSearchModule:UnityEditor.Search:ASIAI0B' with importer (ScriptedImporter : UnityEditor.QuickSearchModule:UnityEditor.Search:ASIAI0B)
Imported 'GUID: 05328f9583b26cc4486a3740b299a032' -> (Import Result ID: '4bc556c90f5f6f94f81927844118575c') in 0.007 seconds [static and dynamic dependencies]. Details - ImportResultOutputID=623cfa468bf95d7eae81206c5204ae3c DependenciesID=ed0d0b7cfa834214bb2a835802bc91fa StaticDependenciesID=d55da8c9433d57c4a5b09e68c6159390 
Number of updated asset objects reloaded before import = 0
Number of asset objects unloaded after import = 0
========================================================================
Received Import Request.
  Time of request: 2026-10-06T13:04:40.7631024Z
  Time since last request: 0.0007224 seconds.
  importAddress: GUID: 12b7693bd0e548946b96f495506a41d4 - Path: Assets/Sounds/spikeball-break.wav - Importer: ScriptedImporter/UnityEditor.QuickSearchModule:UnityEditor.Search:ASIAI0B
Importing 'GUID: 12b7693bd0e548946b96f495506a41d4 - Path: Assets/Sounds/spikeball-break.wav - Importer: ScriptedImporter/UnityEditor.QuickSearchModule:UnityEditor.Search:ASIAI0B' with importer (ScriptedImporter : UnityEditor.QuickSearchModule:UnityEditor.Search:ASIAI0B)
Imported 'GUID: 12b7693bd0e548946b96f495506a41d4' -> (Import Result ID: '8319f314ac76091c4864b5bf1c4600cc') in 0.025 seconds [static and dynamic dependencies]. Details - ImportResultOutputID=51a75da31871c06d3ea58f35e4251dbd DependenciesID=c643e9dd52b9fae3240ae1b2594c258c StaticDependenciesID=66536a9cbd46fef6989735219c07b11b 
Number of updated asset objects reloaded before import = 0
Number of asset objects unloaded after import = 1
========================================================================
Received Import Request.
  Time of request: 2026-10-06T13:04:40.7889643Z
  Time since last request: 0.0005983 seconds.
  importAddress: GUID: 17ef0ce3fdcc6a442a78db8c3515cab8 - Path: Assets/Scripts/HoleTile.cs - Importer: ScriptedImporter/UnityEditor.QuickSearchModule:UnityEditor.Search:ASIAI0B
Importing 'GUID: 17ef0ce3fdcc6a442a78db8c3515cab8 - Path: Assets/Scripts/HoleTile.cs - Importer: ScriptedImporter/UnityEditor.QuickSearchModule:UnityEditor.Search:ASIAI0B' with importer (ScriptedImporter : UnityEditor.QuickSearchModule:UnityEditor.Search:ASIAI0B)
Imported 'GUID: 17ef0ce3fdcc6a442a78db8c3515cab8' -> (Import Result ID: '10c276afd485982fbd305626a38338ed') in 0.006 seconds [static and dynamic dependencies]. Details - ImportResultOutputID=2984ec9c77db1f91fc21aa1bf748d5d3 DependenciesID=e424fe6950af1bb8355b97d1d4e2f663 StaticDependenciesID=aeea1e5407d2f02faff2aa8d1721504e 
Number of updated asset objects reloaded before import = 0
Number of asset objects unloaded after import = 0
========================================================================
Received Import Request.
  Time of request: 2026-10-06T13:04:40.7963327Z
  Time since last request: 0.0006144 seconds.
  importAddress: GUID: 04f723090d5e30b48acc4da195bfc9e6 - Path: Assets/Sounds/player-attracting.wav - Importer: ScriptedImporter/UnityEditor.QuickSearchModule:UnityEditor.Search:ASIAI0B
Importing 'GUID: 04f723090d5e30b48acc4da195bfc9e6 - Path: Assets/Sounds/player-attracting.wav - Importer: ScriptedImporter/UnityEditor.QuickSearchModule:UnityEditor.Search:ASIAI0B' with importer (ScriptedImporter : UnityEditor.QuickSearchModule:UnityEditor.Search:ASIAI0B)
Imported 'GUID: 04f723090d5e30b48acc4da195bfc9e6' -> (Import Result ID: '35fe540a4b1008d76828b33a5da4b07e') in 0.011 seconds [static and dynamic dependencies]. Details - ImportResultOutputID=d2f120ee8dd5fe0b5f99391824200169 DependenciesID=54907f87bb3dc1302ac8cb64d8de9f13 StaticDependenciesID=366d495dd8afb7d372c9febe02cbc93a 
Number of updated asset objects reloaded before import = 0
Number of asset objects unloaded after import = 1
========================================================================
Received Import Request.
  Time of request: 2026-10-06T13:04:40.8087439Z
  Time since last request: 0.0006428 seconds.
  importAddress: GUID: fc2ec22f17236e84e8159e519d7aa64d - Path: Assets/Textures/texture-player 1.jpg - Importer: ScriptedImporter/UnityEditor.QuickSearchModule:UnityEditor.Search:ASIAI0B
Importing 'GUID: fc2ec22f17236e84e8159e519d7aa64d - Path: Assets/Textures/texture-player 1.jpg - Importer: ScriptedImporter/UnityEditor.QuickSearchModule:UnityEditor.Search:ASIAI0B' with importer (ScriptedImporter : UnityEditor.QuickSearchModule:UnityEditor.Search:ASIAI0B)
Imported 'GUID: fc2ec22f17236e84e8159e519d7aa64d' -> (Import Result ID: 'cb651cf351658379e027f669014945f3') in 0.013 seconds [static and dynamic dependencies]. Details - ImportResultOutputID=cdfc85beef18adc617b8fec7aa705bd2 DependenciesID=d67c03527773900e0723a3c4310a140f StaticDependenciesID=d86f1ef5ca14e7316e047e5a081ce8ce 
Number of updated asset objects reloaded before import = 0
Number of asset objects unloaded after import = 1
========================================================================
Received Import Request.
  Time of request: 2026-10-06T13:04:40.8228569Z
  Time since last request: 0.0006439 seconds.
  importAddress: GUID: 56cef2fcc81b27441aac2ed6c43db0d9 - Path: Assets/Textures/texture-player.jpg - Importer: ScriptedImporter/UnityEditor.QuickSearchModule:UnityEditor.Search:ASIAI0B
Importing 'GUID: 56cef2fcc81b27441aac2ed6c43db0d9 - Path: Assets/Textures/texture-player.jpg - Importer: ScriptedImporter/UnityEditor.QuickSearchModule:UnityEditor.Search:ASIAI0B' with importer (ScriptedImporter : UnityEditor.QuickSearchModule:UnityEditor.Search:ASIAI0B)
Imported 'GUID: 56cef2fcc81b27441aac2ed6c43db0d9' -> (Import Result ID: '46af6c0f89568eb6a267a873a9ef3356') in 0.013 seconds [static and dynamic dependencies]. Details - ImportResultOutputID=e58d8989c898536fd12a9d0e47d4dcd4 DependenciesID=8ce3c0d26ef1824668b779ab5847e716 StaticDependenciesID=4522fb27627746ecda413d2735113850 
Number of updated asset objects reloaded before import = 0
Number of asset objects unloaded after import = 1
========================================================================
Received Import Request.
  Time of request: 2026-10-06T13:04:40.8365306Z
  Time since last request: 0.0006437 seconds.
  importAddress: GUID: 2dc72f67d8d2b21449d48b2417f49c8b - Path: Assets/Scripts/PlayerController.cs - Importer: ScriptedImporter/UnityEditor.QuickSearchModule:UnityEditor.Search:ASIAI0B
Importing 'GUID: 2dc72f67d8d2b21449d48b2417f49c8b - Path: Assets/Scripts/PlayerController.cs - Importer: ScriptedImporter/UnityEditor.QuickSearchModule:UnityEditor.Search:ASIAI0B' with importer (ScriptedImporter : UnityEditor.QuickSearchModule:UnityEditor.Search:ASIAI0B)
Imported 'GUID: 2dc72f67d8d2b21449d48b2417f49c8b' -> (Import Result ID: '05cd9d66a8dbbe26a485622661e18832') in 0.007 seconds [static and dynamic dependencies]. Details - ImportResultOutputID=51ebe0e7b7391d9de03732fbf7351507 DependenciesID=5303e9044acd778e20de1c5148fbdec5 StaticDependenciesID=7f738adc5b35c305080e0ebf110094a3 
Number of updated asset objects reloaded before import = 0
Number of asset objects unloaded after import = 0
========================================================================
Received Import Request.
  Time of request: 2026-10-06T13:04:40.8446073Z
  Time since last request: 0.000679 seconds.
  importAddress: GUID: 41b39bc117840a440a6a5bdf75f9a43f - Path: Assets/Sounds/crate-attracted.wav - Importer: ScriptedImporter/UnityEditor.QuickSearchModule:UnityEditor.Search:ASIAI0B
Importing 'GUID: 41b39bc117840a440a6a5bdf75f9a43f - Path: Assets/Sounds/crate-attracted.wav - Importer: ScriptedImporter/UnityEditor.QuickSearchModule:UnityEditor.Search:ASIAI0B' with importer (ScriptedImporter : UnityEditor.QuickSearchModule:UnityEditor.Search:ASIAI0B)
Imported 'GUID: 41b39bc117840a440a6a5bdf75f9a43f' -> (Import Result ID: '38e941bc11e90c72f5097c8bb523ab74') in 0.016 seconds [static and dynamic dependencies]. Details - ImportResultOutputID=1fbe4120e8325e237cd2e2fe0ded9aa2 DependenciesID=d84ae98ef51b57f8b31c1e85c0e3b017 StaticDependenciesID=c96efd3940d70cf24910f7f803381492 
Number of updated asset objects reloaded before import = 0
Number of asset objects unloaded after import = 1
========================================================================
Received Import Request.
  Time of request: 2026-10-06T13:04:40.8611993Z
  Time since last request: 0.0006562 seconds.
  importAddress: GUID: 0d9ccd0d749f71941a6bff0c60dff137 - Path: Assets/Sounds/menu-hover.wav - Importer: ScriptedImporter/UnityEditor.QuickSearchModule:UnityEditor.Search:ASIAI0B
Importing 'GUID: 0d9ccd0d749f71941a6bff0c60dff137 - Path: Assets/Sounds/menu-hover.wav - Importer: ScriptedImporter/UnityEditor.QuickSearchModule:UnityEditor.Search:ASIAI0B' with importer (ScriptedImporter : UnityEditor.QuickSearchModule:UnityEditor.Search:ASIAI0B)
Imported 'GUID: 0d9ccd0d749f71941a6bff0c60dff137' -> (Import Result ID: 'dc6c648888c60f64725f5db06a0872b8') in 0.012 seconds [static and dynamic dependencies]. Details - ImportResultOutputID=44768e7ed67b977a5f89633da35b69ad DependenciesID=e8fdbfd6da67455c5cb9c8f345922369 StaticDependenciesID=af22eab11c4fb04d0fe773ed8512ebe4 
Number of updated asset objects reloaded before import = 0
Number of asset objects unloaded after import = 1
========================================================================
Received Import Request.
  Time of request: 2026-10-06T13:04:40.8737746Z
  Time since last request: 0.0007026 seconds.
  importAddress: GUID: 001e4cdb83b7afc40b1b086da6ba561f - Path: Assets/Scenes/Level_3.unity - Importer: ScriptedImporter/UnityEditor.QuickSearchModule:UnityEditor.Search:ASIAI0B
Importing 'GUID: 001e4cdb83b7afc40b1b086da6ba561f - Path: Assets/Scenes/Level_3.unity - Importer: ScriptedImporter/UnityEditor.QuickSearchModule:UnityEditor.Search:ASIAI0B' with importer (ScriptedImporter : UnityEditor.QuickSearchModule:UnityEditor.Search:ASIAI0B)
Serialized files [version 17] before 2019.1 are deprecated. Open and re-save the file: "Assets/Scenes/Level_3.unity"
UnityEngine.Debug:ExtractStackTraceNoAlloc (byte*,int,string)
UnityEngine.StackTraceUtility:ExtractStackTrace ()
UnityEditor.AssetDatabase:GetDependencies (string,bool)
UnityEditor.Search.AssetIndexer:IndexDependencies (int&,string&)
UnityEditor.Search.AssetIndexer:IndexDocument (string,bool)
UnityEditor.Search.SearchIndexArtifactImporter:OnImportAsset (UnityEditor.AssetImporters.AssetImportContext)
UnityEditor.AssetImporters.ScriptedImporter:GenerateAssetData (UnityEditor.AssetImporters.AssetImportContext)

[C:\build\output\unity\unity\Runtime\Serialize\SerializedFile.cpp line 835]

Imported 'GUID: 001e4cdb83b7afc40b1b086da6ba561f' -> (Import Result ID: 'feee5ff45d803ee224b39e2980535ce2') in 0.008 seconds [static and dynamic dependencies]. Details - ImportResultOutputID=852f24867817844fefe6aa737b447895 DependenciesID=3c14303eb2e621f4fdf9fa00d42395d4 StaticDependenciesID=d03404e053c0e57d4ac9cbb9ab2cee94 
Number of updated asset objects reloaded before import = 0
Number of asset objects unloaded after import = 1
========================================================================
Received Import Request.
  Time of request: 2026-10-06T13:04:40.8833458Z
  Time since last request: 0.0007488 seconds.
  importAddress: GUID: 5ab5d6643c5f0624a9e0a7d40c8da13c - Path: Assets/Scripts/LevelController.cs - Importer: ScriptedImporter/UnityEditor.QuickSearchModule:UnityEditor.Search:ASIAI0B
Importing 'GUID: 5ab5d6643c5f0624a9e0a7d40c8da13c - Path: Assets/Scripts/LevelController.cs - Importer: ScriptedImporter/UnityEditor.QuickSearchModule:UnityEditor.Search:ASIAI0B' with importer (ScriptedImporter : UnityEditor.QuickSearchModule:UnityEditor.Search:ASIAI0B)
Imported 'GUID: 5ab5d6643c5f0624a9e0a7d40c8da13c' -> (Import Result ID: '38cbc7dbac23ea0497c7833977ff3177') in 0.007 seconds [static and dynamic dependencies]. Details - ImportResultOutputID=ff01cbae5d70ac5e12779dafadcc1fac DependenciesID=9935ef35c14f01c68164b8925af51d69 StaticDependenciesID=726addb3ea1ea84e873da815569f23f2 
Number of updated asset objects reloaded before import = 0
Number of asset objects unloaded after import = 0
========================================================================
Received Import Request.
  Time of request: 2026-10-06T13:04:40.8912407Z
  Time since last request: 0.0006839 seconds.
  importAddress: GUID: 05b45eb91bb9c2b4cb8afc728c9f723d - Path: Assets/Sounds/menu-click.wav - Importer: ScriptedImporter/UnityEditor.QuickSearchModule:UnityEditor.Search:ASIAI0B
Importing 'GUID: 05b45eb91bb9c2b4cb8afc728c9f723d - Path: Assets/Sounds/menu-click.wav - Importer: ScriptedImporter/UnityEditor.QuickSearchModule:UnityEditor.Search:ASIAI0B' with importer (ScriptedImporter : UnityEditor.QuickSearchModule:UnityEditor.Search:ASIAI0B)
Imported 'GUID: 05b45eb91bb9c2b4cb8afc728c9f723d' -> (Import Result ID: '1d9ed6f6070397a6ce95586c393bdb9b') in 0.011 seconds [static and dynamic dependencies]. Details - ImportResultOutputID=987a6e7c92d6db0313c07fd326347941 DependenciesID=6f0c771a0f9a111a378ea0a04cb3b56f StaticDependenciesID=bbb92365e4dc10f94ec346451f46605d 
Number of updated asset objects reloaded before import = 0
Number of asset objects unloaded after import = 1
========================================================================
Received Import Request.
  Time of request: 2026-10-06T13:04:40.9032252Z
  Time since last request: 0.0005868 seconds.
  importAddress: GUID: 274e4df43aa3a9843a72c1148eaa51c7 - Path: Assets/Sounds/player-repel.wav - Importer: ScriptedImporter/UnityEditor.QuickSearchModule:UnityEditor.Search:ASIAI0B
Importing 'GUID: 274e4df43aa3a9843a72c1148eaa51c7 - Path: Assets/Sounds/player-repel.wav - Importer: ScriptedImporter/UnityEditor.QuickSearchModule:UnityEditor.Search:ASIAI0B' with importer (ScriptedImporter : UnityEditor.QuickSearchModule:UnityEditor.Search:ASIAI0B)
Imported 'GUID: 274e4df43aa3a9843a72c1148eaa51c7' -> (Import Result ID: '826b94928a433c792187d1e4700a32bb') in 0.017 seconds [static and dynamic dependencies]. Details - ImportResultOutputID=57b5e7e6b09bf71d1a72077ffabb4cfb DependenciesID=ac15eb6ea8e5849697444d6a2a1b72f1 StaticDependenciesID=50ae651d6dbe24ad1b03070d3ea5e3a2 
Number of updated asset objects reloaded before import = 0
Number of asset objects unloaded after import = 1
========================================================================
Received Import Request.
  Time of request: 2026-10-06T13:04:40.9209248Z
  Time since last request: 0.0006025 seconds.
  importAddress: GUID: 59150472686ebfc40a2d4067899a67bf - Path: Assets/Sounds/player-holding-object.wav - Importer: ScriptedImporter/UnityEditor.QuickSearchModule:UnityEditor.Search:ASIAI0B
Importing 'GUID: 59150472686ebfc40a2d4067899a67bf - Path: Assets/Sounds/player-holding-object.wav - Importer: ScriptedImporter/UnityEditor.QuickSearchModule:UnityEditor.Search:ASIAI0B' with importer (ScriptedImporter : UnityEditor.QuickSearchModule:UnityEditor.Search:ASIAI0B)
Imported 'GUID: 59150472686ebfc40a2d4067899a67bf' -> (Import Result ID: '5c5cc5a197e54580b55792f5448bf4a1') in 0.013 seconds [static and dynamic dependencies]. Details - ImportResultOutputID=4446e0f3a403385246cea01af5ab2205 DependenciesID=d8a20f08bc85320f66c199a91ec9277b StaticDependenciesID=4436444f1479af3ad0539f485d0819be 
Number of updated asset objects reloaded before import = 0
Number of asset objects unloaded after import = 1
========================================================================
Received Import Request.
  Time of request: 2026-10-06T13:04:40.9349669Z
  Time since last request: 0.0007245 seconds.
  importAddress: GUID: d7bf3d5efa5f31d46a465d51fd619879 - Path: Assets/Sounds/button-off.wav - Importer: ScriptedImporter/UnityEditor.QuickSearchModule:UnityEditor.Search:ASIAI0B
Importing 'GUID: d7bf3d5efa5f31d46a465d51fd619879 - Path: Assets/Sounds/button-off.wav - Importer: ScriptedImporter/UnityEditor.QuickSearchModule:UnityEditor.Search:ASIAI0B' with importer (ScriptedImporter : UnityEditor.QuickSearchModule:UnityEditor.Search:ASIAI0B)
Imported 'GUID: d7bf3d5efa5f31d46a465d51fd619879' -> (Import Result ID: '8de3f4e7a4da55986cdb1f3b16cf8cb2') in 0.015 seconds [static and dynamic dependencies]. Details - ImportResultOutputID=422ca706b47024ef260a38beb3d08bd2 DependenciesID=57fee07f14ba7ef1280ec8f0253d7e7d StaticDependenciesID=e9c0d48ce32e98d3d011ba01b72355ae 
Number of updated asset objects reloaded before import = 0
Number of asset objects unloaded after import = 1
========================================================================
Received Import Request.
  Time of request: 2026-10-06T13:04:40.9510739Z
  Time since last request: 0.0006041 seconds.
  importAddress: GUID: 22679e27f37861043a870c6b4d51c2b2 - Path: Assets/Sounds/portal-use.WAV - Importer: ScriptedImporter/UnityEditor.QuickSearchModule:UnityEditor.Search:ASIAI0B
Importing 'GUID: 22679e27f37861043a870c6b4d51c2b2 - Path: Assets/Sounds/portal-use.WAV - Importer: ScriptedImporter/UnityEditor.QuickSearchModule:UnityEditor.Search:ASIAI0B' with importer (ScriptedImporter : UnityEditor.QuickSearchModule:UnityEditor.Search:ASIAI0B)
Imported 'GUID: 22679e27f37861043a870c6b4d51c2b2' -> (Import Result ID: '6053765636bdd7ea936a3fdce8dabfd5') in 0.012 seconds [static and dynamic dependencies]. Details - ImportResultOutputID=a0fa5ebf322fb816658c93168c9d9b48 DependenciesID=2896755e251cdf90210194eb8973744e StaticDependenciesID=07ec862d5be78c1f4c419e68e54bb646 
Number of updated asset objects reloaded before import = 0
Number of asset objects unloaded after import = 1
========================================================================
Received Import Request.
  Time of request: 2026-10-06T13:04:40.9641869Z
  Time since last request: 0.0006387 seconds.
  importAddress: GUID: b75e0b41f5511a74684320e85d2c895e - Path: Assets/Scenes/Level_4.unity - Importer: ScriptedImporter/UnityEditor.QuickSearchModule:UnityEditor.Search:ASIAI0B
Importing 'GUID: b75e0b41f5511a74684320e85d2c895e - Path: Assets/Scenes/Level_4.unity - Importer: ScriptedImporter/UnityEditor.QuickSearchModule:UnityEditor.Search:ASIAI0B' with importer (ScriptedImporter : UnityEditor.QuickSearchModule:UnityEditor.Search:ASIAI0B)
Serialized files [version 17] before 2019.1 are deprecated. Open and re-save the file: "Assets/Scenes/Level_4.unity"
UnityEngine.Debug:ExtractStackTraceNoAlloc (byte*,int,string)
UnityEngine.StackTraceUtility:ExtractStackTrace ()
UnityEditor.AssetDatabase:GetDependencies (string,bool)
UnityEditor.Search.AssetIndexer:IndexDependencies (int&,string&)
UnityEditor.Search.AssetIndexer:IndexDocument (string,bool)
UnityEditor.Search.SearchIndexArtifactImporter:OnImportAsset (UnityEditor.AssetImporters.AssetImportContext)
UnityEditor.AssetImporters.ScriptedImporter:GenerateAssetData (UnityEditor.AssetImporters.AssetImportContext)

[C:\build\output\unity\unity\Runtime\Serialize\SerializedFile.cpp line 835]

Imported 'GUID: b75e0b41f5511a74684320e85d2c895e' -> (Import Result ID: '15d9d6e7fc669ac1d15273b48744736e') in 0.008 seconds [static and dynamic dependencies]. Details - ImportResultOutputID=8ae2221aa3d55b4360f83df0694863a2 DependenciesID=c9166a9b9c50e8fe678ff67627ae2fa9 StaticDependenciesID=b6d2bc14a33a7abda9dacd887fe31276 
Number of updated asset objects reloaded before import = 0
Number of asset objects unloaded after import = 1
========================================================================
Received Import Request.
  Time of request: 2026-10-06T13:04:40.9732951Z
  Time since last request: 0.0007803 seconds.
  importAddress: GUID: 5b4309e74ef9c014c87ef1fac9179a87 - Path: Assets/Scripts/SwitchTile.cs - Importer: ScriptedImporter/UnityEditor.QuickSearchModule:UnityEditor.Search:ASIAI0B
Importing 'GUID: 5b4309e74ef9c014c87ef1fac9179a87 - Path: Assets/Scripts/SwitchTile.cs - Importer: ScriptedImporter/UnityEditor.QuickSearchModule:UnityEditor.Search:ASIAI0B' with importer (ScriptedImporter : UnityEditor.QuickSearchModule:UnityEditor.Search:ASIAI0B)
Imported 'GUID: 5b4309e74ef9c014c87ef1fac9179a87' -> (Import Result ID: '81d4e1c51f2ec298cb21284c1dc935fb') in 0.007 seconds [static and dynamic dependencies]. Details - ImportResultOutputID=1e68e4ef43306f0f10e682fd3a9ac1c2 DependenciesID=561d093de608816610da901e0ce26a3f StaticDependenciesID=7c3e5f76126a84250f8b67b0eac5c956 
Number of updated asset objects reloaded before import = 0
Number of asset objects unloaded after import = 0
========================================================================
Received Import Request.
  Time of request: 2026-10-06T13:04:40.9816132Z
  Time since last request: 0.0006155 seconds.
  importAddress: GUID: 9d40657b7debe7a4f992bc837780e396 - Path: Assets/Sounds/portal-off.wav - Importer: ScriptedImporter/UnityEditor.QuickSearchModule:UnityEditor.Search:ASIAI0B
Importing 'GUID: 9d40657b7debe7a4f992bc837780e396 - Path: Assets/Sounds/portal-off.wav - Importer: ScriptedImporter/UnityEditor.QuickSearchModule:UnityEditor.Search:ASIAI0B' with importer (ScriptedImporter : UnityEditor.QuickSearchModule:UnityEditor.Search:ASIAI0B)
Imported 'GUID: 9d40657b7debe7a4f992bc837780e396' -> (Import Result ID: '9b086cb5cceadcbef08c06ad5fefb298') in 0.017 seconds [static and dynamic dependencies]. Details - ImportResultOutputID=3fadf9d7d564457e34d2163f9e9ae75f DependenciesID=2224f6f8a192583627cb6cfe8b7a0d93 StaticDependenciesID=a3b8ca56a5c47aad307f21026054c8d5 
Number of updated asset objects reloaded before import = 0
Number of asset objects unloaded after import = 1
========================================================================
Received Import Request.
  Time of request: 2026-10-06T13:04:40.9997567Z
  Time since last request: 0.0005069 seconds.
  importAddress: GUID: 0541e5dbec54c05448054cbfb6b206d6 - Path: Assets/Scripts/LevelMenu.cs - Importer: ScriptedImporter/UnityEditor.QuickSearchModule:UnityEditor.Search:ASIAI0B
Importing 'GUID: 0541e5dbec54c05448054cbfb6b206d6 - Path: Assets/Scripts/LevelMenu.cs - Importer: ScriptedImporter/UnityEditor.QuickSearchModule:UnityEditor.Search:ASIAI0B' with importer (ScriptedImporter : UnityEditor.QuickSearchModule:UnityEditor.Search:ASIAI0B)
Imported 'GUID: 0541e5dbec54c05448054cbfb6b206d6' -> (Import Result ID: '4e2274e5ae262a42fcb80b79036256ab') in 0.006 seconds [static and dynamic dependencies]. Details - ImportResultOutputID=59acdc8a7ccb36e896785787cc03e3ca DependenciesID=bae0b8c4c9cf85233f691a0569e5228a StaticDependenciesID=b1a0d69ca4e785ac2e3d7f7528dbffef 
Number of updated asset objects reloaded before import = 0
Number of asset objects unloaded after import = 0
========================================================================
Received Import Request.
  Time of request: 2026-10-06T13:04:41.007007Z
  Time since last request: 0.000537 seconds.
  importAddress: GUID: d3682b0d6d3d34e489616bca88ffca1f - Path: Assets/Scripts/Attractable.cs - Importer: ScriptedImporter/UnityEditor.QuickSearchModule:UnityEditor.Search:ASIAI0B
Importing 'GUID: d3682b0d6d3d34e489616bca88ffca1f - Path: Assets/Scripts/Attractable.cs - Importer: ScriptedImporter/UnityEditor.QuickSearchModule:UnityEditor.Search:ASIAI0B' with importer (ScriptedImporter : UnityEditor.QuickSearchModule:UnityEditor.Search:ASIAI0B)
Imported 'GUID: d3682b0d6d3d34e489616bca88ffca1f' -> (Import Result ID: '581c4deb2f2f8571cc5ec3ac693da08f') in 0.006 seconds [static and dynamic dependencies]. Details - ImportResultOutputID=2fb37403af0c6486bf45876e6fb2497e DependenciesID=3e5456548323f9fe12f8cc494b6d8808 StaticDependenciesID=19ca8a19229021477eeb2a7b71dfde13 
Number of updated asset objects reloaded before import = 0
Number of asset objects unloaded after import = 0
========================================================================
Received Import Request.
  Time of request: 2026-10-06T13:04:41.0142666Z
  Time since last request: 0.0006532 seconds.
  importAddress: GUID: c5c62a3bba6b85c41bdecd3ee27be0de - Path: Assets/Scenes/Level_1.unity - Importer: ScriptedImporter/UnityEditor.QuickSearchModule:UnityEditor.Search:ASIAI0B
Importing 'GUID: c5c62a3bba6b85c41bdecd3ee27be0de - Path: Assets/Scenes/Level_1.unity - Importer: ScriptedImporter/UnityEditor.QuickSearchModule:UnityEditor.Search:ASIAI0B' with importer (ScriptedImporter : UnityEditor.QuickSearchModule:UnityEditor.Search:ASIAI0B)
Serialized files [version 17] before 2019.1 are deprecated. Open and re-save the file: "Assets/Scenes/Level_1.unity"
UnityEngine.Debug:ExtractStackTraceNoAlloc (byte*,int,string)
UnityEngine.StackTraceUtility:ExtractStackTrace ()
UnityEditor.AssetDatabase:GetDependencies (string,bool)
UnityEditor.Search.AssetIndexer:IndexDependencies (int&,string&)
UnityEditor.Search.AssetIndexer:IndexDocument (string,bool)
UnityEditor.Search.SearchIndexArtifactImporter:OnImportAsset (UnityEditor.AssetImporters.AssetImportContext)
UnityEditor.AssetImporters.ScriptedImporter:GenerateAssetData (UnityEditor.AssetImporters.AssetImportContext)

[C:\build\output\unity\unity\Runtime\Serialize\SerializedFile.cpp line 835]

Imported 'GUID: c5c62a3bba6b85c41bdecd3ee27be0de' -> (Import Result ID: '6d7042bcc3ab4fb34e350e82242caaa6') in 0.008 seconds [static and dynamic dependencies]. Details - ImportResultOutputID=d0e38aed0d36763cd6a801f90395ff08 DependenciesID=9ebdd5685484b8c4041c50ef6a5831e4 StaticDependenciesID=7d073a7fc3419a6e1f88a853439445d0 
Number of updated asset objects reloaded before import = 0
Number of asset objects unloaded after import = 1
========================================================================
Received Import Request.
  Time of request: 2026-10-06T13:04:41.0600173Z
  Time since last request: 0.0369565 seconds.
  importAddress: GUID: 010a0989b7979394bbf812b539236f5e - Path: Assets/Images/NavigationArrows/MagneticGuide.psd - Importer: ScriptedImporter/UnityEditor.QuickSearchModule:UnityEditor.Search:ASIAI0B
Importing 'GUID: 010a0989b7979394bbf812b539236f5e - Path: Assets/Images/NavigationArrows/MagneticGuide.psd - Importer: ScriptedImporter/UnityEditor.QuickSearchModule:UnityEditor.Search:ASIAI0B' with importer (ScriptedImporter : UnityEditor.QuickSearchModule:UnityEditor.Search:ASIAI0B)
Imported 'GUID: 010a0989b7979394bbf812b539236f5e' -> (Import Result ID: '96c07bdd46545bc790422c13c444d517') in 0.014 seconds [static and dynamic dependencies]. Details - ImportResultOutputID=a58452d20dd360f1dbdc66bda554fd89 DependenciesID=1698de0170b9976bd735a856576a6743 StaticDependenciesID=5af69dc97c66a115eaf7b946d1758673 
Number of updated asset objects reloaded before import = 0
Number of asset objects unloaded after import = 1
========================================================================
Received Import Request.
  Time of request: 2026-10-06T13:04:41.0747764Z
  Time since last request: 0.0008786 seconds.
  importAddress: GUID: 5871749f530e60e4d9897c19a4474099 - Path: Assets/Animations/Crates/MetalCreate_Normal.anim - Importer: ScriptedImporter/UnityEditor.QuickSearchModule:UnityEditor.Search:ASIAI0B
Importing 'GUID: 5871749f530e60e4d9897c19a4474099 - Path: Assets/Animations/Crates/MetalCreate_Normal.anim - Importer: ScriptedImporter/UnityEditor.QuickSearchModule:UnityEditor.Search:ASIAI0B' with importer (ScriptedImporter : UnityEditor.QuickSearchModule:UnityEditor.Search:ASIAI0B)
Imported 'GUID: 5871749f530e60e4d9897c19a4474099' -> (Import Result ID: '4a8644a6aeac31667612c0fb92531197') in 0.008 seconds [static and dynamic dependencies]. Details - ImportResultOutputID=8525c36f4d7bbb50173bbbcaf192bd8f DependenciesID=9c35ebee641ceee264f42bbba7ed582f StaticDependenciesID=65e6b32f8f68cf87118738c4a74c6831 
Number of updated asset objects reloaded before import = 0
Number of asset objects unloaded after import = 1
========================================================================
Received Import Request.
  Time of request: 2026-10-06T13:04:41.0837677Z
  Time since last request: 0.0006958 seconds.
  importAddress: GUID: 741e564d37418094a8a4149d0c541cfe - Path: Assets/Menus/LevelButtons/level2hover.png - Importer: ScriptedImporter/UnityEditor.QuickSearchModule:UnityEditor.Search:ASIAI0B
Importing 'GUID: 741e564d37418094a8a4149d0c541cfe - Path: Assets/Menus/LevelButtons/level2hover.png - Importer: ScriptedImporter/UnityEditor.QuickSearchModule:UnityEditor.Search:ASIAI0B' with importer (ScriptedImporter : UnityEditor.QuickSearchModule:UnityEditor.Search:ASIAI0B)
Imported 'GUID: 741e564d37418094a8a4149d0c541cfe' -> (Import Result ID: 'd517a976ca3d0b35352cedba0383fe18') in 0.016 seconds [static and dynamic dependencies]. Details - ImportResultOutputID=5b19e53826b0420f728e7d9019d547cd DependenciesID=7cb004a8564915fe1bacfb7e4f752e1f StaticDependenciesID=3c9bae97d7b752bda2b006da6cd08957 
Number of updated asset objects reloaded before import = 0
Number of asset objects unloaded after import = 3
========================================================================
Received Import Request.
  Time of request: 2026-10-06T13:04:41.1013011Z
  Time since last request: 0.0006892 seconds.
  importAddress: GUID: 4f561e4cec51cbe42a9a94463ebfa59a - Path: Assets/Blender/Materials/tile-side.mat - Importer: ScriptedImporter/UnityEditor.QuickSearchModule:UnityEditor.Search:ASIAI0B
Importing 'GUID: 4f561e4cec51cbe42a9a94463ebfa59a - Path: Assets/Blender/Materials/tile-side.mat - Importer: ScriptedImporter/UnityEditor.QuickSearchModule:UnityEditor.Search:ASIAI0B' with importer (ScriptedImporter : UnityEditor.QuickSearchModule:UnityEditor.Search:ASIAI0B)
Imported 'GUID: 4f561e4cec51cbe42a9a94463ebfa59a' -> (Import Result ID: '7d7c1a1db0a6e47b7a0279573e1199ae') in 0.013 seconds [static and dynamic dependencies]. Details - ImportResultOutputID=daf46d2720a81837878241a36d29c9d6 DependenciesID=1b439415239a32c6f818f47220cef341 StaticDependenciesID=0698b58e47d70bce19870cd19eae7598 
Number of updated asset objects reloaded before import = 0
Number of asset objects unloaded after import = 2
========================================================================
Received Import Request.
  Time of request: 2026-10-06T13:04:41.1149406Z
  Time since last request: 0.0005517 seconds.
  importAddress: GUID: 3673ab25b76b9f844bfe236d18fe78e3 - Path: Assets/Blender/Materials/tile-top.mat - Importer: ScriptedImporter/UnityEditor.QuickSearchModule:UnityEditor.Search:ASIAI0B
Importing 'GUID: 3673ab25b76b9f844bfe236d18fe78e3 - Path: Assets/Blender/Materials/tile-top.mat - Importer: ScriptedImporter/UnityEditor.QuickSearchModule:UnityEditor.Search:ASIAI0B' with importer (ScriptedImporter : UnityEditor.QuickSearchModule:UnityEditor.Search:ASIAI0B)
Imported 'GUID: 3673ab25b76b9f844bfe236d18fe78e3' -> (Import Result ID: '537bdc0457e1014dcc55512f1ded16a3') in 0.066 seconds [static and dynamic dependencies]. Details - ImportResultOutputID=057326ef27e87e77eb1ad952cdd1ce96 DependenciesID=829c048835622408a0f2822eb095eddc StaticDependenciesID=ef4747d1ec54c1a5808a5f5d7b67e5c8 
Number of updated asset objects reloaded before import = 0
Number of asset objects unloaded after import = 2
========================================================================
Received Import Request.
  Time of request: 2026-10-06T13:04:41.1817462Z
  Time since last request: 0.0005799 seconds.
  importAddress: GUID: c7cd2dacf76f24b49a9fd75c1a748b2d - Path: Assets/Materials/Tiles/LockedExitTile_Material.mat - Importer: ScriptedImporter/UnityEditor.QuickSearchModule:UnityEditor.Search:ASIAI0B
Importing 'GUID: c7cd2dacf76f24b49a9fd75c1a748b2d - Path: Assets/Materials/Tiles/LockedExitTile_Material.mat - Importer: ScriptedImporter/UnityEditor.QuickSearchModule:UnityEditor.Search:ASIAI0B' with importer (ScriptedImporter : UnityEditor.QuickSearchModule:UnityEditor.Search:ASIAI0B)
Imported 'GUID: c7cd2dacf76f24b49a9fd75c1a748b2d' -> (Import Result ID: 'e51c11fee1f5494b95d57e344842fc10') in 0.013 seconds [static and dynamic dependencies]. Details - ImportResultOutputID=ffebc59bddef5f039ee52527ef19c52e DependenciesID=b600974a987c84be6c6778ac26e4a82a StaticDependenciesID=e2ebdf52c4395cc0f4d29e1987973963 
Number of updated asset objects reloaded before import = 0
Number of asset objects unloaded after import = 2
========================================================================
Received Import Request.
  Time of request: 2026-10-06T13:04:41.1952606Z
  Time since last request: 0.0005297 seconds.
  importAddress: GUID: 5a9f4e7808e89234db34a57a460644aa - Path: Assets/Blender/Materials/texture-crate-blank.mat - Importer: ScriptedImporter/UnityEditor.QuickSearchModule:UnityEditor.Search:ASIAI0B
Importing 'GUID: 5a9f4e7808e89234db34a57a460644aa - Path: Assets/Blender/Materials/texture-crate-blank.mat - Importer: ScriptedImporter/UnityEditor.QuickSearchModule:UnityEditor.Search:ASIAI0B' with importer (ScriptedImporter : UnityEditor.QuickSearchModule:UnityEditor.Search:ASIAI0B)
Imported 'GUID: 5a9f4e7808e89234db34a57a460644aa' -> (Import Result ID: 'c1eb74baf42a2c6b15838324fb8e380f') in 0.013 seconds [static and dynamic dependencies]. Details - ImportResultOutputID=0610b84479c28d870aaa9954ed252ecb DependenciesID=8097b050a050f9b910e75789eee7117a StaticDependenciesID=bc09de4241c7aafc05e7f8963112d8a8 
Number of updated asset objects reloaded before import = 0
Number of asset objects unloaded after import = 2
========================================================================
Received Import Request.
  Time of request: 2026-10-06T13:04:41.2097158Z
  Time since last request: 0.000638 seconds.
  importAddress: GUID: 16feeb2352d6c7a488624ea7d9ea39c1 - Path: Assets/Blender/Materials/texture-magnet.mat - Importer: ScriptedImporter/UnityEditor.QuickSearchModule:UnityEditor.Search:ASIAI0B
Importing 'GUID: 16feeb2352d6c7a488624ea7d9ea39c1 - Path: Assets/Blender/Materials/texture-magnet.mat - Importer: ScriptedImporter/UnityEditor.QuickSearchModule:UnityEditor.Search:ASIAI0B' with importer (ScriptedImporter : UnityEditor.QuickSearchModule:UnityEditor.Search:ASIAI0B)
Imported 'GUID: 16feeb2352d6c7a488624ea7d9ea39c1' -> (Import Result ID: 'a2846dc9942e92e56e9f564354abd960') in 0.014 seconds [static and dynamic dependencies]. Details - ImportResultOutputID=2ac575ec7a6b477cac0ca4e09465e0e6 DependenciesID=6768c27a56dc95868dfdc89404368c9b StaticDependenciesID=56e22b50ce9d084e5940e1351c224b2a 
Number of updated asset objects reloaded before import = 0
Number of asset objects unloaded after import = 2
========================================================================
Received Import Request.
  Time of request: 2026-10-06T13:04:41.2243501Z
  Time since last request: 0.0005235 seconds.
  importAddress: GUID: 395ab2e453af689438d64c0aac38ad21 - Path: Assets/Animations/Spikeball/Spikeball_Idle_Rotation.anim - Importer: ScriptedImporter/UnityEditor.QuickSearchModule:UnityEditor.Search:ASIAI0B
Importing 'GUID: 395ab2e453af689438d64c0aac38ad21 - Path: Assets/Animations/Spikeball/Spikeball_Idle_Rotation.anim - Importer: ScriptedImporter/UnityEditor.QuickSearchModule:UnityEditor.Search:ASIAI0B' with importer (ScriptedImporter : UnityEditor.QuickSearchModule:UnityEditor.Search:ASIAI0B)
Imported 'GUID: 395ab2e453af689438d64c0aac38ad21' -> (Import Result ID: 'ac63e2614df00ed8efd8830ff05b805b') in 0.009 seconds [static and dynamic dependencies]. Details - ImportResultOutputID=422f644356dd48e4626a24faec74d8d1 DependenciesID=dd88d681435ae88718a5620c605c1ea3 StaticDependenciesID=930aceb874b2d1dbf3c84ebe41020f3f 
Number of updated asset objects reloaded before import = 0
Number of asset objects unloaded after import = 1
========================================================================
Received Import Request.
  Time of request: 2026-10-06T13:04:41.2345815Z
  Time since last request: 0.000543 seconds.
  importAddress: GUID: cda5bb2679db4bd47b862a90be99c41f - Path: Assets/Animations/Crates/Crate_Shake.anim - Importer: ScriptedImporter/UnityEditor.QuickSearchModule:UnityEditor.Search:ASIAI0B
Importing 'GUID: cda5bb2679db4bd47b862a90be99c41f - Path: Assets/Animations/Crates/Crate_Shake.anim - Importer: ScriptedImporter/UnityEditor.QuickSearchModule:UnityEditor.Search:ASIAI0B' with importer (ScriptedImporter : UnityEditor.QuickSearchModule:UnityEditor.Search:ASIAI0B)
Imported 'GUID: cda5bb2679db4bd47b862a90be99c41f' -> (Import Result ID: 'd01d798526217c0bc9bcc5315c9114ac') in 0.009 seconds [static and dynamic dependencies]. Details - ImportResultOutputID=4af4f7f33ca58b2a48287a98aca5c1c8 DependenciesID=5ae77aac524a447bbb32f48b049643e8 StaticDependenciesID=67391072ab366cd644a28509879504b3 
Number of updated asset objects reloaded before import = 0
Number of asset objects unloaded after import = 1
========================================================================
Received Import Request.
  Time of request: 2026-10-06T13:04:41.244559Z
  Time since last request: 0.0005328 seconds.
  importAddress: GUID: 2341f84456936bb4ab956e12c0dd32c7 - Path: Assets/Animations/Crates/MetalCrate.controller - Importer: ScriptedImporter/UnityEditor.QuickSearchModule:UnityEditor.Search:ASIAI0B
Importing 'GUID: 2341f84456936bb4ab956e12c0dd32c7 - Path: Assets/Animations/Crates/MetalCrate.controller - Importer: ScriptedImporter/UnityEditor.QuickSearchModule:UnityEditor.Search:ASIAI0B' with importer (ScriptedImporter : UnityEditor.QuickSearchModule:UnityEditor.Search:ASIAI0B)
Imported 'GUID: 2341f84456936bb4ab956e12c0dd32c7' -> (Import Result ID: '8b8cddb453813cc71cdae9b455670741') in 0.009 seconds [static and dynamic dependencies]. Details - ImportResultOutputID=8a70991f675c2fa8f58d7267f5d01c49 DependenciesID=f1e208f2d87402ecbeb427d55b074288 StaticDependenciesID=c80003c97758d30fa0031817a4de176d 
Number of updated asset objects reloaded before import = 0
Number of asset objects unloaded after import = 8
========================================================================
Received Import Request.
  Time of request: 2026-10-06T13:04:41.2546583Z
  Time since last request: 0.0005847 seconds.
  importAddress: GUID: d1b1587751a1ea845a6c599399d42283 - Path: Assets/Menus/LevelButtons/level6.png - Importer: ScriptedImporter/UnityEditor.QuickSearchModule:UnityEditor.Search:ASIAI0B
Importing 'GUID: d1b1587751a1ea845a6c599399d42283 - Path: Assets/Menus/LevelButtons/level6.png - Importer: ScriptedImporter/UnityEditor.QuickSearchModule:UnityEditor.Search:ASIAI0B' with importer (ScriptedImporter : UnityEditor.QuickSearchModule:UnityEditor.Search:ASIAI0B)
Imported 'GUID: d1b1587751a1ea845a6c599399d42283' -> (Import Result ID: '6a3cc00370adca825b067f6f7c159181') in 0.015 seconds [static and dynamic dependencies]. Details - ImportResultOutputID=e474159cd4977f1788e22db6aca7dc5d DependenciesID=7dd4f64d18425e1954ec6c109b09afca StaticDependenciesID=0a14362c6c9c6808d03f6cc3cbbd0b63 
Number of updated asset objects reloaded before import = 0
Number of asset objects unloaded after import = 3
========================================================================
Received Import Request.
  Time of request: 2026-10-06T13:04:41.271057Z
  Time since last request: 0.0006432 seconds.
  importAddress: GUID: 73f90edf8d089fe438d4a40b261359e6 - Path: Assets/Images/NavigationArrows/repel_arrow_3.png - Importer: ScriptedImporter/UnityEditor.QuickSearchModule:UnityEditor.Search:ASIAI0B
Importing 'GUID: 73f90edf8d089fe438d4a40b261359e6 - Path: Assets/Images/NavigationArrows/repel_arrow_3.png - Importer: ScriptedImporter/UnityEditor.QuickSearchModule:UnityEditor.Search:ASIAI0B' with importer (ScriptedImporter : UnityEditor.QuickSearchModule:UnityEditor.Search:ASIAI0B)
Imported 'GUID: 73f90edf8d089fe438d4a40b261359e6' -> (Import Result ID: '7b376ef4e1fc2dd81082b7553308ff5f') in 0.016 seconds [static and dynamic dependencies]. Details - ImportResultOutputID=f65682aa8f0de66592a8b1a24da71d77 DependenciesID=9b2a0b2b29d9b655b4047f160c63db7b StaticDependenciesID=b82ee9cd3292eea45972cfe126d0fba8 
Number of updated asset objects reloaded before import = 0
Number of asset objects unloaded after import = 3
========================================================================
Received Import Request.
  Time of request: 2026-10-06T13:04:41.2883065Z
  Time since last request: 0.0002886 seconds.
  importAddress: GUID: 7c1f60bee55b4f847972a82debcc2618 - Path: Assets/Blender/Materials/texture-portal.mat - Importer: ScriptedImporter/UnityEditor.QuickSearchModule:UnityEditor.Search:ASIAI0B
Importing 'GUID: 7c1f60bee55b4f847972a82debcc2618 - Path: Assets/Blender/Materials/texture-portal.mat - Importer: ScriptedImporter/UnityEditor.QuickSearchModule:UnityEditor.Search:ASIAI0B' with importer (ScriptedImporter : UnityEditor.QuickSearchModule:UnityEditor.Search:ASIAI0B)
Imported 'GUID: 7c1f60bee55b4f847972a82debcc2618' -> (Import Result ID: 'cb8f074ae9e2ab0b16297293fb0d32c1') in 0.009 seconds [static and dynamic dependencies]. Details - ImportResultOutputID=34235703eaafadaaa1b51687f66bc048 DependenciesID=d67a2c5baa79fdcb749712136f8f0608 StaticDependenciesID=cf3885486ec0264d3027487f1e330570 
Number of updated asset objects reloaded before import = 0
Number of asset objects unloaded after import = 2
========================================================================
Received Import Request.
  Time of request: 2026-10-06T13:04:41.2983396Z
  Time since last request: 0.0005324 seconds.
  importAddress: GUID: 46ca8dc32afb91640a2aa892d367401a - Path: Assets/Animations/Crates/Crate.controller - Importer: ScriptedImporter/UnityEditor.QuickSearchModule:UnityEditor.Search:ASIAI0B
Importing 'GUID: 46ca8dc32afb91640a2aa892d367401a - Path: Assets/Animations/Crates/Crate.controller - Importer: ScriptedImporter/UnityEditor.QuickSearchModule:UnityEditor.Search:ASIAI0B' with importer (ScriptedImporter : UnityEditor.QuickSearchModule:UnityEditor.Search:ASIAI0B)
Imported 'GUID: 46ca8dc32afb91640a2aa892d367401a' -> (Import Result ID: '38f049ac88203ee285b3329fbee4f0ce') in 0.008 seconds [static and dynamic dependencies]. Details - ImportResultOutputID=9abbff9ae85c357bf7d881d27cbf07bb DependenciesID=3c1bc80e883e40659288c58f6437f92f StaticDependenciesID=cd42fa337c7ef2d4fa7e9c26f4235599 
Number of updated asset objects reloaded before import = 0
Number of asset objects unloaded after import = 2
========================================================================
Received Import Request.
  Time of request: 2026-10-06T13:04:41.3070202Z
  Time since last request: 0.0005429 seconds.
  importAddress: GUID: cb6dffe9c09f8d947a713fa57f0d490a - Path: Assets/Textures/texture-portal.jpg - Importer: ScriptedImporter/UnityEditor.QuickSearchModule:UnityEditor.Search:ASIAI0B
Importing 'GUID: cb6dffe9c09f8d947a713fa57f0d490a - Path: Assets/Textures/texture-portal.jpg - Importer: ScriptedImporter/UnityEditor.QuickSearchModule:UnityEditor.Search:ASIAI0B' with importer (ScriptedImporter : UnityEditor.QuickSearchModule:UnityEditor.Search:ASIAI0B)
Imported 'GUID: cb6dffe9c09f8d947a713fa57f0d490a' -> (Import Result ID: 'a8d7989a8fb0bac41d8d5b085f01e6ed') in 0.010 seconds [static and dynamic dependencies]. Details - ImportResultOutputID=0b7308c634eaebdaba5b222a74a2a7ba DependenciesID=a882baac6747c37513ff09aba7c215d3 StaticDependenciesID=50362265ed8c9d927a3fb80fbdadc565 
Number of updated asset objects reloaded before import = 0
Number of asset objects unloaded after import = 1
========================================================================
Received Import Request.
  Time of request: 2026-10-06T13:04:41.3178741Z
  Time since last request: 0.0004957 seconds.
  importAddress: GUID: df436008a46861c44b34a76e0632036f - Path: Assets/Blender/Materials/texture-button.mat - Importer: ScriptedImporter/UnityEditor.QuickSearchModule:UnityEditor.Search:ASIAI0B
Importing 'GUID: df436008a46861c44b34a76e0632036f - Path: Assets/Blender/Materials/texture-button.mat - Importer: ScriptedImporter/UnityEditor.QuickSearchModule:UnityEditor.Search:ASIAI0B' with importer (ScriptedImporter : UnityEditor.QuickSearchModule:UnityEditor.Search:ASIAI0B)
Imported 'GUID: df436008a46861c44b34a76e0632036f' -> (Import Result ID: '0f221e50ecbf0fa406ff7f623aa7a345') in 0.010 seconds [static and dynamic dependencies]. Details - ImportResultOutputID=972df698efb230b138bf144a948b4c02 DependenciesID=2bd85fdb5658da1ad2aaa5ec0a8d0379 StaticDependenciesID=c8426157b316316f9729f5c8d857da9a 
Number of updated asset objects reloaded before import = 0
Number of asset objects unloaded after import = 2
========================================================================
Received Import Request.
  Time of request: 2026-10-06T13:04:41.329168Z
  Time since last request: 0.0006585 seconds.
  importAddress: GUID: c84e717b290f7e846bdbf450a1e6f84c - Path: Assets/Menus/LevelButtons/level5.png - Importer: ScriptedImporter/UnityEditor.QuickSearchModule:UnityEditor.Search:ASIAI0B
Importing 'GUID: c84e717b290f7e846bdbf450a1e6f84c - Path: Assets/Menus/LevelButtons/level5.png - Importer: ScriptedImporter/UnityEditor.QuickSearchModule:UnityEditor.Search:ASIAI0B' with importer (ScriptedImporter : UnityEditor.QuickSearchModule:UnityEditor.Search:ASIAI0B)
Imported 'GUID: c84e717b290f7e846bdbf450a1e6f84c' -> (Import Result ID: '8f6b161df8d50a43c11c427f4aee73d2') in 0.014 seconds [static and dynamic dependencies]. Details - ImportResultOutputID=a612ee11d7691a0aa65fbdfd40f6f171 DependenciesID=3e3ca2c1b0f53c0679b5f6ac86541cad StaticDependenciesID=e0293603e3c6de649de52e3aaaf26255 
Number of updated asset objects reloaded before import = 0
Number of asset objects unloaded after import = 3
========================================================================
Received Import Request.
  Time of request: 2026-10-06T13:04:41.3442406Z
  Time since last request: 0.0005836 seconds.
  importAddress: GUID: 753a5ef11411099429df86b4f58037a7 - Path: Assets/Models/Materials/Material_003.mat - Importer: ScriptedImporter/UnityEditor.QuickSearchModule:UnityEditor.Search:ASIAI0B
Importing 'GUID: 753a5ef11411099429df86b4f58037a7 - Path: Assets/Models/Materials/Material_003.mat - Importer: ScriptedImporter/UnityEditor.QuickSearchModule:UnityEditor.Search:ASIAI0B' with importer (ScriptedImporter : UnityEditor.QuickSearchModule:UnityEditor.Search:ASIAI0B)
Imported 'GUID: 753a5ef11411099429df86b4f58037a7' -> (Import Result ID: '23f61248eb7efd5676bc4dcf12f9fef3') in 0.007 seconds [static and dynamic dependencies]. Details - ImportResultOutputID=9bc004acc9fdf7ac131982446e7e0fc6 DependenciesID=b0adada1dfeea6daf4a2f89cd0c15d09 StaticDependenciesID=90b7a066f1a2249674ba82de498b433a 
Number of updated asset objects reloaded before import = 0
Number of asset objects unloaded after import = 1
========================================================================
Received Import Request.
  Time of request: 2026-10-06T13:04:41.3524754Z
  Time since last request: 0.0005888 seconds.
  importAddress: GUID: b2dc50bdabc8d8844a701523a6631eee - Path: Assets/Blender/Materials/texture-player.mat - Importer: ScriptedImporter/UnityEditor.QuickSearchModule:UnityEditor.Search:ASIAI0B
Importing 'GUID: b2dc50bdabc8d8844a701523a6631eee - Path: Assets/Blender/Materials/texture-player.mat - Importer: ScriptedImporter/UnityEditor.QuickSearchModule:UnityEditor.Search:ASIAI0B' with importer (ScriptedImporter : UnityEditor.QuickSearchModule:UnityEditor.Search:ASIAI0B)
Imported 'GUID: b2dc50bdabc8d8844a701523a6631eee' -> (Import Result ID: '740c81ba02c3f3d905e5f40ba519fc91') in 0.011 seconds [static and dynamic dependencies]. Details - ImportResultOutputID=a6ee87a2f23aeccace10baa5689c7923 DependenciesID=3a97a95988e7450fb6deef01269a0953 StaticDependenciesID=a819208999afe217d9e6278215c88889 
Number of updated asset objects reloaded before import = 0
Number of asset objects unloaded after import = 2
========================================================================
Received Import Request.
  Time of request: 2026-10-06T13:04:41.3643347Z
  Time since last request: 0.0005597 seconds.
  importAddress: GUID: 9d43f968277f9f94eb10be89408a8481 - Path: Assets/Blender/Materials/tile-top__texture-crate-top_jpg.mat - Importer: ScriptedImporter/UnityEditor.QuickSearchModule:UnityEditor.Search:ASIAI0B
Importing 'GUID: 9d43f968277f9f94eb10be89408a8481 - Path: Assets/Blender/Materials/tile-top__texture-crate-top_jpg.mat - Importer: ScriptedImporter/UnityEditor.QuickSearchModule:UnityEditor.Search:ASIAI0B' with importer (ScriptedImporter : UnityEditor.QuickSearchModule:UnityEditor.Search:ASIAI0B)
Imported 'GUID: 9d43f968277f9f94eb10be89408a8481' -> (Import Result ID: '9aa05dc78b1ebc6b42c7ace4e271e4ed') in 0.014 seconds [static and dynamic dependencies]. Details - ImportResultOutputID=d783c0676d1270e0a6a6fd7253033bf6 DependenciesID=31b406b661b53dad6496bd3e141ebb23 StaticDependenciesID=eeebcc37462da575b2da8b91087bbdcd 
Number of updated asset objects reloaded before import = 0
Number of asset objects unloaded after import = 2
========================================================================
Received Import Request.
  Time of request: 2026-10-06T13:04:41.3791789Z
  Time since last request: 0.0005054 seconds.
  importAddress: GUID: b418d886e356ca8479fc249dda16137d - Path: Assets/Models/Materials/texture-player.mat - Importer: ScriptedImporter/UnityEditor.QuickSearchModule:UnityEditor.Search:ASIAI0B
Importing 'GUID: b418d886e356ca8479fc249dda16137d - Path: Assets/Models/Materials/texture-player.mat - Importer: ScriptedImporter/UnityEditor.QuickSearchModule:UnityEditor.Search:ASIAI0B' with importer (ScriptedImporter : UnityEditor.QuickSearchModule:UnityEditor.Search:ASIAI0B)
Imported 'GUID: b418d886e356ca8479fc249dda16137d' -> (Import Result ID: '25349ca6f3c3e2de9ca65f2470661dff') in 0.015 seconds [static and dynamic dependencies]. Details - ImportResultOutputID=d769dfea154b1d5fb4fe58e1441b4ff0 DependenciesID=1fe8b84614013b80a84e0ce1a4c6ee8a StaticDependenciesID=0aaa3b25e7bdc864e0f04e2deb1312b7 
Number of updated asset objects reloaded before import = 0
Number of asset objects unloaded after import = 2
========================================================================
Received Import Request.
  Time of request: 2026-10-06T13:04:41.3952103Z
  Time since last request: 0.0005326 seconds.
  importAddress: GUID: dfbc1353ff3ea184e9506430a9679ded - Path: Assets/Animations/Player/Player.controller - Importer: ScriptedImporter/UnityEditor.QuickSearchModule:UnityEditor.Search:ASIAI0B
Importing 'GUID: dfbc1353ff3ea184e9506430a9679ded - Path: Assets/Animations/Player/Player.controller - Importer: ScriptedImporter/UnityEditor.QuickSearchModule:UnityEditor.Search:ASIAI0B' with importer (ScriptedImporter : UnityEditor.QuickSearchModule:UnityEditor.Search:ASIAI0B)
Imported 'GUID: dfbc1353ff3ea184e9506430a9679ded' -> (Import Result ID: '943bf20aeec5b481d3f56334a6e9ae84') in 0.008 seconds [static and dynamic dependencies]. Details - ImportResultOutputID=9cbf2ff0d0e8f1d9a57711384aa111ec DependenciesID=e2673797b3f0587943ef0c1a1b94c728 StaticDependenciesID=5d22bd8d9269899f7daf323eb4679823 
Number of updated asset objects reloaded before import = 0
Number of asset objects unloaded after import = 4
========================================================================
Received Import Request.
  Time of request: 2026-10-06T13:04:41.403968Z
  Time since last request: 0.0004835 seconds.
  importAddress: GUID: 56f54ab9993b58140a79b5b9242d6a4f - Path: Assets/Menus/LevelButtons/level1hover.png - Importer: ScriptedImporter/UnityEditor.QuickSearchModule:UnityEditor.Search:ASIAI0B
Importing 'GUID: 56f54ab9993b58140a79b5b9242d6a4f - Path: Assets/Menus/LevelButtons/level1hover.png - Importer: ScriptedImporter/UnityEditor.QuickSearchModule:UnityEditor.Search:ASIAI0B' with importer (ScriptedImporter : UnityEditor.QuickSearchModule:UnityEditor.Search:ASIAI0B)
Imported 'GUID: 56f54ab9993b58140a79b5b9242d6a4f' -> (Import Result ID: '351daa42e607bd1d8439b585cab73dab') in 0.019 seconds [static and dynamic dependencies]. Details - ImportResultOutputID=284dee913b7cef22b2ddce101a10d363 DependenciesID=ecad8b33812a23381b60e5fab8417cc4 StaticDependenciesID=b77e343ee65ed080c70f64328a4b98ba 
Number of updated asset objects reloaded before import = 0
Number of asset objects unloaded after import = 3
========================================================================
Received Import Request.
  Time of request: 2026-10-06T13:04:41.423537Z
  Time since last request: 0.0006042 seconds.
  importAddress: GUID: ebb7ab31c2a6e0c4a885d93b77427552 - Path: Assets/Images/NavigationArrows/repel_arrow_1.png - Importer: ScriptedImporter/UnityEditor.QuickSearchModule:UnityEditor.Search:ASIAI0B
Importing 'GUID: ebb7ab31c2a6e0c4a885d93b77427552 - Path: Assets/Images/NavigationArrows/repel_arrow_1.png - Importer: ScriptedImporter/UnityEditor.QuickSearchModule:UnityEditor.Search:ASIAI0B' with importer (ScriptedImporter : UnityEditor.QuickSearchModule:UnityEditor.Search:ASIAI0B)
Imported 'GUID: ebb7ab31c2a6e0c4a885d93b77427552' -> (Import Result ID: '4974dac18dd5052a8f0b5b56830400ba') in 0.014 seconds [static and dynamic dependencies]. Details - ImportResultOutputID=700f70845e64682d7b18ced0c36d9ad3 DependenciesID=a51205666cddb221fee95a4ef75f7099 StaticDependenciesID=486bfbd816b25dc44c68e877debbb553 
Number of updated asset objects reloaded before import = 0
Number of asset objects unloaded after import = 3
========================================================================
Received Import Request.
  Time of request: 2026-10-06T13:04:41.438172Z
  Time since last request: 0.000575 seconds.
  importAddress: GUID: b639af52d29cd254986172a87d783e58 - Path: Assets/Blender/Materials/texture-crate-side.mat - Importer: ScriptedImporter/UnityEditor.QuickSearchModule:UnityEditor.Search:ASIAI0B
Importing 'GUID: b639af52d29cd254986172a87d783e58 - Path: Assets/Blender/Materials/texture-crate-side.mat - Importer: ScriptedImporter/UnityEditor.QuickSearchModule:UnityEditor.Search:ASIAI0B' with importer (ScriptedImporter : UnityEditor.QuickSearchModule:UnityEditor.Search:ASIAI0B)
Imported 'GUID: b639af52d29cd254986172a87d783e58' -> (Import Result ID: 'f27b38b523f9ad7f2f4c77cc124d78f5') in 0.011 seconds [static and dynamic dependencies]. Details - ImportResultOutputID=77254aee71cfa1a342bce2d099d43886 DependenciesID=4954cb6a00c93c92e3371b2f19152569 StaticDependenciesID=cbbffbb187e75d6e73fd3ff9f7f8029b 
Number of updated asset objects reloaded before import = 0
Number of asset objects unloaded after import = 2
========================================================================
Received Import Request.
  Time of request: 2026-10-06T13:04:41.4503911Z
  Time since last request: 0.000503 seconds.
  importAddress: GUID: e924e3ffdedfefe40adac417161a5c5e - Path: Assets/Materials/Tiles/NormalTile_Material.mat - Importer: ScriptedImporter/UnityEditor.QuickSearchModule:UnityEditor.Search:ASIAI0B
Importing 'GUID: e924e3ffdedfefe40adac417161a5c5e - Path: Assets/Materials/Tiles/NormalTile_Material.mat - Importer: ScriptedImporter/UnityEditor.QuickSearchModule:UnityEditor.Search:ASIAI0B' with importer (ScriptedImporter : UnityEditor.QuickSearchModule:UnityEditor.Search:ASIAI0B)
Imported 'GUID: e924e3ffdedfefe40adac417161a5c5e' -> (Import Result ID: '14abffa0300bc26dbf04e41c1bec21db') in 0.010 seconds [static and dynamic dependencies]. Details - ImportResultOutputID=2fda9f79b494d9229f155766d543505f DependenciesID=61a174267a9b771774b683a5f716094b StaticDependenciesID=385ef48b278448fa66e7c76a258b6d99 
Number of updated asset objects reloaded before import = 0
Number of asset objects unloaded after import = 2
========================================================================
Received Import Request.
  Time of request: 2026-10-06T13:04:41.4614573Z
  Time since last request: 0.0005351 seconds.
  importAddress: GUID: 5d5287cb2090d5741b188805c3ce8334 - Path: Assets/Animations/Spikeball/Spikeball_Engaged.anim - Importer: ScriptedImporter/UnityEditor.QuickSearchModule:UnityEditor.Search:ASIAI0B
Importing 'GUID: 5d5287cb2090d5741b188805c3ce8334 - Path: Assets/Animations/Spikeball/Spikeball_Engaged.anim - Importer: ScriptedImporter/UnityEditor.QuickSearchModule:UnityEditor.Search:ASIAI0B' with importer (ScriptedImporter : UnityEditor.QuickSearchModule:UnityEditor.Search:ASIAI0B)
Imported 'GUID: 5d5287cb2090d5741b188805c3ce8334' -> (Import Result ID: '0e2f820281914430e0642177d652702d') in 0.010 seconds [static and dynamic dependencies]. Details - ImportResultOutputID=d02ce04d99aa3375ff0ab35c0befa36d DependenciesID=e0cf1ea637b5dee3cd50fec60eb807cb StaticDependenciesID=f38050379c15bec25a88d8d53d892beb 
Number of updated asset objects reloaded before import = 0
Number of asset objects unloaded after import = 1
========================================================================
Received Import Request.
  Time of request: 2026-10-06T13:04:41.472759Z
  Time since last request: 0.000826 seconds.
  importAddress: GUID: a6f40f64a45b04c42acca95bdd4d5fb6 - Path: Assets/Menus/LevelButtons/level1.png - Importer: ScriptedImporter/UnityEditor.QuickSearchModule:UnityEditor.Search:ASIAI0B
Importing 'GUID: a6f40f64a45b04c42acca95bdd4d5fb6 - Path: Assets/Menus/LevelButtons/level1.png - Importer: ScriptedImporter/UnityEditor.QuickSearchModule:UnityEditor.Search:ASIAI0B' with importer (ScriptedImporter : UnityEditor.QuickSearchModule:UnityEditor.Search:ASIAI0B)
Imported 'GUID: a6f40f64a45b04c42acca95bdd4d5fb6' -> (Import Result ID: 'd69c396e1a749d3de317abf526acd761') in 0.015 seconds [static and dynamic dependencies]. Details - ImportResultOutputID=2d7b2864c835f5495da121539f6213e1 DependenciesID=678c83c8d060a4d27f66d7f6293043b2 StaticDependenciesID=55b55e7a6950237386f2eea9b33e4339 
Number of updated asset objects reloaded before import = 0
Number of asset objects unloaded after import = 3
========================================================================
Received Import Request.
  Time of request: 2026-10-06T13:04:41.4882878Z
  Time since last request: 0.0005314 seconds.
  importAddress: GUID: 2d85a22b817c8874ea6adb68ec6a33bc - Path: Assets/Materials/Tiles/RemovableTile_Material.mat - Importer: ScriptedImporter/UnityEditor.QuickSearchModule:UnityEditor.Search:ASIAI0B
Importing 'GUID: 2d85a22b817c8874ea6adb68ec6a33bc - Path: Assets/Materials/Tiles/RemovableTile_Material.mat - Importer: ScriptedImporter/UnityEditor.QuickSearchModule:UnityEditor.Search:ASIAI0B' with importer (ScriptedImporter : UnityEditor.QuickSearchModule:UnityEditor.Search:ASIAI0B)
Imported 'GUID: 2d85a22b817c8874ea6adb68ec6a33bc' -> (Import Result ID: '592804a080e4dd5b02806f87fd9f9aef') in 0.011 seconds [static and dynamic dependencies]. Details - ImportResultOutputID=b6a737e5ae9d4f81192c8057ac394331 DependenciesID=571d1d6be14d29a577d6955bcb13eee8 StaticDependenciesID=15f16f1464d628edf628e4930c641a9f 
Number of updated asset objects reloaded before import = 0
Number of asset objects unloaded after import = 2
========================================================================
Received Import Request.
  Time of request: 2026-10-06T13:04:41.5002282Z
  Time since last request: 0.0005407 seconds.
  importAddress: GUID: 0118be428d3793f4b808f30c64a6f307 - Path: Assets/Animations/Crates/MetalCrate_SpinCycle.anim - Importer: ScriptedImporter/UnityEditor.QuickSearchModule:UnityEditor.Search:ASIAI0B
Importing 'GUID: 0118be428d3793f4b808f30c64a6f307 - Path: Assets/Animations/Crates/MetalCrate_SpinCycle.anim - Importer: ScriptedImporter/UnityEditor.QuickSearchModule:UnityEditor.Search:ASIAI0B' with importer (ScriptedImporter : UnityEditor.QuickSearchModule:UnityEditor.Search:ASIAI0B)
Imported 'GUID: 0118be428d3793f4b808f30c64a6f307' -> (Import Result ID: 'de130cd280695c279275da44e1f9c065') in 0.008 seconds [static and dynamic dependencies]. Details - ImportResultOutputID=1d4d5a9e15106a4bd392fded5e1dfa3f DependenciesID=b85edabdbdad9ce3f8bb0ffe641804c8 StaticDependenciesID=1c7fc6756e070bb135c2489abded4e0c 
Number of updated asset objects reloaded before import = 0
Number of asset objects unloaded after import = 1
========================================================================
Received Import Request.
  Time of request: 2026-10-06T13:04:41.5091197Z
  Time since last request: 0.0005997 seconds.
  importAddress: GUID: c588df7fb4acf3c47ab137ad7127be0a - Path: Assets/Models/Materials/texture-crate-top.mat - Importer: ScriptedImporter/UnityEditor.QuickSearchModule:UnityEditor.Search:ASIAI0B
Importing 'GUID: c588df7fb4acf3c47ab137ad7127be0a - Path: Assets/Models/Materials/texture-crate-top.mat - Importer: ScriptedImporter/UnityEditor.QuickSearchModule:UnityEditor.Search:ASIAI0B' with importer (ScriptedImporter : UnityEditor.QuickSearchModule:UnityEditor.Search:ASIAI0B)
Imported 'GUID: c588df7fb4acf3c47ab137ad7127be0a' -> (Import Result ID: '4dca3d4c7d22bfac54f2d7d9d3cede0c') in 0.010 seconds [static and dynamic dependencies]. Details - ImportResultOutputID=919b276b4aed3d2987d6a7ca6a50b8cc DependenciesID=8fefdfe98e0e04dcee72e5fdd4a36200 StaticDependenciesID=2de798cba87111a4e948bceb8b55a599 
Number of updated asset objects reloaded before import = 0
Number of asset objects unloaded after import = 2
========================================================================
Received Import Request.
  Time of request: 2026-10-06T13:04:41.5203421Z
  Time since last request: 0.000463 seconds.
  importAddress: GUID: f05fb6c488a569a4599f09e77428846f - Path: Assets/Animations/Spikeball/Spikeball_Explode.anim - Importer: ScriptedImporter/UnityEditor.QuickSearchModule:UnityEditor.Search:ASIAI0B
Importing 'GUID: f05fb6c488a569a4599f09e77428846f - Path: Assets/Animations/Spikeball/Spikeball_Explode.anim - Importer: ScriptedImporter/UnityEditor.QuickSearchModule:UnityEditor.Search:ASIAI0B' with importer (ScriptedImporter : UnityEditor.QuickSearchModule:UnityEditor.Search:ASIAI0B)
Imported 'GUID: f05fb6c488a569a4599f09e77428846f' -> (Import Result ID: 'cdd30c8b075e5d418ced0e1361d26b76') in 0.009 seconds [static and dynamic dependencies]. Details - ImportResultOutputID=2bd288ab6cf92e4519c6d77e6d1d4d2b DependenciesID=c32bd2c896102a56d9b9f79bf5d698aa StaticDependenciesID=0a63505b973f48336e3c241b1d7cc4a4 
Number of updated asset objects reloaded before import = 0
Number of asset objects unloaded after import = 1
========================================================================
Received Import Request.
  Time of request: 2026-10-06T13:04:41.5297026Z
  Time since last request: 0.0005428 seconds.
  importAddress: GUID: c93323e842c885c4081dc6995dcc2969 - Path: Assets/Menus/LevelButtons/level6hover.png - Importer: ScriptedImporter/UnityEditor.QuickSearchModule:UnityEditor.Search:ASIAI0B
Importing 'GUID: c93323e842c885c4081dc6995dcc2969 - Path: Assets/Menus/LevelButtons/level6hover.png - Importer: ScriptedImporter/UnityEditor.QuickSearchModule:UnityEditor.Search:ASIAI0B' with importer (ScriptedImporter : UnityEditor.QuickSearchModule:UnityEditor.Search:ASIAI0B)
Imported 'GUID: c93323e842c885c4081dc6995dcc2969' -> (Import Result ID: 'f854f540a5fca26d1acaf2eb8499e99d') in 0.015 seconds [static and dynamic dependencies]. Details - ImportResultOutputID=b1ef9275cc35ef9c67f669df76e9cadf DependenciesID=bee1a5b892dac94d0bf14a6cf6c9c856 StaticDependenciesID=3c0d75e5fd722dd86afbee9275a6c212 
Number of updated asset objects reloaded before import = 0
Number of asset objects unloaded after import = 3
========================================================================
Received Import Request.
  Time of request: 2026-10-06T13:04:41.5453611Z
  Time since last request: 0.0005653 seconds.
  importAddress: GUID: 79b775cf448d2ac41a5cae5904f6e2e3 - Path: Assets/Images/NavigationArrows/repel_arrow_4.png - Importer: ScriptedImporter/UnityEditor.QuickSearchModule:UnityEditor.Search:ASIAI0B
Importing 'GUID: 79b775cf448d2ac41a5cae5904f6e2e3 - Path: Assets/Images/NavigationArrows/repel_arrow_4.png - Importer: ScriptedImporter/UnityEditor.QuickSearchModule:UnityEditor.Search:ASIAI0B' with importer (ScriptedImporter : UnityEditor.QuickSearchModule:UnityEditor.Search:ASIAI0B)
Imported 'GUID: 79b775cf448d2ac41a5cae5904f6e2e3' -> (Import Result ID: '7cc4c5f3b646109defd656a02abbb41d') in 0.013 seconds [static and dynamic dependencies]. Details - ImportResultOutputID=64fdcac3613818ecbeb8a0f95ba151dc DependenciesID=b05842727259bd0d581f4522c4915075 StaticDependenciesID=ff80457b0bb3d5df2d16a035a1e68c3a 
Number of updated asset objects reloaded before import = 0
Number of asset objects unloaded after import = 3
========================================================================
Received Import Request.
  Time of request: 2026-10-06T13:04:41.5596118Z
  Time since last request: 0.0005522 seconds.
  importAddress: GUID: 79692442280d4304583c892e47878902 - Path: Assets/Models/Materials/texture-magnet.mat - Importer: ScriptedImporter/UnityEditor.QuickSearchModule:UnityEditor.Search:ASIAI0B
Importing 'GUID: 79692442280d4304583c892e47878902 - Path: Assets/Models/Materials/texture-magnet.mat - Importer: ScriptedImporter/UnityEditor.QuickSearchModule:UnityEditor.Search:ASIAI0B' with importer (ScriptedImporter : UnityEditor.QuickSearchModule:UnityEditor.Search:ASIAI0B)
Imported 'GUID: 79692442280d4304583c892e47878902' -> (Import Result ID: '91e1bee69d7ccc5334336512468526aa') in 0.010 seconds [static and dynamic dependencies]. Details - ImportResultOutputID=d25e1214a5b2352cbc0ea94e0d8e9cc0 DependenciesID=aec3a855fee1d95b98fffd1c3c7d34fb StaticDependenciesID=d91e13b8c49f625631222b0d490a0458 
Number of updated asset objects reloaded before import = 0
Number of asset objects unloaded after import = 2
========================================================================
Received Import Request.
  Time of request: 2026-10-06T13:04:41.5704805Z
  Time since last request: 0.0005343 seconds.
  importAddress: GUID: 2fc8bb7c8f1c12a4c92e9401275c8bc5 - Path: Assets/Animations/Spikeball/Spikeball 1.controller - Importer: ScriptedImporter/UnityEditor.QuickSearchModule:UnityEditor.Search:ASIAI0B
Importing 'GUID: 2fc8bb7c8f1c12a4c92e9401275c8bc5 - Path: Assets/Animations/Spikeball/Spikeball 1.controller - Importer: ScriptedImporter/UnityEditor.QuickSearchModule:UnityEditor.Search:ASIAI0B' with importer (ScriptedImporter : UnityEditor.QuickSearchModule:UnityEditor.Search:ASIAI0B)
Imported 'GUID: 2fc8bb7c8f1c12a4c92e9401275c8bc5' -> (Import Result ID: '74685720aff47de64c5236a872a7a1b9') in 0.009 seconds [static and dynamic dependencies]. Details - ImportResultOutputID=96bd655c4870fe0c10702fc88f70bb22 DependenciesID=f7e8ec498b1ee6fec152267652302ab3 StaticDependenciesID=478fe3d0770ef9569267961dbf151a37 
Number of updated asset objects reloaded before import = 0
Number of asset objects unloaded after import = 12
========================================================================
Received Import Request.
  Time of request: 2026-10-06T13:04:41.5807043Z
  Time since last request: 0.0003745 seconds.
  importAddress: GUID: f022ef4619c8be64b84660496efd323f - Path: Assets/Materials/Tiles/SwitchTile_Material.mat - Importer: ScriptedImporter/UnityEditor.QuickSearchModule:UnityEditor.Search:ASIAI0B
Importing 'GUID: f022ef4619c8be64b84660496efd323f - Path: Assets/Materials/Tiles/SwitchTile_Material.mat - Importer: ScriptedImporter/UnityEditor.QuickSearchModule:UnityEditor.Search:ASIAI0B' with importer (ScriptedImporter : UnityEditor.QuickSearchModule:UnityEditor.Search:ASIAI0B)
Imported 'GUID: f022ef4619c8be64b84660496efd323f' -> (Import Result ID: 'cab57822d7c2a79d15bb3d3dae413015') in 0.010 seconds [static and dynamic dependencies]. Details - ImportResultOutputID=a36d92298b8dcbc59c3d5284c5078b5b DependenciesID=e779d32061ee6ee11129868fe39520aa StaticDependenciesID=ed427529be8c1320723984ad631b13e8 
Number of updated asset objects reloaded before import = 0
Number of asset objects unloaded after import = 2
========================================================================
Received Import Request.
  Time of request: 2026-10-06T13:04:41.591435Z
  Time since last request: 0.0005562 seconds.
  importAddress: GUID: b84a8a36873186d4a801bba87cdc2358 - Path: Assets/Blender/Materials/texture-crate-top.mat - Importer: ScriptedImporter/UnityEditor.QuickSearchModule:UnityEditor.Search:ASIAI0B
Importing 'GUID: b84a8a36873186d4a801bba87cdc2358 - Path: Assets/Blender/Materials/texture-crate-top.mat - Importer: ScriptedImporter/UnityEditor.QuickSearchModule:UnityEditor.Search:ASIAI0B' with importer (ScriptedImporter : UnityEditor.QuickSearchModule:UnityEditor.Search:ASIAI0B)
Imported 'GUID: b84a8a36873186d4a801bba87cdc2358' -> (Import Result ID: '34a22d8cf199b7bfaca0ace9cc8a1f52') in 0.011 seconds [static and dynamic dependencies]. Details - ImportResultOutputID=44aa7426665687e54acd8cf3ae2d5d23 DependenciesID=98ce195a5446b1fd4675b756ee080eb6 StaticDependenciesID=83c08e335db501bddc68be4596347152 
Number of updated asset objects reloaded before import = 0
Number of asset objects unloaded after import = 2
========================================================================
Received Import Request.
  Time of request: 2026-10-06T13:04:41.6032364Z
  Time since last request: 0.0005299 seconds.
  importAddress: GUID: dc6e3792afc85d34887aa9a8a15bf354 - Path: Assets/Textures/tile-side.jpg - Importer: ScriptedImporter/UnityEditor.QuickSearchModule:UnityEditor.Search:ASIAI0B
Importing 'GUID: dc6e3792afc85d34887aa9a8a15bf354 - Path: Assets/Textures/tile-side.jpg - Importer: ScriptedImporter/UnityEditor.QuickSearchModule:UnityEditor.Search:ASIAI0B' with importer (ScriptedImporter : UnityEditor.QuickSearchModule:UnityEditor.Search:ASIAI0B)
Imported 'GUID: dc6e3792afc85d34887aa9a8a15bf354' -> (Import Result ID: '8d7c4bd4f9a33001966c527faea8ac4f') in 0.013 seconds [static and dynamic dependencies]. Details - ImportResultOutputID=0979cf56c6ba542adca3ab91e2bd9d56 DependenciesID=6f2347115cbd45697b04f411b0a84755 StaticDependenciesID=5c48b42a8a8efd49813a79cbc7bab7b3 
Number of updated asset objects reloaded before import = 0
Number of asset objects unloaded after import = 1
========================================================================
Received Import Request.
  Time of request: 2026-10-06T13:04:41.616665Z
  Time since last request: 0.0006061 seconds.
  importAddress: GUID: ffc4406b02274834cb21d0c0f46cb06b - Path: Assets/Models/Materials/Material_015.mat - Importer: ScriptedImporter/UnityEditor.QuickSearchModule:UnityEditor.Search:ASIAI0B
Importing 'GUID: ffc4406b02274834cb21d0c0f46cb06b - Path: Assets/Models/Materials/Material_015.mat - Importer: ScriptedImporter/UnityEditor.QuickSearchModule:UnityEditor.Search:ASIAI0B' with importer (ScriptedImporter : UnityEditor.QuickSearchModule:UnityEditor.Search:ASIAI0B)
Imported 'GUID: ffc4406b02274834cb21d0c0f46cb06b' -> (Import Result ID: 'cd5cd9f73c4f8ce7c685753cb2e0f838') in 0.009 seconds [static and dynamic dependencies]. Details - ImportResultOutputID=5daa8092326997d051b0ee355eb6c818 DependenciesID=706e1e625436da5441971e681b98ce52 StaticDependenciesID=8af15c52fec1db453d35950629ed660f 
Number of updated asset objects reloaded before import = 0
Number of asset objects unloaded after import = 1
========================================================================
Received Import Request.
  Time of request: 2026-10-06T13:04:41.6265629Z
  Time since last request: 0.0005495 seconds.
  importAddress: GUID: b6e9c31252d405b4a9b6cf470dbe1fd5 - Path: Assets/Menus/LevelButtons/level4hover.png - Importer: ScriptedImporter/UnityEditor.QuickSearchModule:UnityEditor.Search:ASIAI0B
Importing 'GUID: b6e9c31252d405b4a9b6cf470dbe1fd5 - Path: Assets/Menus/LevelButtons/level4hover.png - Importer: ScriptedImporter/UnityEditor.QuickSearchModule:UnityEditor.Search:ASIAI0B' with importer (ScriptedImporter : UnityEditor.QuickSearchModule:UnityEditor.Search:ASIAI0B)
Imported 'GUID: b6e9c31252d405b4a9b6cf470dbe1fd5' -> (Import Result ID: '03b523a5ad6000d51e8201e0fc8525a7') in 0.015 seconds [static and dynamic dependencies]. Details - ImportResultOutputID=caba4bd4ff86da9ebb4c0dcdcb000163 DependenciesID=2ebfebd71ce9539ae6177f4601fdde9f StaticDependenciesID=b428c5a2a363ba9927950b7aaab4d543 
Number of updated asset objects reloaded before import = 0
Number of asset objects unloaded after import = 3
========================================================================
Received Import Request.
  Time of request: 2026-10-06T13:04:41.6425014Z
  Time since last request: 0.0005598 seconds.
  importAddress: GUID: 48f874ab73227624d9a5fab14ceae197 - Path: Assets/Animations/Player/playerVictory.anim - Importer: ScriptedImporter/UnityEditor.QuickSearchModule:UnityEditor.Search:ASIAI0B
Importing 'GUID: 48f874ab73227624d9a5fab14ceae197 - Path: Assets/Animations/Player/playerVictory.anim - Importer: ScriptedImporter/UnityEditor.QuickSearchModule:UnityEditor.Search:ASIAI0B' with importer (ScriptedImporter : UnityEditor.QuickSearchModule:UnityEditor.Search:ASIAI0B)
Imported 'GUID: 48f874ab73227624d9a5fab14ceae197' -> (Import Result ID: '5a7b2efe4e6c162ac3c37855f6dead35') in 0.008 seconds [static and dynamic dependencies]. Details - ImportResultOutputID=9c6f38444e4fb6283fd2b7fd536c91f2 DependenciesID=d8c27467ec30fbbad206b75b60841dfc StaticDependenciesID=e4a7731e1cadaa9edb62aa3899f662bb 
Number of updated asset objects reloaded before import = 0
Number of asset objects unloaded after import = 1
========================================================================
Received Import Request.
  Time of request: 2026-10-06T13:04:41.6517883Z
  Time since last request: 0.0005309 seconds.
  importAddress: GUID: 8d2c72c74e2eb9b47ac73a708fd6b997 - Path: Assets/Menus/LevelButtons/level4.png - Importer: ScriptedImporter/UnityEditor.QuickSearchModule:UnityEditor.Search:ASIAI0B
Importing 'GUID: 8d2c72c74e2eb9b47ac73a708fd6b997 - Path: Assets/Menus/LevelButtons/level4.png - Importer: ScriptedImporter/UnityEditor.QuickSearchModule:UnityEditor.Search:ASIAI0B' with importer (ScriptedImporter : UnityEditor.QuickSearchModule:UnityEditor.Search:ASIAI0B)
Imported 'GUID: 8d2c72c74e2eb9b47ac73a708fd6b997' -> (Import Result ID: '0c3c30be1b047a5bb9e6a727301a0c77') in 0.015 seconds [static and dynamic dependencies]. Details - ImportResultOutputID=15149df34a6b1df4ae83dd0750b777eb DependenciesID=f8ee89faf849db71058c05320c78aa49 StaticDependenciesID=408f96b59c5365d312be8185dff64df9 
Number of updated asset objects reloaded before import = 0
Number of asset objects unloaded after import = 3
========================================================================
Received Import Request.
  Time of request: 2026-10-06T13:04:41.6679472Z
  Time since last request: 0.0006244 seconds.
  importAddress: GUID: 4b2bacfcf8495744eb22bd6affcdc03a - Path: Assets/Materials/Tiles/Black.mat - Importer: ScriptedImporter/UnityEditor.QuickSearchModule:UnityEditor.Search:ASIAI0B
Importing 'GUID: 4b2bacfcf8495744eb22bd6affcdc03a - Path: Assets/Materials/Tiles/Black.mat - Importer: ScriptedImporter/UnityEditor.QuickSearchModule:UnityEditor.Search:ASIAI0B' with importer (ScriptedImporter : UnityEditor.QuickSearchModule:UnityEditor.Search:ASIAI0B)
Imported 'GUID: 4b2bacfcf8495744eb22bd6affcdc03a' -> (Import Result ID: '81842378f6c55ee34dcee657ac42624d') in 0.008 seconds [static and dynamic dependencies]. Details - ImportResultOutputID=c22a59812b2e18dc20df124b69fb8726 DependenciesID=ef4d6e8d056557c6350ec41117ab8883 StaticDependenciesID=6ef2feac52a1a51e04a00a1c94083fa0 
Number of updated asset objects reloaded before import = 0
Number of asset objects unloaded after import = 1
========================================================================
Received Import Request.
  Time of request: 2026-10-06T13:04:41.6772256Z
  Time since last request: 0.0006074 seconds.
  importAddress: GUID: 85c984e165fd6804fb937f10ed8bf51d - Path: Assets/Animations/Spikeball/Spikeball.controller - Importer: ScriptedImporter/UnityEditor.QuickSearchModule:UnityEditor.Search:ASIAI0B
Importing 'GUID: 85c984e165fd6804fb937f10ed8bf51d - Path: Assets/Animations/Spikeball/Spikeball.controller - Importer: ScriptedImporter/UnityEditor.QuickSearchModule:UnityEditor.Search:ASIAI0B' with importer (ScriptedImporter : UnityEditor.QuickSearchModule:UnityEditor.Search:ASIAI0B)
Imported 'GUID: 85c984e165fd6804fb937f10ed8bf51d' -> (Import Result ID: 'e48c20571870b29797a444390d42953d') in 0.008 seconds [static and dynamic dependencies]. Details - ImportResultOutputID=c079eeb6286a280300d84754290eb3cb DependenciesID=7e75dfdcf65c4931adbe180641d456db StaticDependenciesID=e80a5df84ad9b51c9716578659e23745 
Number of updated asset objects reloaded before import = 0
Number of asset objects unloaded after import = 2
========================================================================
Received Import Request.
  Time of request: 2026-10-06T13:04:41.6862503Z
  Time since last request: 0.0005954 seconds.
  importAddress: GUID: 88dbc9859af3b85499630b53a17d5412 - Path: Assets/Prefabs/Tiles/ExitTile.prefab - Importer: ScriptedImporter/UnityEditor.QuickSearchModule:UnityEditor.Search:ASIAI0B
Importing 'GUID: 88dbc9859af3b85499630b53a17d5412 - Path: Assets/Prefabs/Tiles/ExitTile.prefab - Importer: ScriptedImporter/UnityEditor.QuickSearchModule:UnityEditor.Search:ASIAI0B' with importer (ScriptedImporter : UnityEditor.QuickSearchModule:UnityEditor.Search:ASIAI0B)
Serialized files [version 17] before 2019.1 are deprecated. Open and re-save the file: "Assets/Prefabs/Tiles/ExitTile.prefab"
UnityEngine.Debug:ExtractStackTraceNoAlloc (byte*,int,string)
UnityEngine.StackTraceUtility:ExtractStackTrace ()
UnityEditor.AssetDatabase:GetDependencies (string,bool)
UnityEditor.Search.AssetIndexer:IndexDependencies (int&,string&)
UnityEditor.Search.AssetIndexer:IndexDocument (string,bool)
UnityEditor.Search.SearchIndexArtifactImporter:OnImportAsset (UnityEditor.AssetImporters.AssetImportContext)
UnityEditor.AssetImporters.ScriptedImporter:GenerateAssetData (UnityEditor.AssetImporters.AssetImportContext)

[C:\build\output\unity\unity\Runtime\Serialize\SerializedFile.cpp line 835]

Imported 'GUID: 88dbc9859af3b85499630b53a17d5412' -> (Import Result ID: '24e98fa003c3dcd1234f5b996402759c') in 0.048 seconds [static and dynamic dependencies]. Details - ImportResultOutputID=3a2855ddf86dc9490adebf7aeca43a8d DependenciesID=bec761d61940ebfb79e47fcc53d5884b StaticDependenciesID=e43eddd3edc15401aa70e913cde32369 
Number of updated asset objects reloaded before import = 0
Number of asset objects unloaded after import = 46
========================================================================
Received Import Request.
  Time of request: 2026-10-06T13:04:41.7360104Z
  Time since last request: 0.0000341 seconds.
  importAddress: GUID: 7957b9e4733eccc41878858ca6d314b4 - Path: Assets/Materials/Tiles/Gray.mat - Importer: ScriptedImporter/UnityEditor.QuickSearchModule:UnityEditor.Search:ASIAI0B
Importing 'GUID: 7957b9e4733eccc41878858ca6d314b4 - Path: Assets/Materials/Tiles/Gray.mat - Importer: ScriptedImporter/UnityEditor.QuickSearchModule:UnityEditor.Search:ASIAI0B' with importer (ScriptedImporter : UnityEditor.QuickSearchModule:UnityEditor.Search:ASIAI0B)
Imported 'GUID: 7957b9e4733eccc41878858ca6d314b4' -> (Import Result ID: '0952d353a869e221711228fa4653b31c') in 0.007 seconds [static and dynamic dependencies]. Details - ImportResultOutputID=f0a4c1ac10d5fdb3bc76a21926873471 DependenciesID=09ab0e16464b6219fad8ab26461a9954 StaticDependenciesID=fefacb15430cfcd8bdbd63f4ac1cca87 
Number of updated asset objects reloaded before import = 0
Number of asset objects unloaded after import = 1
========================================================================
Received Import Request.
  Time of request: 2026-10-06T13:04:41.7441964Z
  Time since last request: 0.000658 seconds.
  importAddress: GUID: c6d6248197528c9408135ea5ae6d51b9 - Path: Assets/Materials/Tiles/MovableTile_Material.mat - Importer: ScriptedImporter/UnityEditor.QuickSearchModule:UnityEditor.Search:ASIAI0B
Importing 'GUID: c6d6248197528c9408135ea5ae6d51b9 - Path: Assets/Materials/Tiles/MovableTile_Material.mat - Importer: ScriptedImporter/UnityEditor.QuickSearchModule:UnityEditor.Search:ASIAI0B' with importer (ScriptedImporter : UnityEditor.QuickSearchModule:UnityEditor.Search:ASIAI0B)
Imported 'GUID: c6d6248197528c9408135ea5ae6d51b9' -> (Import Result ID: '0e24d474600d24f021eafa6b1b1b7c08') in 0.009 seconds [static and dynamic dependencies]. Details - ImportResultOutputID=03a5eab76a711ebb78fd7a42e3de4278 DependenciesID=2dfd08bff998298c1be1920edeb14301 StaticDependenciesID=829df7765f991505f847363bd72d585b 
Number of updated asset objects reloaded before import = 0
Number of asset objects unloaded after import = 2
========================================================================
Received Import Request.
  Time of request: 2026-10-06T13:04:41.7544037Z
  Time since last request: 0.0004626 seconds.
  importAddress: GUID: 52d29fa4840799948b6e53b94f43c98a - Path: Assets/Materials/Tiles/OpenedExitTile_Material.mat - Importer: ScriptedImporter/UnityEditor.QuickSearchModule:UnityEditor.Search:ASIAI0B
Importing 'GUID: 52d29fa4840799948b6e53b94f43c98a - Path: Assets/Materials/Tiles/OpenedExitTile_Material.mat - Importer: ScriptedImporter/UnityEditor.QuickSearchModule:UnityEditor.Search:ASIAI0B' with importer (ScriptedImporter : UnityEditor.QuickSearchModule:UnityEditor.Search:ASIAI0B)
Imported 'GUID: 52d29fa4840799948b6e53b94f43c98a' -> (Import Result ID: 'cb64d988e3ae6bd4895bebf5ec53d9a2') in 0.010 seconds [static and dynamic dependencies]. Details - ImportResultOutputID=51407488d3efe8c0cefdd7cc5f5341ca DependenciesID=fc390ef0426b9507fb6e3fa60de1cd23 StaticDependenciesID=3d7c66edb857b0dbe2f6cccbce4181e8 
Number of updated asset objects reloaded before import = 0
Number of asset objects unloaded after import = 2
========================================================================
Received Import Request.
  Time of request: 2026-10-06T13:04:41.765042Z
  Time since last request: 0.0005412 seconds.
  importAddress: GUID: 7742ffe6b03371c4692a7b6e38ea3c51 - Path: Assets/Menus/LevelButtons/level2.png - Importer: ScriptedImporter/UnityEditor.QuickSearchModule:UnityEditor.Search:ASIAI0B
Importing 'GUID: 7742ffe6b03371c4692a7b6e38ea3c51 - Path: Assets/Menus/LevelButtons/level2.png - Importer: ScriptedImporter/UnityEditor.QuickSearchModule:UnityEditor.Search:ASIAI0B' with importer (ScriptedImporter : UnityEditor.QuickSearchModule:UnityEditor.Search:ASIAI0B)
Imported 'GUID: 7742ffe6b03371c4692a7b6e38ea3c51' -> (Import Result ID: '8bd6d60b5d29ed73ab507e42ca9436d5') in 0.014 seconds [static and dynamic dependencies]. Details - ImportResultOutputID=155df65263f21fc1538c88548b304256 DependenciesID=ee42409edf5839b0e1d50611a5ed8df3 StaticDependenciesID=e5602dd8e4af3c7f8e4de80d6c13cabc 
Number of updated asset objects reloaded before import = 0
Number of asset objects unloaded after import = 3
========================================================================
Received Import Request.
  Time of request: 2026-10-06T13:04:41.7802006Z
  Time since last request: 0.0005952 seconds.
  importAddress: GUID: 9ab807571f6184443bd3c54f81b40f11 - Path: Assets/Blender/Materials/texture-crate-spawner.mat - Importer: ScriptedImporter/UnityEditor.QuickSearchModule:UnityEditor.Search:ASIAI0B
Importing 'GUID: 9ab807571f6184443bd3c54f81b40f11 - Path: Assets/Blender/Materials/texture-crate-spawner.mat - Importer: ScriptedImporter/UnityEditor.QuickSearchModule:UnityEditor.Search:ASIAI0B' with importer (ScriptedImporter : UnityEditor.QuickSearchModule:UnityEditor.Search:ASIAI0B)
Imported 'GUID: 9ab807571f6184443bd3c54f81b40f11' -> (Import Result ID: 'a81743e00ead277d9bf8f27e838c1db3') in 0.011 seconds [static and dynamic dependencies]. Details - ImportResultOutputID=14e2be91e50318c4f6256ea586d73320 DependenciesID=eee6df92fa0d34eef558e579787ecbc4 StaticDependenciesID=bac76a119fb724b3c410fb74ed450c57 
Number of updated asset objects reloaded before import = 0
Number of asset objects unloaded after import = 2
========================================================================
Received Import Request.
  Time of request: 2026-10-06T13:04:41.7918019Z
  Time since last request: 0.0005083 seconds.
  importAddress: GUID: ddb98f759675bb644ab4a7f5a40fa093 - Path: Assets/Images/NavigationArrows/repel_arrow_2.png - Importer: ScriptedImporter/UnityEditor.QuickSearchModule:UnityEditor.Search:ASIAI0B
Importing 'GUID: ddb98f759675bb644ab4a7f5a40fa093 - Path: Assets/Images/NavigationArrows/repel_arrow_2.png - Importer: ScriptedImporter/UnityEditor.QuickSearchModule:UnityEditor.Search:ASIAI0B' with importer (ScriptedImporter : UnityEditor.QuickSearchModule:UnityEditor.Search:ASIAI0B)
Imported 'GUID: ddb98f759675bb644ab4a7f5a40fa093' -> (Import Result ID: '3cf478db602eae1d17925483441f24d8') in 0.011 seconds [static and dynamic dependencies]. Details - ImportResultOutputID=4899229290c84d8ced4555028bd22f80 DependenciesID=f3ae5ec3413dea4f23117556d1626069 StaticDependenciesID=f474b0ed5756ad13c8bae2916ef62656 
Number of updated asset objects reloaded before import = 0
Number of asset objects unloaded after import = 3
========================================================================
Received Import Request.
  Time of request: 2026-10-06T13:04:41.8039848Z
  Time since last request: 0.0005032 seconds.
  importAddress: GUID: cd2e18c46c90ba1449bca9e99e2f55db - Path: Assets/Models/Materials/texture-crate-side.mat - Importer: ScriptedImporter/UnityEditor.QuickSearchModule:UnityEditor.Search:ASIAI0B
Importing 'GUID: cd2e18c46c90ba1449bca9e99e2f55db - Path: Assets/Models/Materials/texture-crate-side.mat - Importer: ScriptedImporter/UnityEditor.QuickSearchModule:UnityEditor.Search:ASIAI0B' with importer (ScriptedImporter : UnityEditor.QuickSearchModule:UnityEditor.Search:ASIAI0B)
Imported 'GUID: cd2e18c46c90ba1449bca9e99e2f55db' -> (Import Result ID: 'bf0708242ce4a07b411905e59f62045b') in 0.011 seconds [static and dynamic dependencies]. Details - ImportResultOutputID=82e81f4d9bde3f54a78149e4394c61bd DependenciesID=854a65f0889da1c884a3d1111238d63a StaticDependenciesID=5576b85c0297147b10084e2d7a655779 
Number of updated asset objects reloaded before import = 0
Number of asset objects unloaded after import = 2
========================================================================
Received Import Request.
  Time of request: 2026-10-06T13:04:41.8162536Z
  Time since last request: 0.0005333 seconds.
  importAddress: GUID: 311e2e8e4410d9241ab067f158e58e48 - Path: Assets/Models/Materials/Material_004.mat - Importer: ScriptedImporter/UnityEditor.QuickSearchModule:UnityEditor.Search:ASIAI0B
Importing 'GUID: 311e2e8e4410d9241ab067f158e58e48 - Path: Assets/Models/Materials/Material_004.mat - Importer: ScriptedImporter/UnityEditor.QuickSearchModule:UnityEditor.Search:ASIAI0B' with importer (ScriptedImporter : UnityEditor.QuickSearchModule:UnityEditor.Search:ASIAI0B)
Imported 'GUID: 311e2e8e4410d9241ab067f158e58e48' -> (Import Result ID: '0c8cdba72f5d3a35d51e519e44674d04') in 0.009 seconds [static and dynamic dependencies]. Details - ImportResultOutputID=db373d84f1c13320e64d3b0a14d8b73a DependenciesID=8063264b981979f51abb2d50273e4624 StaticDependenciesID=204fd1aa2b6eb0210448c0e766e09031 
Number of updated asset objects reloaded before import = 0
Number of asset objects unloaded after import = 1
========================================================================
Received Import Request.
  Time of request: 2026-10-06T13:04:41.825657Z
  Time since last request: 0.0005766 seconds.
  importAddress: GUID: f657f4536478808408575575054dbb3c - Path: Assets/Menus/LevelButtons/level5hover.png - Importer: ScriptedImporter/UnityEditor.QuickSearchModule:UnityEditor.Search:ASIAI0B
Importing 'GUID: f657f4536478808408575575054dbb3c - Path: Assets/Menus/LevelButtons/level5hover.png - Importer: ScriptedImporter/UnityEditor.QuickSearchModule:UnityEditor.Search:ASIAI0B' with importer (ScriptedImporter : UnityEditor.QuickSearchModule:UnityEditor.Search:ASIAI0B)
Imported 'GUID: f657f4536478808408575575054dbb3c' -> (Import Result ID: '033e3421a33bee0c036c271802909a70') in 0.013 seconds [static and dynamic dependencies]. Details - ImportResultOutputID=ce5b9e0c614d2471e3477bacd3ee74ee DependenciesID=644794ec3346c3b00f73802fb4b2d34c StaticDependenciesID=6e5692bdfa1196cb4fba9261039f8df7 
Number of updated asset objects reloaded before import = 0
Number of asset objects unloaded after import = 3
========================================================================
Received Import Request.
  Time of request: 2026-10-06T13:04:41.8396282Z
  Time since last request: 0.0005961 seconds.
  importAddress: GUID: 089eda7bbecb2344b82b28d697a234e9 - Path: Assets/Menus/LevelButtons/level3hover.png - Importer: ScriptedImporter/UnityEditor.QuickSearchModule:UnityEditor.Search:ASIAI0B
Importing 'GUID: 089eda7bbecb2344b82b28d697a234e9 - Path: Assets/Menus/LevelButtons/level3hover.png - Importer: ScriptedImporter/UnityEditor.QuickSearchModule:UnityEditor.Search:ASIAI0B' with importer (ScriptedImporter : UnityEditor.QuickSearchModule:UnityEditor.Search:ASIAI0B)
Imported 'GUID: 089eda7bbecb2344b82b28d697a234e9' -> (Import Result ID: 'b76aa63f24acdbeb0ec60e621593bb39') in 0.016 seconds [static and dynamic dependencies]. Details - ImportResultOutputID=57d42f2cdaa3b390ba3269488b27ebc3 DependenciesID=7cb771477754cb0c71604fc3439fe566 StaticDependenciesID=893ea004a1ea0969482ffb296c696054 
Number of updated asset objects reloaded before import = 0
Number of asset objects unloaded after import = 3
========================================================================
Received Import Request.
  Time of request: 2026-10-06T13:04:41.8571223Z
  Time since last request: 0.0006342 seconds.
  importAddress: GUID: 7d40f3575acbc974abc7f5e7e5adc960 - Path: Assets/Blender/Materials/Material_004.mat - Importer: ScriptedImporter/UnityEditor.QuickSearchModule:UnityEditor.Search:ASIAI0B
Importing 'GUID: 7d40f3575acbc974abc7f5e7e5adc960 - Path: Assets/Blender/Materials/Material_004.mat - Importer: ScriptedImporter/UnityEditor.QuickSearchModule:UnityEditor.Search:ASIAI0B' with importer (ScriptedImporter : UnityEditor.QuickSearchModule:UnityEditor.Search:ASIAI0B)
Imported 'GUID: 7d40f3575acbc974abc7f5e7e5adc960' -> (Import Result ID: '5158c57eac0e224b528bf9f5ed84f015') in 0.009 seconds [static and dynamic dependencies]. Details - ImportResultOutputID=55f0189fd573f024d85854930fec74d2 DependenciesID=3df0148735d5a29f6b560dda71e9281d StaticDependenciesID=b8e0db6466d4df429e3b8f40ed52b9e0 
Number of updated asset objects reloaded before import = 0
Number of asset objects unloaded after import = 1
========================================================================
Received Import Request.
  Time of request: 2026-10-06T13:04:41.8668038Z
  Time since last request: 0.0005423 seconds.
  importAddress: GUID: 72ebebdaa867dde47a510d752b0054a7 - Path: Assets/Blender/Materials/Material_003.mat - Importer: ScriptedImporter/UnityEditor.QuickSearchModule:UnityEditor.Search:ASIAI0B
Importing 'GUID: 72ebebdaa867dde47a510d752b0054a7 - Path: Assets/Blender/Materials/Material_003.mat - Importer: ScriptedImporter/UnityEditor.QuickSearchModule:UnityEditor.Search:ASIAI0B' with importer (ScriptedImporter : UnityEditor.QuickSearchModule:UnityEditor.Search:ASIAI0B)
Imported 'GUID: 72ebebdaa867dde47a510d752b0054a7' -> (Import Result ID: '70ec1ac54981b01d13abfbec98abac1a') in 0.008 seconds [static and dynamic dependencies]. Details - ImportResultOutputID=78bf6402a44c1835bd1f9723e483b11e DependenciesID=eada36420bee95ebcd1c03f130ab142a StaticDependenciesID=be3fdc260827001026945095db859f61 
Number of updated asset objects reloaded before import = 0
Number of asset objects unloaded after import = 1
========================================================================
Received Import Request.
  Time of request: 2026-10-06T13:04:41.8758176Z
  Time since last request: 0.000588 seconds.
  importAddress: GUID: 5278c810663cb004da853c97595e67cb - Path: Assets/Animations/Spikeball/Spikeball_Idle.anim - Importer: ScriptedImporter/UnityEditor.QuickSearchModule:UnityEditor.Search:ASIAI0B
Importing 'GUID: 5278c810663cb004da853c97595e67cb - Path: Assets/Animations/Spikeball/Spikeball_Idle.anim - Importer: ScriptedImporter/UnityEditor.QuickSearchModule:UnityEditor.Search:ASIAI0B' with importer (ScriptedImporter : UnityEditor.QuickSearchModule:UnityEditor.Search:ASIAI0B)
Imported 'GUID: 5278c810663cb004da853c97595e67cb' -> (Import Result ID: 'c66ff5e64a876f83359a0fe596da79e0') in 0.009 seconds [static and dynamic dependencies]. Details - ImportResultOutputID=dcbd8c3abee54912aebfb357adc9dcde DependenciesID=85d19674b5446ffc59443254f334f913 StaticDependenciesID=842754f9b3fd9287d3a2a93d519a0001 
Number of updated asset objects reloaded before import = 0
Number of asset objects unloaded after import = 1
========================================================================
Received Import Request.
  Time of request: 2026-10-06T13:04:41.8853147Z
  Time since last request: 0.0005836 seconds.
  importAddress: GUID: 26cb9ff06b9b983438fd3daebfd67f03 - Path: Assets/Menus/LevelButtons/level3.png - Importer: ScriptedImporter/UnityEditor.QuickSearchModule:UnityEditor.Search:ASIAI0B
Importing 'GUID: 26cb9ff06b9b983438fd3daebfd67f03 - Path: Assets/Menus/LevelButtons/level3.png - Importer: ScriptedImporter/UnityEditor.QuickSearchModule:UnityEditor.Search:ASIAI0B' with importer (ScriptedImporter : UnityEditor.QuickSearchModule:UnityEditor.Search:ASIAI0B)
Imported 'GUID: 26cb9ff06b9b983438fd3daebfd67f03' -> (Import Result ID: '44a66d894329be29b307e083bb5cedae') in 0.013 seconds [static and dynamic dependencies]. Details - ImportResultOutputID=f95865b420408c6d2e516b000c3b17d1 DependenciesID=ff9ca2446232ea80d948d4e9e33c6186 StaticDependenciesID=66397b0e1c83e76dbf961bcb782076b3 
Number of updated asset objects reloaded before import = 0
Number of asset objects unloaded after import = 3
========================================================================
Received Import Request.
  Time of request: 2026-10-06T13:04:41.8989148Z
  Time since last request: 0.0004988 seconds.
  importAddress: GUID: 87eaa0223eb82994c96f9c5cbc6ff4b3 - Path: Assets/Prefabs/Tiles/HoleTile.prefab - Importer: ScriptedImporter/UnityEditor.QuickSearchModule:UnityEditor.Search:ASIAI0B
Importing 'GUID: 87eaa0223eb82994c96f9c5cbc6ff4b3 - Path: Assets/Prefabs/Tiles/HoleTile.prefab - Importer: ScriptedImporter/UnityEditor.QuickSearchModule:UnityEditor.Search:ASIAI0B' with importer (ScriptedImporter : UnityEditor.QuickSearchModule:UnityEditor.Search:ASIAI0B)
Serialized files [version 17] before 2019.1 are deprecated. Open and re-save the file: "Assets/Prefabs/Tiles/HoleTile.prefab"
UnityEngine.Debug:ExtractStackTraceNoAlloc (byte*,int,string)
UnityEngine.StackTraceUtility:ExtractStackTrace ()
UnityEditor.AssetDatabase:GetDependencies (string,bool)
UnityEditor.Search.AssetIndexer:IndexDependencies (int&,string&)
UnityEditor.Search.AssetIndexer:IndexDocument (string,bool)
UnityEditor.Search.SearchIndexArtifactImporter:OnImportAsset (UnityEditor.AssetImporters.AssetImportContext)
UnityEditor.AssetImporters.ScriptedImporter:GenerateAssetData (UnityEditor.AssetImporters.AssetImportContext)

[C:\build\output\unity\unity\Runtime\Serialize\SerializedFile.cpp line 835]

Imported 'GUID: 87eaa0223eb82994c96f9c5cbc6ff4b3' -> (Import Result ID: 'de2a99ad8d9ecf000a9f05e30e09164b') in 0.013 seconds [static and dynamic dependencies]. Details - ImportResultOutputID=c76379c95fad35edf711c9c7e0e22b28 DependenciesID=3c4a5a7631273b53a24663b9923a4a04 StaticDependenciesID=137a3b7b0bae60862200531b6ad5a2a0 
Number of updated asset objects reloaded before import = 0
Number of asset objects unloaded after import = 18
========================================================================
Received Import Request.
  Time of request: 2026-10-06T13:04:41.9131314Z
  Time since last request: 0.000381 seconds.
  importAddress: GUID: 121776ca14df84c40a856a9c60270bec - Path: Assets/Textures/tile-top.jpg - Importer: ScriptedImporter/UnityEditor.QuickSearchModule:UnityEditor.Search:ASIAI0B
Importing 'GUID: 121776ca14df84c40a856a9c60270bec - Path: Assets/Textures/tile-top.jpg - Importer: ScriptedImporter/UnityEditor.QuickSearchModule:UnityEditor.Search:ASIAI0B' with importer (ScriptedImporter : UnityEditor.QuickSearchModule:UnityEditor.Search:ASIAI0B)
Imported 'GUID: 121776ca14df84c40a856a9c60270bec' -> (Import Result ID: '2a36fa70c7b00efc2f8820b075faca56') in 0.015 seconds [static and dynamic dependencies]. Details - ImportResultOutputID=e49ef04779cd0d66366d170c4648e850 DependenciesID=14cf2f55b6664ff88cfc643b2708fc5f StaticDependenciesID=9ba22c6a0a9459013c9054b4271dab08 
Number of updated asset objects reloaded before import = 0
Number of asset objects unloaded after import = 1
========================================================================
Received Import Request.
  Time of request: 2026-10-06T13:04:41.928745Z
  Time since last request: 0.0006139 seconds.
  importAddress: GUID: 059c205032b440b43851ddc95a2fb986 - Path: Assets/Models/Materials/Material_029.mat - Importer: ScriptedImporter/UnityEditor.QuickSearchModule:UnityEditor.Search:ASIAI0B
Importing 'GUID: 059c205032b440b43851ddc95a2fb986 - Path: Assets/Models/Materials/Material_029.mat - Importer: ScriptedImporter/UnityEditor.QuickSearchModule:UnityEditor.Search:ASIAI0B' with importer (ScriptedImporter : UnityEditor.QuickSearchModule:UnityEditor.Search:ASIAI0B)
Imported 'GUID: 059c205032b440b43851ddc95a2fb986' -> (Import Result ID: '7b844ca9b9f12f51d6a7e3ff43bef0c1') in 0.012 seconds [static and dynamic dependencies]. Details - ImportResultOutputID=78a80885c5b674334d920c4abf1e5a43 DependenciesID=94f26fbe269a868a3adf819f9a32357f StaticDependenciesID=589a1e2264d62505415ffad4eedc5caa 
Number of updated asset objects reloaded before import = 0
Number of asset objects unloaded after import = 1
========================================================================
Received Import Request.
  Time of request: 2026-10-06T13:04:41.9711099Z
  Time since last request: 0.0300636 seconds.
  importAddress: GUID: 910784a3f175fc74fbe591cddd1f27c3 - Path: Assets/Scenes/MainMenu/ReflectionProbe-0.exr - Importer: ScriptedImporter/UnityEditor.QuickSearchModule:UnityEditor.Search:ASIAI0B
Importing 'GUID: 910784a3f175fc74fbe591cddd1f27c3 - Path: Assets/Scenes/MainMenu/ReflectionProbe-0.exr - Importer: ScriptedImporter/UnityEditor.QuickSearchModule:UnityEditor.Search:ASIAI0B' with importer (ScriptedImporter : UnityEditor.QuickSearchModule:UnityEditor.Search:ASIAI0B)
Imported 'GUID: 910784a3f175fc74fbe591cddd1f27c3' -> (Import Result ID: '5ed917a5e588c3ac183902e78f80106a') in 0.015 seconds [static and dynamic dependencies]. Details - ImportResultOutputID=496dc4febaafcb7121bf9ae2710db3f2 DependenciesID=d25473de993579a06a59f4e1918a70db StaticDependenciesID=87aa57f1872878006e99bc73afc4e77e 
Number of updated asset objects reloaded before import = 0
Number of asset objects unloaded after import = 1
========================================================================
Received Import Request.
  Time of request: 2026-10-06T13:04:41.9874415Z
  Time since last request: 0.0008292 seconds.
  importAddress: GUID: 23032f4383e95e772bce465c5896d0fd - Path: Packages/com.unity.modules.terrain/package.ModuleCompilationTrigger - Importer: ScriptedImporter/UnityEditor.QuickSearchModule:UnityEditor.Search:ASIAI0B
Importing 'GUID: 23032f4383e95e772bce465c5896d0fd - Path: Packages/com.unity.modules.terrain/package.ModuleCompilationTrigger - Importer: ScriptedImporter/UnityEditor.QuickSearchModule:UnityEditor.Search:ASIAI0B' with importer (ScriptedImporter : UnityEditor.QuickSearchModule:UnityEditor.Search:ASIAI0B)
Imported 'GUID: 23032f4383e95e772bce465c5896d0fd' -> (Import Result ID: '5a08555f0113449f1b459707c38348c4') in 0.007 seconds [static and dynamic dependencies]. Details - ImportResultOutputID=8fc627d0ff99fd589a907dccec31fcb2 DependenciesID=cce4e4238e982cc92e3d77649490bb6e StaticDependenciesID=fc371b15f371670ef053e0db2f8e8852 
Number of updated asset objects reloaded before import = 0
Number of asset objects unloaded after import = 1
========================================================================
Received Import Request.
  Time of request: 2026-10-06T13:04:41.9955068Z
  Time since last request: 0.0005283 seconds.
  importAddress: GUID: ea11495227d864849bdb4fa69e931cbc - Path: Packages/com.unity.ugui/Editor/Analytics/UGUIBuildAnalytics.cs - Importer: ScriptedImporter/UnityEditor.QuickSearchModule:UnityEditor.Search:ASIAI0B
Importing 'GUID: ea11495227d864849bdb4fa69e931cbc - Path: Packages/com.unity.ugui/Editor/Analytics/UGUIBuildAnalytics.cs - Importer: ScriptedImporter/UnityEditor.QuickSearchModule:UnityEditor.Search:ASIAI0B' with importer (ScriptedImporter : UnityEditor.QuickSearchModule:UnityEditor.Search:ASIAI0B)
Imported 'GUID: ea11495227d864849bdb4fa69e931cbc' -> (Import Result ID: 'b6af3ce7dbffbf9382c585af2fce0b3c') in 0.006 seconds [static and dynamic dependencies]. Details - ImportResultOutputID=7b5b709a78df690ae4102508d9bc72f6 DependenciesID=154f2e1d1ac61bf8cceb210e32ad4f78 StaticDependenciesID=ae50e8b1df61b2bf3daeed1729706cdf 
Number of updated asset objects reloaded before import = 0
Number of asset objects unloaded after import = 0
========================================================================
Received Import Request.
  Time of request: 2026-10-06T13:04:42.0027328Z
  Time since last request: 0.0006165 seconds.
  importAddress: GUID: c851bee4305bddf438cc6ffc515991ce - Path: Packages/com.unity.ugui/CHANGELOG.md - Importer: ScriptedImporter/UnityEditor.QuickSearchModule:UnityEditor.Search:ASIAI0B
Importing 'GUID: c851bee4305bddf438cc6ffc515991ce - Path: Packages/com.unity.ugui/CHANGELOG.md - Importer: ScriptedImporter/UnityEditor.QuickSearchModule:UnityEditor.Search:ASIAI0B' with importer (ScriptedImporter : UnityEditor.QuickSearchModule:UnityEditor.Search:ASIAI0B)
Imported 'GUID: c851bee4305bddf438cc6ffc515991ce' -> (Import Result ID: 'e5a0407c9e1b7f99ccebce767fbe8457') in 0.006 seconds [static and dynamic dependencies]. Details - ImportResultOutputID=982eeff452fd93a774de9ce7bcc95edc DependenciesID=49795451743c627d701ac1a670ac4eb5 StaticDependenciesID=2c56db5477890bb2df3d4dec75d235bd 
Number of updated asset objects reloaded before import = 0
Number of asset objects unloaded after import = 1
========================================================================
Received Import Request.
  Time of request: 2026-10-06T13:04:42.0094245Z
  Time since last request: 0.0006794 seconds.
  importAddress: GUID: 8a752aaaadd2410dd9a84e01c1bace9f - Path: Packages/com.unity.modules.uielements/package.ModuleCompilationTrigger - Importer: ScriptedImporter/UnityEditor.QuickSearchModule:UnityEditor.Search:ASIAI0B
Importing 'GUID: 8a752aaaadd2410dd9a84e01c1bace9f - Path: Packages/com.unity.modules.uielements/package.ModuleCompilationTrigger - Importer: ScriptedImporter/UnityEditor.QuickSearchModule:UnityEditor.Search:ASIAI0B' with importer (ScriptedImporter : UnityEditor.QuickSearchModule:UnityEditor.Search:ASIAI0B)
Imported 'GUID: 8a752aaaadd2410dd9a84e01c1bace9f' -> (Import Result ID: 'c2cc701adae5f74effada0796173c2f7') in 0.006 seconds [static and dynamic dependencies]. Details - ImportResultOutputID=57d1e71f135806a68336e5cc94ab0e63 DependenciesID=8b9db9843dc267b56eafb8a89dee0c99 StaticDependenciesID=2dc8ca83857e0ac330035800252f43a3 
Number of updated asset objects reloaded before import = 0
Number of asset objects unloaded after import = 1
========================================================================
Received Import Request.
  Time of request: 2026-10-06T13:04:42.0161413Z
  Time since last request: 0.0005537 seconds.
  importAddress: GUID: ff6d34f71e1a6af4290f9275ff94616c - Path: Packages/com.unity.ugui/Editor/Analytics/UGUIAnalytics.cs - Importer: ScriptedImporter/UnityEditor.QuickSearchModule:UnityEditor.Search:ASIAI0B
Importing 'GUID: ff6d34f71e1a6af4290f9275ff94616c - Path: Packages/com.unity.ugui/Editor/Analytics/UGUIAnalytics.cs - Importer: ScriptedImporter/UnityEditor.QuickSearchModule:UnityEditor.Search:ASIAI0B' with importer (ScriptedImporter : UnityEditor.QuickSearchModule:UnityEditor.Search:ASIAI0B)
Imported 'GUID: ff6d34f71e1a6af4290f9275ff94616c' -> (Import Result ID: 'c36c70da8e3452bf3aea05411dc3ca34') in 0.008 seconds [static and dynamic dependencies]. Details - ImportResultOutputID=ebcaadc950bb918f04c5126ce3cb44c2 DependenciesID=e94290dba2f2bb108a06f2d82a9f4e55 StaticDependenciesID=8d3b4e49f43d0f374da179d5fb00e65d 
Number of updated asset objects reloaded before import = 0
Number of asset objects unloaded after import = 0
========================================================================
Received Import Request.
  Time of request: 2026-10-06T13:04:42.0255041Z
  Time since last request: 0.0006385 seconds.
  importAddress: GUID: 6238323087bbab947b547b5fc27ddff0 - Path: Assets/Standard Assets/Environment/Water/Water/Models/Materials/WaterPlaneMaterial.mat - Importer: ScriptedImporter/UnityEditor.QuickSearchModule:UnityEditor.Search:ASIAI0B
Importing 'GUID: 6238323087bbab947b547b5fc27ddff0 - Path: Assets/Standard Assets/Environment/Water/Water/Models/Materials/WaterPlaneMaterial.mat - Importer: ScriptedImporter/UnityEditor.QuickSearchModule:UnityEditor.Search:ASIAI0B' with importer (ScriptedImporter : UnityEditor.QuickSearchModule:UnityEditor.Search:ASIAI0B)
Imported 'GUID: 6238323087bbab947b547b5fc27ddff0' -> (Import Result ID: 'a0214a93d3a035260c09955baf1f1526') in 0.008 seconds [static and dynamic dependencies]. Details - ImportResultOutputID=e75165c71f9de578e89b6c532bfea91b DependenciesID=5dd53f3087905132164e9e7b6ec4ff53 StaticDependenciesID=0ee409853dc426838b632b37bf466866 
Number of updated asset objects reloaded before import = 0
Number of asset objects unloaded after import = 1
========================================================================
Received Import Request.
  Time of request: 2026-10-06T13:04:42.0341167Z
  Time since last request: 0.0005383 seconds.
  importAddress: GUID: be13c398521e3c1ad21fb9da30ab2ab6 - Path: Packages/com.unity.modules.imgui/package.ModuleCompilationTrigger - Importer: ScriptedImporter/UnityEditor.QuickSearchModule:UnityEditor.Search:ASIAI0B
Importing 'GUID: be13c398521e3c1ad21fb9da30ab2ab6 - Path: Packages/com.unity.modules.imgui/package.ModuleCompilationTrigger - Importer: ScriptedImporter/UnityEditor.QuickSearchModule:UnityEditor.Search:ASIAI0B' with importer (ScriptedImporter : UnityEditor.QuickSearchModule:UnityEditor.Search:ASIAI0B)
Imported 'GUID: be13c398521e3c1ad21fb9da30ab2ab6' -> (Import Result ID: '80b6bbcdddc73b46f5de43fcc5def9ad') in 0.005 seconds [static and dynamic dependencies]. Details - ImportResultOutputID=5f55121d4ce1a12e2a4138ffe6b267e1 DependenciesID=0e2fd24ea46c3958fd7b00932aca408c StaticDependenciesID=23d83c430a55fb13dee161f0931fb777 
Number of updated asset objects reloaded before import = 0
Number of asset objects unloaded after import = 1
========================================================================
Received Import Request.
  Time of request: 2026-10-06T13:04:42.0403911Z
  Time since last request: 0.0005443 seconds.
  importAddress: GUID: 6d56244f8c39a851975d3c0bd432c66f - Path: Packages/com.unity.modules.terrain/package.json - Importer: ScriptedImporter/UnityEditor.QuickSearchModule:UnityEditor.Search:ASIAI0B
Importing 'GUID: 6d56244f8c39a851975d3c0bd432c66f - Path: Packages/com.unity.modules.terrain/package.json - Importer: ScriptedImporter/UnityEditor.QuickSearchModule:UnityEditor.Search:ASIAI0B' with importer (ScriptedImporter : UnityEditor.QuickSearchModule:UnityEditor.Search:ASIAI0B)
Imported 'GUID: 6d56244f8c39a851975d3c0bd432c66f' -> (Import Result ID: '68ee0f3e38243aecec6e536860e20667') in 0.007 seconds [static and dynamic dependencies]. Details - ImportResultOutputID=0cc6be25c7ea1ff5391a76badd90b37c DependenciesID=1bdc5baea05709721538dd94d8993b0a StaticDependenciesID=bca7d3dfd92149a121de9e8de77ed905 
Number of updated asset objects reloaded before import = 0
Number of asset objects unloaded after import = 1
========================================================================
Received Import Request.
  Time of request: 2026-10-06T13:04:42.0478823Z
  Time since last request: 0.0006405 seconds.
  importAddress: GUID: 4f0f9b9f3ed97ad2b9ba8f1a8e4666c2 - Path: Packages/com.unity.modules.uielements/package.json - Importer: ScriptedImporter/UnityEditor.QuickSearchModule:UnityEditor.Search:ASIAI0B
Importing 'GUID: 4f0f9b9f3ed97ad2b9ba8f1a8e4666c2 - Path: Packages/com.unity.modules.uielements/package.json - Importer: ScriptedImporter/UnityEditor.QuickSearchModule:UnityEditor.Search:ASIAI0B' with importer (ScriptedImporter : UnityEditor.QuickSearchModule:UnityEditor.Search:ASIAI0B)
Imported 'GUID: 4f0f9b9f3ed97ad2b9ba8f1a8e4666c2' -> (Import Result ID: '0181c5f6fa665c648bab6d820cdf9324') in 0.007 seconds [static and dynamic dependencies]. Details - ImportResultOutputID=a4ca7ee757f38288bc5881740a0564d3 DependenciesID=d78a18a43dc534a7ef3cabad507699cd StaticDependenciesID=5a14753da026e4f9d007557ceeee616c 
Number of updated asset objects reloaded before import = 0
Number of asset objects unloaded after import = 1
========================================================================
Received Import Request.
  Time of request: 2026-10-06T13:04:42.0559773Z
  Time since last request: 0.000709 seconds.
  importAddress: GUID: 222fc39b0c85d800342910da2cd64781 - Path: Packages/com.unity.modules.assetbundle/package.ModuleCompilationTrigger - Importer: ScriptedImporter/UnityEditor.QuickSearchModule:UnityEditor.Search:ASIAI0B
Importing 'GUID: 222fc39b0c85d800342910da2cd64781 - Path: Packages/com.unity.modules.assetbundle/package.ModuleCompilationTrigger - Importer: ScriptedImporter/UnityEditor.QuickSearchModule:UnityEditor.Search:ASIAI0B' with importer (ScriptedImporter : UnityEditor.QuickSearchModule:UnityEditor.Search:ASIAI0B)
Imported 'GUID: 222fc39b0c85d800342910da2cd64781' -> (Import Result ID: 'dfa0f5b67ba7089d00e2bc9a2798c8ec') in 0.006 seconds [static and dynamic dependencies]. Details - ImportResultOutputID=279e7ce4439d79cfe1efeaffc420b62f DependenciesID=32794ac93d053b6b5654e034df540d15 StaticDependenciesID=1960515560e8a09e8606c298affb3894 
Number of updated asset objects reloaded before import = 0
Number of asset objects unloaded after import = 1
========================================================================
Received Import Request.
  Time of request: 2026-10-06T13:04:42.0628199Z
  Time since last request: 0.0005188 seconds.
  importAddress: GUID: e1ef8466c8fd01a549f10baa4d51fa17 - Path: Packages/com.unity.modules.assetbundle/package.json - Importer: ScriptedImporter/UnityEditor.QuickSearchModule:UnityEditor.Search:ASIAI0B
Importing 'GUID: e1ef8466c8fd01a549f10baa4d51fa17 - Path: Packages/com.unity.modules.assetbundle/package.json - Importer: ScriptedImporter/UnityEditor.QuickSearchModule:UnityEditor.Search:ASIAI0B' with importer (ScriptedImporter : UnityEditor.QuickSearchModule:UnityEditor.Search:ASIAI0B)
Imported 'GUID: e1ef8466c8fd01a549f10baa4d51fa17' -> (Import Result ID: '58415db2bb2882282277f1330e6e5395') in 0.007 seconds [static and dynamic dependencies]. Details - ImportResultOutputID=5fa8eec9b31185ff6d54213a1545a839 DependenciesID=f369479c2075bfdb95017f5a6e8f2b76 StaticDependenciesID=001c3d7ea4cd0ba3ff28e13f7fb15466 
Number of updated asset objects reloaded before import = 0
Number of asset objects unloaded after import = 1
========================================================================
Received Import Request.
  Time of request: 2026-10-06T13:04:42.070362Z
  Time since last request: 0.0005832 seconds.
  importAddress: GUID: e9df95f53f1c1d0c9199e235d6c42b50 - Path: Packages/com.unity.modules.audio/package.json - Importer: ScriptedImporter/UnityEditor.QuickSearchModule:UnityEditor.Search:ASIAI0B
Importing 'GUID: e9df95f53f1c1d0c9199e235d6c42b50 - Path: Packages/com.unity.modules.audio/package.json - Importer: ScriptedImporter/UnityEditor.QuickSearchModule:UnityEditor.Search:ASIAI0B' with importer (ScriptedImporter : UnityEditor.QuickSearchModule:UnityEditor.Search:ASIAI0B)
Imported 'GUID: e9df95f53f1c1d0c9199e235d6c42b50' -> (Import Result ID: 'c9f6c772e78f6cb1dd5af409c3708bd5') in 0.008 seconds [static and dynamic dependencies]. Details - ImportResultOutputID=62d397db537823ca6eaebfcdd4a85f23 DependenciesID=37d1db1a16b8e38496cf3f9df3eb5727 StaticDependenciesID=52d3f3857dfa289cf31214dffb6a0d54 
Number of updated asset objects reloaded before import = 0
Number of asset objects unloaded after import = 1
========================================================================
Received Import Request.
  Time of request: 2026-10-06T13:04:42.078969Z
  Time since last request: 0.0006114 seconds.
  importAddress: GUID: f4935fb862d54980b1bcbca942962642 - Path: Packages/com.unity.ugui/Editor/TMP/TMPro_TexturePostProcessor.cs - Importer: ScriptedImporter/UnityEditor.QuickSearchModule:UnityEditor.Search:ASIAI0B
Importing 'GUID: f4935fb862d54980b1bcbca942962642 - Path: Packages/com.unity.ugui/Editor/TMP/TMPro_TexturePostProcessor.cs - Importer: ScriptedImporter/UnityEditor.QuickSearchModule:UnityEditor.Search:ASIAI0B' with importer (ScriptedImporter : UnityEditor.QuickSearchModule:UnityEditor.Search:ASIAI0B)
Imported 'GUID: f4935fb862d54980b1bcbca942962642' -> (Import Result ID: '7de7aa9ac69b43859050489fdad3484e') in 0.007 seconds [static and dynamic dependencies]. Details - ImportResultOutputID=e92d92895e86036b0789bc79462ab5bd DependenciesID=847300059bec99083c543b9d6f09165c StaticDependenciesID=bc65e62aa59cbfd7dacb894fd4ec2f71 
Number of updated asset objects reloaded before import = 0
Number of asset objects unloaded after import = 0
========================================================================
Received Import Request.
  Time of request: 2026-10-06T13:04:42.0867194Z
  Time since last request: 0.0005385 seconds.
  importAddress: GUID: 553737203d61a8109f9544a97201e1aa - Path: Packages/com.unity.modules.unitywebrequestaudio/package.ModuleCompilationTrigger - Importer: ScriptedImporter/UnityEditor.QuickSearchModule:UnityEditor.Search:ASIAI0B
Importing 'GUID: 553737203d61a8109f9544a97201e1aa - Path: Packages/com.unity.modules.unitywebrequestaudio/package.ModuleCompilationTrigger - Importer: ScriptedImporter/UnityEditor.QuickSearchModule:UnityEditor.Search:ASIAI0B' with importer (ScriptedImporter : UnityEditor.QuickSearchModule:UnityEditor.Search:ASIAI0B)
Imported 'GUID: 553737203d61a8109f9544a97201e1aa' -> (Import Result ID: 'f28f755ccd51116cafa2ae3d368600a2') in 0.006 seconds [static and dynamic dependencies]. Details - ImportResultOutputID=d64a568a5e49fc4d99c25e0d958c67d4 DependenciesID=f41a5ba9f88217026727c555d6a632d6 StaticDependenciesID=47b4e217424907707b7c7b1e4731365d 
Number of updated asset objects reloaded before import = 0
Number of asset objects unloaded after import = 1
========================================================================
Received Import Request.
  Time of request: 2026-10-06T13:04:42.0932473Z
  Time since last request: 0.0005408 seconds.
  importAddress: GUID: ab7282563d6a2264fb19af85caaba719 - Path: Assets/Prefabs/Tiles/SwitchTile.prefab - Importer: ScriptedImporter/UnityEditor.QuickSearchModule:UnityEditor.Search:ASIAI0B
Importing 'GUID: ab7282563d6a2264fb19af85caaba719 - Path: Assets/Prefabs/Tiles/SwitchTile.prefab - Importer: ScriptedImporter/UnityEditor.QuickSearchModule:UnityEditor.Search:ASIAI0B' with importer (ScriptedImporter : UnityEditor.QuickSearchModule:UnityEditor.Search:ASIAI0B)
Serialized files [version 17] before 2019.1 are deprecated. Open and re-save the file: "Assets/Prefabs/Tiles/SwitchTile.prefab"
UnityEngine.Debug:ExtractStackTraceNoAlloc (byte*,int,string)
UnityEngine.StackTraceUtility:ExtractStackTrace ()
UnityEditor.AssetDatabase:GetDependencies (string,bool)
UnityEditor.Search.AssetIndexer:IndexDependencies (int&,string&)
UnityEditor.Search.AssetIndexer:IndexDocument (string,bool)
UnityEditor.Search.SearchIndexArtifactImporter:OnImportAsset (UnityEditor.AssetImporters.AssetImportContext)
UnityEditor.AssetImporters.ScriptedImporter:GenerateAssetData (UnityEditor.AssetImporters.AssetImportContext)

[C:\build\output\unity\unity\Runtime\Serialize\SerializedFile.cpp line 835]

Imported 'GUID: ab7282563d6a2264fb19af85caaba719' -> (Import Result ID: '06fe22b0ecdd91d4c5c55d43ad08d9c9') in 0.026 seconds [static and dynamic dependencies]. Details - ImportResultOutputID=cdc16d955363235f27c7bf1754c00b12 DependenciesID=7e0316f91712280c758ae7dfd523c015 StaticDependenciesID=95f496bdd36b4d9aa635944977c8e3d4 
Number of updated asset objects reloaded before import = 0
Number of asset objects unloaded after import = 15
========================================================================
Received Import Request.
  Time of request: 2026-10-06T13:04:42.1207121Z
  Time since last request: 0.0001574 seconds.
  importAddress: GUID: 02893ffb522b490a9fa28eedd2584309 - Path: Packages/com.unity.ugui/Editor/TMP/TMPro_TextContainerEditor.cs - Importer: ScriptedImporter/UnityEditor.QuickSearchModule:UnityEditor.Search:ASIAI0B
Importing 'GUID: 02893ffb522b490a9fa28eedd2584309 - Path: Packages/com.unity.ugui/Editor/TMP/TMPro_TextContainerEditor.cs - Importer: ScriptedImporter/UnityEditor.QuickSearchModule:UnityEditor.Search:ASIAI0B' with importer (ScriptedImporter : UnityEditor.QuickSearchModule:UnityEditor.Search:ASIAI0B)
Imported 'GUID: 02893ffb522b490a9fa28eedd2584309' -> (Import Result ID: 'f83c042628e182e04a571992173bc20d') in 0.006 seconds [static and dynamic dependencies]. Details - ImportResultOutputID=a9bc89bcaaf1269c68c0b36701cdb2c3 DependenciesID=e6f18dea63e09b46082a74adb95c0935 StaticDependenciesID=dd94d2f5edbff6131033c4df59c7b71c 
Number of updated asset objects reloaded before import = 0
Number of asset objects unloaded after import = 0
========================================================================
Received Import Request.
  Time of request: 2026-10-06T13:04:42.1271052Z
  Time since last request: 0.0005642 seconds.
  importAddress: GUID: 43a27be5af60bf7419ad5c4b74a36a8d - Path: Assets/Prefabs/Tiles/NormalTile.prefab - Importer: ScriptedImporter/UnityEditor.QuickSearchModule:UnityEditor.Search:ASIAI0B
Importing 'GUID: 43a27be5af60bf7419ad5c4b74a36a8d - Path: Assets/Prefabs/Tiles/NormalTile.prefab - Importer: ScriptedImporter/UnityEditor.QuickSearchModule:UnityEditor.Search:ASIAI0B' with importer (ScriptedImporter : UnityEditor.QuickSearchModule:UnityEditor.Search:ASIAI0B)
Serialized files [version 17] before 2019.1 are deprecated. Open and re-save the file: "Assets/Prefabs/Tiles/NormalTile.prefab"
UnityEngine.Debug:ExtractStackTraceNoAlloc (byte*,int,string)
UnityEngine.StackTraceUtility:ExtractStackTrace ()
UnityEditor.AssetDatabase:GetDependencies (string,bool)
UnityEditor.Search.AssetIndexer:IndexDependencies (int&,string&)
UnityEditor.Search.AssetIndexer:IndexDocument (string,bool)
UnityEditor.Search.SearchIndexArtifactImporter:OnImportAsset (UnityEditor.AssetImporters.AssetImportContext)
UnityEditor.AssetImporters.ScriptedImporter:GenerateAssetData (UnityEditor.AssetImporters.AssetImportContext)

[C:\build\output\unity\unity\Runtime\Serialize\SerializedFile.cpp line 835]

Imported 'GUID: 43a27be5af60bf7419ad5c4b74a36a8d' -> (Import Result ID: '42631a7c0814e986087e06b9d8e59145') in 0.012 seconds [static and dynamic dependencies]. Details - ImportResultOutputID=c216c0372c3d1c42c558fe034c0c1f81 DependenciesID=e309845336b922ffb069ea195966ba7d StaticDependenciesID=3e5ca5092411f2bab632293d56a08c75 
Number of updated asset objects reloaded before import = 0
Number of asset objects unloaded after import = 13
========================================================================
Received Import Request.
  Time of request: 2026-10-06T13:04:42.1400765Z
  Time since last request: 0.0005867 seconds.
  importAddress: GUID: c3c6572ed08510a45985c67415897efe - Path: Assets/Scenes/Magnetic_Prototype/LightingData.asset - Importer: ScriptedImporter/UnityEditor.QuickSearchModule:UnityEditor.Search:ASIAI0B
Importing 'GUID: c3c6572ed08510a45985c67415897efe - Path: Assets/Scenes/Magnetic_Prototype/LightingData.asset - Importer: ScriptedImporter/UnityEditor.QuickSearchModule:UnityEditor.Search:ASIAI0B' with importer (ScriptedImporter : UnityEditor.QuickSearchModule:UnityEditor.Search:ASIAI0B)
Serialized files [version 17] before 2019.1 are deprecated. Open and re-save the file: "Assets/Scenes/Magnetic_Prototype/LightingData.asset"
UnityEngine.Debug:ExtractStackTraceNoAlloc (byte*,int,string)
UnityEngine.StackTraceUtility:ExtractStackTrace ()
UnityEditor.AssetDatabase:LoadMainAssetAtPath (string)
UnityEditor.Search.AssetIndexer:IndexProperties (int&,string&,bool&)
UnityEditor.Search.AssetIndexer:IndexDocument (string,bool)
UnityEditor.Search.SearchIndexArtifactImporter:OnImportAsset (UnityEditor.AssetImporters.AssetImportContext)
UnityEditor.AssetImporters.ScriptedImporter:GenerateAssetData (UnityEditor.AssetImporters.AssetImportContext)

[C:\build\output\unity\unity\Runtime\Serialize\SerializedFile.cpp line 835]

Lighting data asset ‘LightingData’ is incompatible with the current Unity version. Please use Generate Lighting to rebuild the lighting data. Realtime Global Illumination cannot be used until the lighting data is rebuilt.
UnityEngine.Debug:ExtractStackTraceNoAlloc (byte*,int,string)
UnityEngine.StackTraceUtility:ExtractStackTrace ()
UnityEditor.AssetDatabase:LoadMainAssetAtPath (string)
UnityEditor.Search.AssetIndexer:IndexProperties (int&,string&,bool&)
UnityEditor.Search.AssetIndexer:IndexDocument (string,bool)
UnityEditor.Search.SearchIndexArtifactImporter:OnImportAsset (UnityEditor.AssetImporters.AssetImportContext)
UnityEditor.AssetImporters.ScriptedImporter:GenerateAssetData (UnityEditor.AssetImporters.AssetImportContext)

[C:\build\output\unity\unity\Editor\Src\GI\Enlighten\LightingDataAsset.cpp line 469]

Lighting data asset ‘LightingData’ is incompatible with the current Unity version because the scene it was baked for was not serialized. Please use Generate Lighting to rebuild the lighting data, or assign the target scene to the Lighting Data Asset in the inspector.
UnityEngine.Debug:ExtractStackTraceNoAlloc (byte*,int,string)
UnityEngine.StackTraceUtility:ExtractStackTrace ()
UnityEditor.AssetDatabase:LoadMainAssetAtPath (string)
UnityEditor.Search.AssetIndexer:IndexProperties (int&,string&,bool&)
UnityEditor.Search.AssetIndexer:IndexDocument (string,bool)
UnityEditor.Search.SearchIndexArtifactImporter:OnImportAsset (UnityEditor.AssetImporters.AssetImportContext)
UnityEditor.AssetImporters.ScriptedImporter:GenerateAssetData (UnityEditor.AssetImporters.AssetImportContext)

[C:\build\output\unity\unity\Editor\Src\GI\Enlighten\LightingDataAsset.cpp line 479]

Serialized files [version 17] before 2019.1 are deprecated. Open and re-save the file: "Assets/Scenes/Magnetic_Prototype/LightingData.asset"
UnityEngine.Debug:ExtractStackTraceNoAlloc (byte*,int,string)
UnityEngine.StackTraceUtility:ExtractStackTrace ()
UnityEditor.AssetDatabase:GetDependencies (string,bool)
UnityEditor.Search.AssetIndexer:IndexDependencies (int&,string&)
UnityEditor.Search.AssetIndexer:IndexDocument (string,bool)
UnityEditor.Search.SearchIndexArtifactImporter:OnImportAsset (UnityEditor.AssetImporters.AssetImportContext)
UnityEditor.AssetImporters.ScriptedImporter:GenerateAssetData (UnityEditor.AssetImporters.AssetImportContext)

[C:\build\output\unity\unity\Runtime\Serialize\SerializedFile.cpp line 835]

Imported 'GUID: c3c6572ed08510a45985c67415897efe' -> (Import Result ID: '4f643b27bdc8a861c1a2784b1dd8831f') in 0.011 seconds [static and dynamic dependencies]. Details - ImportResultOutputID=cee0a3a26a56f9106c1d5d60ce2327bb DependenciesID=8bb935ee561be807cc9deef5a05287a9 StaticDependenciesID=623926eb3f67dfee3f96188535258daf 
Number of updated asset objects reloaded before import = 0
Number of asset objects unloaded after import = 1
========================================================================
Received Import Request.
  Time of request: 2026-10-06T13:04:42.1514699Z
  Time since last request: 0.000589 seconds.
  importAddress: GUID: 9d38e502bdc6626488a6608eff084563 - Path: Assets/Settings/Build Profiles/Windows.asset - Importer: ScriptedImporter/UnityEditor.QuickSearchModule:UnityEditor.Search:ASIAI0B
Importing 'GUID: 9d38e502bdc6626488a6608eff084563 - Path: Assets/Settings/Build Profiles/Windows.asset - Importer: ScriptedImporter/UnityEditor.QuickSearchModule:UnityEditor.Search:ASIAI0B' with importer (ScriptedImporter : UnityEditor.QuickSearchModule:UnityEditor.Search:ASIAI0B)
Imported 'GUID: 9d38e502bdc6626488a6608eff084563' -> (Import Result ID: '43f07dad36ab2f8470e0fb22b1ba99ac') in 0.124 seconds [static and dynamic dependencies]. Details - ImportResultOutputID=3e75cb85751360ea4ff0ab815fab27b2 DependenciesID=c489d271872575057333dabf47df7813 StaticDependenciesID=e69b51b7043de44495c47d0a823bcd6d 
Number of updated asset objects reloaded before import = 0
Number of asset objects unloaded after import = 1
========================================================================
Received Import Request.
  Time of request: 2026-10-06T13:04:42.2766652Z
  Time since last request: 0.0007043 seconds.
  importAddress: GUID: 8e732a942adb63d4eb7bc46d18259620 - Path: Assets/Prefabs/Tiles/SpawnerTile.prefab - Importer: ScriptedImporter/UnityEditor.QuickSearchModule:UnityEditor.Search:ASIAI0B
Importing 'GUID: 8e732a942adb63d4eb7bc46d18259620 - Path: Assets/Prefabs/Tiles/SpawnerTile.prefab - Importer: ScriptedImporter/UnityEditor.QuickSearchModule:UnityEditor.Search:ASIAI0B' with importer (ScriptedImporter : UnityEditor.QuickSearchModule:UnityEditor.Search:ASIAI0B)
Serialized files [version 17] before 2019.1 are deprecated. Open and re-save the file: "Assets/Prefabs/Tiles/SpawnerTile.prefab"
UnityEngine.Debug:ExtractStackTraceNoAlloc (byte*,int,string)
UnityEngine.StackTraceUtility:ExtractStackTrace ()
UnityEditor.AssetDatabase:GetDependencies (string,bool)
UnityEditor.Search.AssetIndexer:IndexDependencies (int&,string&)
UnityEditor.Search.AssetIndexer:IndexDocument (string,bool)
UnityEditor.Search.SearchIndexArtifactImporter:OnImportAsset (UnityEditor.AssetImporters.AssetImportContext)
UnityEditor.AssetImporters.ScriptedImporter:GenerateAssetData (UnityEditor.AssetImporters.AssetImportContext)

[C:\build\output\unity\unity\Runtime\Serialize\SerializedFile.cpp line 835]

Imported 'GUID: 8e732a942adb63d4eb7bc46d18259620' -> (Import Result ID: '72d9ae251d2a3a496d89ab2bee6e2940') in 0.011 seconds [static and dynamic dependencies]. Details - ImportResultOutputID=06d6df691b8e40ea1c3b3c7a90f10a6e DependenciesID=6219f2d7dc7677f35a7cfad3f3592f8e StaticDependenciesID=380269c36d68b50cdff82c11b61574e5 
Number of updated asset objects reloaded before import = 0
Number of asset objects unloaded after import = 13
========================================================================
Received Import Request.
  Time of request: 2026-10-06T13:04:42.2882696Z
  Time since last request: 0.0005068 seconds.
  importAddress: GUID: d9647b571c5e44729b71d756b3d55317 - Path: Packages/com.unity.ugui/Editor/TMP/TMP_ColorGradientAssetMenu.cs - Importer: ScriptedImporter/UnityEditor.QuickSearchModule:UnityEditor.Search:ASIAI0B
Importing 'GUID: d9647b571c5e44729b71d756b3d55317 - Path: Packages/com.unity.ugui/Editor/TMP/TMP_ColorGradientAssetMenu.cs - Importer: ScriptedImporter/UnityEditor.QuickSearchModule:UnityEditor.Search:ASIAI0B' with importer (ScriptedImporter : UnityEditor.QuickSearchModule:UnityEditor.Search:ASIAI0B)
Imported 'GUID: d9647b571c5e44729b71d756b3d55317' -> (Import Result ID: 'b4099a9ce25365fcb4d7e628c006da6e') in 0.009 seconds [static and dynamic dependencies]. Details - ImportResultOutputID=9169e6fc8daeeeddad6bb5731c0a6c72 DependenciesID=d3cecdcaa9c6a3ac8f17a7b69de64833 StaticDependenciesID=72fb49016f33e23ae59d4761eb20b274 
Number of updated asset objects reloaded before import = 0
Number of asset objects unloaded after import = 0
========================================================================
Received Import Request.
  Time of request: 2026-10-06T13:04:42.2984659Z
  Time since last request: 0.0006925 seconds.
  importAddress: GUID: 88ed537c17c34f339121fe9a7d6d7a0e - Path: Packages/com.unity.ugui/Editor/TMP/TMPro_SortingLayerHelper.cs - Importer: ScriptedImporter/UnityEditor.QuickSearchModule:UnityEditor.Search:ASIAI0B
Importing 'GUID: 88ed537c17c34f339121fe9a7d6d7a0e - Path: Packages/com.unity.ugui/Editor/TMP/TMPro_SortingLayerHelper.cs - Importer: ScriptedImporter/UnityEditor.QuickSearchModule:UnityEditor.Search:ASIAI0B' with importer (ScriptedImporter : UnityEditor.QuickSearchModule:UnityEditor.Search:ASIAI0B)
Imported 'GUID: 88ed537c17c34f339121fe9a7d6d7a0e' -> (Import Result ID: 'fff943cb9788baf3aa3bcf12ffa8a81f') in 0.005 seconds [static and dynamic dependencies]. Details - ImportResultOutputID=c8fa1190eddc9c658471a7a7de4c1875 DependenciesID=98d9923a73880d7bef0cc430cf48d67a StaticDependenciesID=8996c4712f6d1d664e88b5f26b461643 
Number of updated asset objects reloaded before import = 0
Number of asset objects unloaded after import = 0
========================================================================
Received Import Request.
  Time of request: 2026-10-06T13:04:42.3048106Z
  Time since last request: 0.0007051 seconds.
  importAddress: GUID: 800a9c6fdae132a41854b0026b8f5e92 - Path: Assets/Scenes/MainMenu/LightingData.asset - Importer: ScriptedImporter/UnityEditor.QuickSearchModule:UnityEditor.Search:ASIAI0B
Importing 'GUID: 800a9c6fdae132a41854b0026b8f5e92 - Path: Assets/Scenes/MainMenu/LightingData.asset - Importer: ScriptedImporter/UnityEditor.QuickSearchModule:UnityEditor.Search:ASIAI0B' with importer (ScriptedImporter : UnityEditor.QuickSearchModule:UnityEditor.Search:ASIAI0B)
Imported 'GUID: 800a9c6fdae132a41854b0026b8f5e92' -> (Import Result ID: 'f38c6d34f97b1694b152f89e939c7aaa') in 0.009 seconds [static and dynamic dependencies]. Details - ImportResultOutputID=91ce0176af114b9bb6b734d948ffab43 DependenciesID=2c48dc855f69cd1139ef4957066c3cc1 StaticDependenciesID=be36fb071dc0eab3e990ff83fda15a02 
Number of updated asset objects reloaded before import = 0
Number of asset objects unloaded after import = 2
========================================================================
Received Import Request.
  Time of request: 2026-10-06T13:04:42.3143015Z
  Time since last request: 0.0006007 seconds.
  importAddress: GUID: 438efd46088d408d8a53f707fa68d976 - Path: Packages/com.unity.ugui/Editor/TMP/TMP_BaseShaderGUI.cs - Importer: ScriptedImporter/UnityEditor.QuickSearchModule:UnityEditor.Search:ASIAI0B
Importing 'GUID: 438efd46088d408d8a53f707fa68d976 - Path: Packages/com.unity.ugui/Editor/TMP/TMP_BaseShaderGUI.cs - Importer: ScriptedImporter/UnityEditor.QuickSearchModule:UnityEditor.Search:ASIAI0B' with importer (ScriptedImporter : UnityEditor.QuickSearchModule:UnityEditor.Search:ASIAI0B)
Imported 'GUID: 438efd46088d408d8a53f707fa68d976' -> (Import Result ID: '71a81d89e5a68ed012ce0040f12997cd') in 0.007 seconds [static and dynamic dependencies]. Details - ImportResultOutputID=28be8cf5d3209513947a155f30fedf8a DependenciesID=12d2752027f2afc50e76c956f6aa92f0 StaticDependenciesID=a5ac3ffa2b84c26066490448af341e6d 
Number of updated asset objects reloaded before import = 0
Number of asset objects unloaded after import = 0
========================================================================
Received Import Request.
  Time of request: 2026-10-06T13:04:42.3224635Z
  Time since last request: 0.0006402 seconds.
  importAddress: GUID: 0e0afa652c0031c48896a97b424d027b - Path: Packages/com.unity.ugui/PackageConversionData_Assets.json - Importer: ScriptedImporter/UnityEditor.QuickSearchModule:UnityEditor.Search:ASIAI0B
Importing 'GUID: 0e0afa652c0031c48896a97b424d027b - Path: Packages/com.unity.ugui/PackageConversionData_Assets.json - Importer: ScriptedImporter/UnityEditor.QuickSearchModule:UnityEditor.Search:ASIAI0B' with importer (ScriptedImporter : UnityEditor.QuickSearchModule:UnityEditor.Search:ASIAI0B)
Imported 'GUID: 0e0afa652c0031c48896a97b424d027b' -> (Import Result ID: 'b4a883d528d319a2e80b2dcd79c507d3') in 0.006 seconds [static and dynamic dependencies]. Details - ImportResultOutputID=2df69921a81f3337886fee96cadce3eb DependenciesID=8b578b3910036f40a7bd7dd08b9e404a StaticDependenciesID=fcd717134c09be50ac32493eec26aa3d 
Number of updated asset objects reloaded before import = 0
Number of asset objects unloaded after import = 1
========================================================================
Received Import Request.
  Time of request: 2026-10-06T13:04:42.3296575Z
  Time since last request: 0.0005145 seconds.
  importAddress: GUID: a31a332ce3485f00f7df8d987302a29c - Path: Packages/com.unity.modules.unitywebrequesttexture/package.ModuleCompilationTrigger - Importer: ScriptedImporter/UnityEditor.QuickSearchModule:UnityEditor.Search:ASIAI0B
Importing 'GUID: a31a332ce3485f00f7df8d987302a29c - Path: Packages/com.unity.modules.unitywebrequesttexture/package.ModuleCompilationTrigger - Importer: ScriptedImporter/UnityEditor.QuickSearchModule:UnityEditor.Search:ASIAI0B' with importer (ScriptedImporter : UnityEditor.QuickSearchModule:UnityEditor.Search:ASIAI0B)
Imported 'GUID: a31a332ce3485f00f7df8d987302a29c' -> (Import Result ID: 'd67de7eadeae7ab94d692f9a67dcda06') in 0.006 seconds [static and dynamic dependencies]. Details - ImportResultOutputID=3e88157e1b838b07926a72e302e8e982 DependenciesID=57b51da99129750b2d975a155538a8c4 StaticDependenciesID=55dd8749b9f6530e7d2c275e03594a2a 
Number of updated asset objects reloaded before import = 0
Number of asset objects unloaded after import = 1
========================================================================
Received Import Request.
  Time of request: 2026-10-06T13:04:42.3361666Z
  Time since last request: 0.000613 seconds.
  importAddress: GUID: ce4ff17ca867d2b48b5c8a4181611901 - Path: Packages/com.unity.ugui/Package Resources/TMP Essential Resources.unitypackage - Importer: ScriptedImporter/UnityEditor.QuickSearchModule:UnityEditor.Search:ASIAI0B
Importing 'GUID: ce4ff17ca867d2b48b5c8a4181611901 - Path: Packages/com.unity.ugui/Package Resources/TMP Essential Resources.unitypackage - Importer: ScriptedImporter/UnityEditor.QuickSearchModule:UnityEditor.Search:ASIAI0B' with importer (ScriptedImporter : UnityEditor.QuickSearchModule:UnityEditor.Search:ASIAI0B)
Imported 'GUID: ce4ff17ca867d2b48b5c8a4181611901' -> (Import Result ID: 'bbc40ed77f82635b2edf6ded70e41b4f') in 0.006 seconds [static and dynamic dependencies]. Details - ImportResultOutputID=2639f081c119287a6fec5419375ce2d6 DependenciesID=bab94b2d341a58635e1758e04e63cded StaticDependenciesID=d3141f8e230e502ea1ffcc27a3d3e40c 
Number of updated asset objects reloaded before import = 0
Number of asset objects unloaded after import = 1
========================================================================
Received Import Request.
  Time of request: 2026-10-06T13:04:42.3431328Z
  Time since last request: 0.0005891 seconds.
  importAddress: GUID: 4b518b37798c97b0f860962cbf615533 - Path: Packages/com.unity.modules.unitywebrequestaudio/package.json - Importer: ScriptedImporter/UnityEditor.QuickSearchModule:UnityEditor.Search:ASIAI0B
Importing 'GUID: 4b518b37798c97b0f860962cbf615533 - Path: Packages/com.unity.modules.unitywebrequestaudio/package.json - Importer: ScriptedImporter/UnityEditor.QuickSearchModule:UnityEditor.Search:ASIAI0B' with importer (ScriptedImporter : UnityEditor.QuickSearchModule:UnityEditor.Search:ASIAI0B)
Imported 'GUID: 4b518b37798c97b0f860962cbf615533' -> (Import Result ID: 'b04aa790bed864d36737eafff4f8a6e6') in 0.007 seconds [static and dynamic dependencies]. Details - ImportResultOutputID=8b0b2c5bd5be393d25d96798ff042daf DependenciesID=ebde22b490ce85aaeb98add396715272 StaticDependenciesID=fde15cf59b19d28a3075a830186e59b9 
Number of updated asset objects reloaded before import = 0
Number of asset objects unloaded after import = 1
========================================================================
Received Import Request.
  Time of request: 2026-10-06T13:04:42.3505155Z
  Time since last request: 0.0005316 seconds.
  importAddress: GUID: 8394c018a82352f41ae354f7bdad54e3 - Path: Packages/com.unity.ugui/Editor/Analytics/UnityEditor.UI.Analytics.asmdef - Importer: ScriptedImporter/UnityEditor.QuickSearchModule:UnityEditor.Search:ASIAI0B
Importing 'GUID: 8394c018a82352f41ae354f7bdad54e3 - Path: Packages/com.unity.ugui/Editor/Analytics/UnityEditor.UI.Analytics.asmdef - Importer: ScriptedImporter/UnityEditor.QuickSearchModule:UnityEditor.Search:ASIAI0B' with importer (ScriptedImporter : UnityEditor.QuickSearchModule:UnityEditor.Search:ASIAI0B)
Imported 'GUID: 8394c018a82352f41ae354f7bdad54e3' -> (Import Result ID: 'b8f8b76a7e6f9a867be6076059dfaec8') in 0.007 seconds [static and dynamic dependencies]. Details - ImportResultOutputID=2d426b0bb1c10882a8d8e217cf20f8fc DependenciesID=09497f99f75f084019836c53d506ed9e StaticDependenciesID=09beb046dfb20a1d1056a5cb0a54c8cd 
Number of updated asset objects reloaded before import = 0
Number of asset objects unloaded after import = 1
========================================================================
Received Import Request.
  Time of request: 2026-10-06T13:04:42.3582078Z
  Time since last request: 0.0005883 seconds.
  importAddress: GUID: b5930dbc378b45d406aeb881f06b6dfa - Path: Packages/com.unity.modules.physicscore2d/package.json - Importer: ScriptedImporter/UnityEditor.QuickSearchModule:UnityEditor.Search:ASIAI0B
Importing 'GUID: b5930dbc378b45d406aeb881f06b6dfa - Path: Packages/com.unity.modules.physicscore2d/package.json - Importer: ScriptedImporter/UnityEditor.QuickSearchModule:UnityEditor.Search:ASIAI0B' with importer (ScriptedImporter : UnityEditor.QuickSearchModule:UnityEditor.Search:ASIAI0B)
Imported 'GUID: b5930dbc378b45d406aeb881f06b6dfa' -> (Import Result ID: 'bedfc513d0479c56e77110eef2af65a0') in 0.005 seconds [static and dynamic dependencies]. Details - ImportResultOutputID=0ea881a5c0dafc03275db2333e910cd5 DependenciesID=5f7a69b6b794b159e1fac9591a70aac9 StaticDependenciesID=9e8d9e85315e742368381eb6767ae395 
Number of updated asset objects reloaded before import = 0
Number of asset objects unloaded after import = 1
========================================================================
Received Import Request.
  Time of request: 2026-10-06T13:04:42.3644527Z
  Time since last request: 0.0004535 seconds.
  importAddress: GUID: a1c42005fe7c5d78585a77ce396a5eea - Path: Packages/com.unity.modules.tilemap/package.ModuleCompilationTrigger - Importer: ScriptedImporter/UnityEditor.QuickSearchModule:UnityEditor.Search:ASIAI0B
Importing 'GUID: a1c42005fe7c5d78585a77ce396a5eea - Path: Packages/com.unity.modules.tilemap/package.ModuleCompilationTrigger - Importer: ScriptedImporter/UnityEditor.QuickSearchModule:UnityEditor.Search:ASIAI0B' with importer (ScriptedImporter : UnityEditor.QuickSearchModule:UnityEditor.Search:ASIAI0B)
Imported 'GUID: a1c42005fe7c5d78585a77ce396a5eea' -> (Import Result ID: 'fe46adbe7c120de6f375b511d58cd3fc') in 0.006 seconds [static and dynamic dependencies]. Details - ImportResultOutputID=88fdabd19f48e4f1781c60c21e433f19 DependenciesID=8f33e9e1dfb421697b03bfae3e7430b0 StaticDependenciesID=6b24b6182ee74f833622d98f7f941e5b 
Number of updated asset objects reloaded before import = 0
Number of asset objects unloaded after import = 1
========================================================================
Received Import Request.
  Time of request: 2026-10-06T13:04:42.371272Z
  Time since last request: 0.0005642 seconds.
  importAddress: GUID: cbb1a39d56ce4d9ac1a46ac505893fa7 - Path: Packages/com.unity.modules.terrainphysics/package.ModuleCompilationTrigger - Importer: ScriptedImporter/UnityEditor.QuickSearchModule:UnityEditor.Search:ASIAI0B
Importing 'GUID: cbb1a39d56ce4d9ac1a46ac505893fa7 - Path: Packages/com.unity.modules.terrainphysics/package.ModuleCompilationTrigger - Importer: ScriptedImporter/UnityEditor.QuickSearchModule:UnityEditor.Search:ASIAI0B' with importer (ScriptedImporter : UnityEditor.QuickSearchModule:UnityEditor.Search:ASIAI0B)
Imported 'GUID: cbb1a39d56ce4d9ac1a46ac505893fa7' -> (Import Result ID: 'fc3eecd819bbc8fd454bcb9568a5b917') in 0.006 seconds [static and dynamic dependencies]. Details - ImportResultOutputID=dd84602dd0bde94f00d6dd15003386d1 DependenciesID=d04625a47c2a94faae48278c165b1449 StaticDependenciesID=a72dd1b071fbac5615e5c68ddf0e0493 
Number of updated asset objects reloaded before import = 0
Number of asset objects unloaded after import = 1
========================================================================
Received Import Request.
  Time of request: 2026-10-06T13:04:42.39453Z
  Time since last request: 0.0170238 seconds.
  importAddress: GUID: 319b8889f363f5947acf209c17a94149 - Path: Packages/com.unity.ugui/package.json - Importer: ScriptedImporter/UnityEditor.QuickSearchModule:UnityEditor.Search:ASIAI0B
Importing 'GUID: 319b8889f363f5947acf209c17a94149 - Path: Packages/com.unity.ugui/package.json - Importer: ScriptedImporter/UnityEditor.QuickSearchModule:UnityEditor.Search:ASIAI0B' with importer (ScriptedImporter : UnityEditor.QuickSearchModule:UnityEditor.Search:ASIAI0B)
Imported 'GUID: 319b8889f363f5947acf209c17a94149' -> (Import Result ID: 'f903ecb5817e3b86611fbca275883824') in 0.005 seconds [static and dynamic dependencies]. Details - ImportResultOutputID=bbc0ac096cb9d4279baa2f03e7c4c26e DependenciesID=077f2f2d1e1b67fb9bc0f0033093d1f3 StaticDependenciesID=0f74143fb3cc9ebed41f0195b35aad9a 
Number of updated asset objects reloaded before import = 0
Number of asset objects unloaded after import = 1
========================================================================
Received Import Request.
  Time of request: 2026-10-06T13:04:42.4003353Z
  Time since last request: 0.0005791 seconds.
  importAddress: GUID: fcc60c1d6bb544d9b712b652f418ff3a - Path: Packages/com.unity.ugui/Editor/TMP/TMP_ColorGradientEditor.cs - Importer: ScriptedImporter/UnityEditor.QuickSearchModule:UnityEditor.Search:ASIAI0B
Importing 'GUID: fcc60c1d6bb544d9b712b652f418ff3a - Path: Packages/com.unity.ugui/Editor/TMP/TMP_ColorGradientEditor.cs - Importer: ScriptedImporter/UnityEditor.QuickSearchModule:UnityEditor.Search:ASIAI0B' with importer (ScriptedImporter : UnityEditor.QuickSearchModule:UnityEditor.Search:ASIAI0B)
Imported 'GUID: fcc60c1d6bb544d9b712b652f418ff3a' -> (Import Result ID: '1507e1feac4f8d6060c5ce1abf69f82f') in 0.004 seconds [static and dynamic dependencies]. Details - ImportResultOutputID=cd9701402534cc69abb1f6763eb5dfe5 DependenciesID=25f3679626a1ec58708238ecfbe35131 StaticDependenciesID=d885b09eb6c544f4c78547dc9492a796 
Number of updated asset objects reloaded before import = 0
Number of asset objects unloaded after import = 0
========================================================================
Received Import Request.
  Time of request: 2026-10-06T13:04:42.4054617Z
  Time since last request: 0.0004095 seconds.
  importAddress: GUID: ba6a41dc489914734857bb5924eb70ad - Path: Assets/Standard Assets/Environment/Water/Water/Models/WaterPlane.fbx - Importer: ScriptedImporter/UnityEditor.QuickSearchModule:UnityEditor.Search:ASIAI0B
Importing 'GUID: ba6a41dc489914734857bb5924eb70ad - Path: Assets/Standard Assets/Environment/Water/Water/Models/WaterPlane.fbx - Importer: ScriptedImporter/UnityEditor.QuickSearchModule:UnityEditor.Search:ASIAI0B' with importer (ScriptedImporter : UnityEditor.QuickSearchModule:UnityEditor.Search:ASIAI0B)
Imported 'GUID: ba6a41dc489914734857bb5924eb70ad' -> (Import Result ID: 'fc88730720eb01138447204591466116') in 0.016 seconds [static and dynamic dependencies]. Details - ImportResultOutputID=2bffb43f45da214db8849675cae42144 DependenciesID=4e120d299cdc44947618f8d5ba0880e9 StaticDependenciesID=7a2df026a28752ef5fd4613a2d2c339f 
Number of updated asset objects reloaded before import = 0
Number of asset objects unloaded after import = 9
========================================================================
Received Import Request.
  Time of request: 2026-10-06T13:04:42.4221556Z
  Time since last request: 0.0004468 seconds.
  importAddress: GUID: 4d3d51749e989f747b2674e0b4d9b3d7 - Path: Packages/com.unity.ugui/LICENSE.md - Importer: ScriptedImporter/UnityEditor.QuickSearchModule:UnityEditor.Search:ASIAI0B
Importing 'GUID: 4d3d51749e989f747b2674e0b4d9b3d7 - Path: Packages/com.unity.ugui/LICENSE.md - Importer: ScriptedImporter/UnityEditor.QuickSearchModule:UnityEditor.Search:ASIAI0B' with importer (ScriptedImporter : UnityEditor.QuickSearchModule:UnityEditor.Search:ASIAI0B)
Imported 'GUID: 4d3d51749e989f747b2674e0b4d9b3d7' -> (Import Result ID: '38dfe69d7d627b5ead343f2ce205a170') in 0.005 seconds [static and dynamic dependencies]. Details - ImportResultOutputID=f7a3471854e8eb7ca5d8d121c8599f49 DependenciesID=8985eab8a5bf55b0d00664a96af0cfe4 StaticDependenciesID=6be6e6430a1518ec1ba9f6060628ad94 
Number of updated asset objects reloaded before import = 0
Number of asset objects unloaded after import = 1
========================================================================
Received Import Request.
  Time of request: 2026-10-06T13:04:42.4279936Z
  Time since last request: 0.0003781 seconds.
  importAddress: GUID: 850ded7a14503024a898b7709cd2af8f - Path: Assets/Scenes/Magnetic_Prototype/ReflectionProbe-0.exr - Importer: ScriptedImporter/UnityEditor.QuickSearchModule:UnityEditor.Search:ASIAI0B
Importing 'GUID: 850ded7a14503024a898b7709cd2af8f - Path: Assets/Scenes/Magnetic_Prototype/ReflectionProbe-0.exr - Importer: ScriptedImporter/UnityEditor.QuickSearchModule:UnityEditor.Search:ASIAI0B' with importer (ScriptedImporter : UnityEditor.QuickSearchModule:UnityEditor.Search:ASIAI0B)
Imported 'GUID: 850ded7a14503024a898b7709cd2af8f' -> (Import Result ID: '5ce9b7572991caeefd084c9d496bfbb8') in 0.010 seconds [static and dynamic dependencies]. Details - ImportResultOutputID=5ef6bdb7f646cf00f7cdc6ef5f27b61b DependenciesID=29087b6eed88694fab63a1ee424483af StaticDependenciesID=bea50b359d25e2cb2a341b2582c16b76 
Number of updated asset objects reloaded before import = 0
Number of asset objects unloaded after import = 1
========================================================================
Received Import Request.
  Time of request: 2026-10-06T13:04:42.4381769Z
  Time since last request: 0.0003626 seconds.
  importAddress: GUID: 806de5a9211448c8b65c8435ebb48dd4 - Path: Packages/com.unity.ugui/Editor/TMP/TMP_BitmapShaderGUI.cs - Importer: ScriptedImporter/UnityEditor.QuickSearchModule:UnityEditor.Search:ASIAI0B
Importing 'GUID: 806de5a9211448c8b65c8435ebb48dd4 - Path: Packages/com.unity.ugui/Editor/TMP/TMP_BitmapShaderGUI.cs - Importer: ScriptedImporter/UnityEditor.QuickSearchModule:UnityEditor.Search:ASIAI0B' with importer (ScriptedImporter : UnityEditor.QuickSearchModule:UnityEditor.Search:ASIAI0B)
Imported 'GUID: 806de5a9211448c8b65c8435ebb48dd4' -> (Import Result ID: 'b59df43eececc6f73abf3534042c9e82') in 0.004 seconds [static and dynamic dependencies]. Details - ImportResultOutputID=da4f7443f0c40f10926d8464ee222154 DependenciesID=4797ea3ec8a41a3bbe8fab4f4b5824e9 StaticDependenciesID=dc5dd402e1b2b79d03eee0872c5bf999 
Number of updated asset objects reloaded before import = 0
Number of asset objects unloaded after import = 0
========================================================================
Received Import Request.
  Time of request: 2026-10-06T13:04:42.4422888Z
  Time since last request: 0.0003816 seconds.
  importAddress: GUID: 40bf3cec17fa0b49fe04443c8332d638 - Path: Packages/com.unity.modules.jsonserialize/package.json - Importer: ScriptedImporter/UnityEditor.QuickSearchModule:UnityEditor.Search:ASIAI0B
Importing 'GUID: 40bf3cec17fa0b49fe04443c8332d638 - Path: Packages/com.unity.modules.jsonserialize/package.json - Importer: ScriptedImporter/UnityEditor.QuickSearchModule:UnityEditor.Search:ASIAI0B' with importer (ScriptedImporter : UnityEditor.QuickSearchModule:UnityEditor.Search:ASIAI0B)
Imported 'GUID: 40bf3cec17fa0b49fe04443c8332d638' -> (Import Result ID: '37ce7785c73892e124baf8922909df79') in 0.008 seconds [static and dynamic dependencies]. Details - ImportResultOutputID=5680a1aaad2be1729e9f5ba21c3b513a DependenciesID=d0daf1d207826f5b20178178a99c798e StaticDependenciesID=ceabe9db4a4183545e2bf3ec38ae2d39 
Number of updated asset objects reloaded before import = 0
Number of asset objects unloaded after import = 1
========================================================================
Received Import Request.
  Time of request: 2026-10-06T13:04:42.4504831Z
  Time since last request: 0.000297 seconds.
  importAddress: GUID: 042dc296246916648e55a43d0eeb2036 - Path: Packages/com.unity.modules.audio/package.ModuleCompilationTrigger - Importer: ScriptedImporter/UnityEditor.QuickSearchModule:UnityEditor.Search:ASIAI0B
Importing 'GUID: 042dc296246916648e55a43d0eeb2036 - Path: Packages/com.unity.modules.audio/package.ModuleCompilationTrigger - Importer: ScriptedImporter/UnityEditor.QuickSearchModule:UnityEditor.Search:ASIAI0B' with importer (ScriptedImporter : UnityEditor.QuickSearchModule:UnityEditor.Search:ASIAI0B)
Imported 'GUID: 042dc296246916648e55a43d0eeb2036' -> (Import Result ID: '7cf853b412e764eebd49c5342dbbf010') in 0.004 seconds [static and dynamic dependencies]. Details - ImportResultOutputID=ffbc8f74fe3ce26568f7e4a6e5692256 DependenciesID=faf51ddfc74b8af0d8edc575e50a0ab7 StaticDependenciesID=ecad093def8bb1ef3867aead18dda637 
Number of updated asset objects reloaded before import = 0
Number of asset objects unloaded after import = 1
========================================================================
Received Import Request.
  Time of request: 2026-10-06T13:04:42.4547126Z
  Time since last request: 0.0004136 seconds.
  importAddress: GUID: 05f5bfd584002f948982a1498890f9a9 - Path: Packages/com.unity.ugui/PackageConversionData.json - Importer: ScriptedImporter/UnityEditor.QuickSearchModule:UnityEditor.Search:ASIAI0B
Importing 'GUID: 05f5bfd584002f948982a1498890f9a9 - Path: Packages/com.unity.ugui/PackageConversionData.json - Importer: ScriptedImporter/UnityEditor.QuickSearchModule:UnityEditor.Search:ASIAI0B' with importer (ScriptedImporter : UnityEditor.QuickSearchModule:UnityEditor.Search:ASIAI0B)
Imported 'GUID: 05f5bfd584002f948982a1498890f9a9' -> (Import Result ID: 'ca61984e17938c7e37a420ad98f68980') in 0.007 seconds [static and dynamic dependencies]. Details - ImportResultOutputID=066c212ca9d7d7e4a3e08eadfe13e2de DependenciesID=500c7fee7429aa2b9609af2b2572cd1b StaticDependenciesID=6f38b827c3edd62c18e0cfe9a16667cb 
Number of updated asset objects reloaded before import = 0
Number of asset objects unloaded after import = 1
========================================================================
Received Import Request.
  Time of request: 2026-10-06T13:04:42.4625777Z
  Time since last request: 0.0005828 seconds.
  importAddress: GUID: 6dbcf248c987476181a37f01a1814975 - Path: Packages/com.unity.ugui/Editor/TMP/TMP_DropdownEditor.cs - Importer: ScriptedImporter/UnityEditor.QuickSearchModule:UnityEditor.Search:ASIAI0B
Importing 'GUID: 6dbcf248c987476181a37f01a1814975 - Path: Packages/com.unity.ugui/Editor/TMP/TMP_DropdownEditor.cs - Importer: ScriptedImporter/UnityEditor.QuickSearchModule:UnityEditor.Search:ASIAI0B' with importer (ScriptedImporter : UnityEditor.QuickSearchModule:UnityEditor.Search:ASIAI0B)
Imported 'GUID: 6dbcf248c987476181a37f01a1814975' -> (Import Result ID: '55063938de663c434e4d1134a9a24360') in 0.006 seconds [static and dynamic dependencies]. Details - ImportResultOutputID=99309ae242cc3ed28627728aa9587cef DependenciesID=9963c5d3221c82bcd17be76a71a6fb7f StaticDependenciesID=0abc89e272c07def68b743c72687714d 
Number of updated asset objects reloaded before import = 0
Number of asset objects unloaded after import = 0
========================================================================
Received Import Request.
  Time of request: 2026-10-06T13:04:42.4835447Z
  Time since last request: 0.0147519 seconds.
  importAddress: GUID: 14e86f88e9a8c9c448d7e7df92f2aeec - Path: Packages/com.unity.modules.physicscore2d/package.ModuleCompilationTrigger - Importer: ScriptedImporter/UnityEditor.QuickSearchModule:UnityEditor.Search:ASIAI0B
Importing 'GUID: 14e86f88e9a8c9c448d7e7df92f2aeec - Path: Packages/com.unity.modules.physicscore2d/package.ModuleCompilationTrigger - Importer: ScriptedImporter/UnityEditor.QuickSearchModule:UnityEditor.Search:ASIAI0B' with importer (ScriptedImporter : UnityEditor.QuickSearchModule:UnityEditor.Search:ASIAI0B)
Imported 'GUID: 14e86f88e9a8c9c448d7e7df92f2aeec' -> (Import Result ID: '58d55e654832657ca7a936acd668ec72') in 0.005 seconds [static and dynamic dependencies]. Details - ImportResultOutputID=bbf8512792c8c411ab1ff0bbb5154b85 DependenciesID=d78a0c237cf18c554b598fc2a4dd8d52 StaticDependenciesID=e2874be0511683b2e3c8487c49d4b47e 
Number of updated asset objects reloaded before import = 0
Number of asset objects unloaded after import = 1
========================================================================
Received Import Request.
  Time of request: 2026-10-06T13:04:42.48878Z
  Time since last request: 0.0003477 seconds.
  importAddress: GUID: a4a0a1ec25cc86e48b70f59f68bd856e - Path: Assets/Scenes/Level_1/ReflectionProbe-0.exr - Importer: ScriptedImporter/UnityEditor.QuickSearchModule:UnityEditor.Search:ASIAI0B
Importing 'GUID: a4a0a1ec25cc86e48b70f59f68bd856e - Path: Assets/Scenes/Level_1/ReflectionProbe-0.exr - Importer: ScriptedImporter/UnityEditor.QuickSearchModule:UnityEditor.Search:ASIAI0B' with importer (ScriptedImporter : UnityEditor.QuickSearchModule:UnityEditor.Search:ASIAI0B)
Imported 'GUID: a4a0a1ec25cc86e48b70f59f68bd856e' -> (Import Result ID: 'efbc3d7978b8873baa699ca089690429') in 0.010 seconds [static and dynamic dependencies]. Details - ImportResultOutputID=748d498a7569ea6b5d5b82b6a2c16951 DependenciesID=501b3270071d18f7c9fcdc88c841f504 StaticDependenciesID=f5e51e04ed2173e6b2c540ce2d7cb797 
Number of updated asset objects reloaded before import = 0
Number of asset objects unloaded after import = 1
========================================================================
Received Import Request.
  Time of request: 2026-10-06T13:04:42.4991395Z
  Time since last request: 0.0005796 seconds.
  importAddress: GUID: aa76955fe5bb44f7915d91db8c7043c4 - Path: Packages/com.unity.ugui/Editor/TMP/TMPro_EditorShaderUtilities.cs - Importer: ScriptedImporter/UnityEditor.QuickSearchModule:UnityEditor.Search:ASIAI0B
Importing 'GUID: aa76955fe5bb44f7915d91db8c7043c4 - Path: Packages/com.unity.ugui/Editor/TMP/TMPro_EditorShaderUtilities.cs - Importer: ScriptedImporter/UnityEditor.QuickSearchModule:UnityEditor.Search:ASIAI0B' with importer (ScriptedImporter : UnityEditor.QuickSearchModule:UnityEditor.Search:ASIAI0B)
Imported 'GUID: aa76955fe5bb44f7915d91db8c7043c4' -> (Import Result ID: '8b9642171c892e77362807d953c97b81') in 0.007 seconds [static and dynamic dependencies]. Details - ImportResultOutputID=66abb2a3c72c5d18d00dc1fef1f777e1 DependenciesID=186559dcd982e0c5fef5186f94e093ea StaticDependenciesID=bdfaad36baf9fadea2791194bc7b83d9 
Number of updated asset objects reloaded before import = 0
Number of asset objects unloaded after import = 0
========================================================================
Received Import Request.
  Time of request: 2026-10-06T13:04:42.5071525Z
  Time since last request: 0.0005303 seconds.
  importAddress: GUID: d0e3ad91972c66f5238f5b9b7d5ae58a - Path: Packages/com.unity.modules.unitywebrequesttexture/package.json - Importer: ScriptedImporter/UnityEditor.QuickSearchModule:UnityEditor.Search:ASIAI0B
Importing 'GUID: d0e3ad91972c66f5238f5b9b7d5ae58a - Path: Packages/com.unity.modules.unitywebrequesttexture/package.json - Importer: ScriptedImporter/UnityEditor.QuickSearchModule:UnityEditor.Search:ASIAI0B' with importer (ScriptedImporter : UnityEditor.QuickSearchModule:UnityEditor.Search:ASIAI0B)
Imported 'GUID: d0e3ad91972c66f5238f5b9b7d5ae58a' -> (Import Result ID: 'f49ed4c497b132c7315a40a0bb619b87') in 0.007 seconds [static and dynamic dependencies]. Details - ImportResultOutputID=2f87da30473cbc695dcc6f38569a4f51 DependenciesID=eec9777d1ed01f6a56731e28b475bc2b StaticDependenciesID=b69713d9e888d5e3c19063ff1908b9e0 
Number of updated asset objects reloaded before import = 0
Number of asset objects unloaded after import = 1
========================================================================
Received Import Request.
  Time of request: 2026-10-06T13:04:42.5149997Z
  Time since last request: 0.0005683 seconds.
  importAddress: GUID: 383966e89d344865a36addd5d378ffd3 - Path: Packages/com.unity.ugui/Editor/TMP/TMPro_FontAssetCreatorWindow.cs - Importer: ScriptedImporter/UnityEditor.QuickSearchModule:UnityEditor.Search:ASIAI0B
Importing 'GUID: 383966e89d344865a36addd5d378ffd3 - Path: Packages/com.unity.ugui/Editor/TMP/TMPro_FontAssetCreatorWindow.cs - Importer: ScriptedImporter/UnityEditor.QuickSearchModule:UnityEditor.Search:ASIAI0B' with importer (ScriptedImporter : UnityEditor.QuickSearchModule:UnityEditor.Search:ASIAI0B)
Imported 'GUID: 383966e89d344865a36addd5d378ffd3' -> (Import Result ID: '8c71eaed4a4287f85d9eb506618796b7') in 0.006 seconds [static and dynamic dependencies]. Details - ImportResultOutputID=a15f8cd7d00b8911d6da28bd00a7d503 DependenciesID=2b497f1eb0df0da6502bf27e30c23039 StaticDependenciesID=be7a3e782f0148452f2b1cdf56919693 
Number of updated asset objects reloaded before import = 0
Number of asset objects unloaded after import = 0
========================================================================
Received Import Request.
  Time of request: 2026-10-06T13:04:42.5218015Z
  Time since last request: 0.0006874 seconds.
  importAddress: GUID: 7065397ff8184621aa3ca4f854491259 - Path: Packages/com.unity.ugui/Editor/TMP/TMPro_CreateObjectMenu.cs - Importer: ScriptedImporter/UnityEditor.QuickSearchModule:UnityEditor.Search:ASIAI0B
Importing 'GUID: 7065397ff8184621aa3ca4f854491259 - Path: Packages/com.unity.ugui/Editor/TMP/TMPro_CreateObjectMenu.cs - Importer: ScriptedImporter/UnityEditor.QuickSearchModule:UnityEditor.Search:ASIAI0B' with importer (ScriptedImporter : UnityEditor.QuickSearchModule:UnityEditor.Search:ASIAI0B)
Imported 'GUID: 7065397ff8184621aa3ca4f854491259' -> (Import Result ID: '725526af617c04d959bf74b5838925f7') in 0.007 seconds [static and dynamic dependencies]. Details - ImportResultOutputID=e07bf3a6d3acbd24627c0b13dd4dee80 DependenciesID=8204b6df899f99d2463f0de04ce970c4 StaticDependenciesID=af616f6a8bfe1e385dc41915b42b1734 
Number of updated asset objects reloaded before import = 0
Number of asset objects unloaded after import = 0
========================================================================
Received Import Request.
  Time of request: 2026-10-06T13:04:42.529194Z
  Time since last request: 0.0006192 seconds.
  importAddress: GUID: e6a135e3ea9cb46795d1b0e05ac3e1e5 - Path: Packages/com.unity.modules.jsonserialize/package.ModuleCompilationTrigger - Importer: ScriptedImporter/UnityEditor.QuickSearchModule:UnityEditor.Search:ASIAI0B
Importing 'GUID: e6a135e3ea9cb46795d1b0e05ac3e1e5 - Path: Packages/com.unity.modules.jsonserialize/package.ModuleCompilationTrigger - Importer: ScriptedImporter/UnityEditor.QuickSearchModule:UnityEditor.Search:ASIAI0B' with importer (ScriptedImporter : UnityEditor.QuickSearchModule:UnityEditor.Search:ASIAI0B)
Imported 'GUID: e6a135e3ea9cb46795d1b0e05ac3e1e5' -> (Import Result ID: '4374217e2b1bf0e957c080637ca10bac') in 0.006 seconds [static and dynamic dependencies]. Details - ImportResultOutputID=b8cb92c015b5c1909a8eb9a87c203a2a DependenciesID=5ac7c139e0e90c65cee44a26f61a89f5 StaticDependenciesID=87cbc9f3f6f3ce3710a91df6a8119747 
Number of updated asset objects reloaded before import = 0
Number of asset objects unloaded after import = 1
========================================================================
Received Import Request.
  Time of request: 2026-10-06T13:04:42.5362532Z
  Time since last request: 0.0005189 seconds.
  importAddress: GUID: 71136fc5cf34f2cc10be0e33c0b08019 - Path: Packages/com.unity.modules.unityanalytics/package.ModuleCompilationTrigger - Importer: ScriptedImporter/UnityEditor.QuickSearchModule:UnityEditor.Search:ASIAI0B
Importing 'GUID: 71136fc5cf34f2cc10be0e33c0b08019 - Path: Packages/com.unity.modules.unityanalytics/package.ModuleCompilationTrigger - Importer: ScriptedImporter/UnityEditor.QuickSearchModule:UnityEditor.Search:ASIAI0B' with importer (ScriptedImporter : UnityEditor.QuickSearchModule:UnityEditor.Search:ASIAI0B)
Imported 'GUID: 71136fc5cf34f2cc10be0e33c0b08019' -> (Import Result ID: '10f43af625a0b5552f4c213cb2db67f4') in 0.006 seconds [static and dynamic dependencies]. Details - ImportResultOutputID=5d6d6c602d03a062dff3447995f87cbc DependenciesID=662bf0c514610421b38ae4fa030dd05e StaticDependenciesID=0271529bae90857a75e811db014e4bb8 
Number of updated asset objects reloaded before import = 0
Number of asset objects unloaded after import = 1
========================================================================
Received Import Request.
  Time of request: 2026-10-06T13:04:42.5434318Z
  Time since last request: 0.0005073 seconds.
  importAddress: GUID: bc00e25696e4132499f56528d3fed2e3 - Path: Packages/com.unity.ugui/Package Resources/TMP Examples & Extras.unitypackage - Importer: ScriptedImporter/UnityEditor.QuickSearchModule:UnityEditor.Search:ASIAI0B
Importing 'GUID: bc00e25696e4132499f56528d3fed2e3 - Path: Packages/com.unity.ugui/Package Resources/TMP Examples & Extras.unitypackage - Importer: ScriptedImporter/UnityEditor.QuickSearchModule:UnityEditor.Search:ASIAI0B' with importer (ScriptedImporter : UnityEditor.QuickSearchModule:UnityEditor.Search:ASIAI0B)
Imported 'GUID: bc00e25696e4132499f56528d3fed2e3' -> (Import Result ID: '65ac66ddc4d5e14e57a01ae1ef751aad') in 0.006 seconds [static and dynamic dependencies]. Details - ImportResultOutputID=844f427b28fd62042ee9df1866c703e1 DependenciesID=7f59aca7ccf73e64ade43ad1072f440f StaticDependenciesID=d4b0a8711b56e167d4b7251b9b700594 
Number of updated asset objects reloaded before import = 0
Number of asset objects unloaded after import = 1
========================================================================
Received Import Request.
  Time of request: 2026-10-06T13:04:42.5501309Z
  Time since last request: 0.000541 seconds.
  importAddress: GUID: 26a4f29db434fd79025c91f6126382cc - Path: Packages/com.unity.modules.unityanalytics/package.json - Importer: ScriptedImporter/UnityEditor.QuickSearchModule:UnityEditor.Search:ASIAI0B
Importing 'GUID: 26a4f29db434fd79025c91f6126382cc - Path: Packages/com.unity.modules.unityanalytics/package.json - Importer: ScriptedImporter/UnityEditor.QuickSearchModule:UnityEditor.Search:ASIAI0B' with importer (ScriptedImporter : UnityEditor.QuickSearchModule:UnityEditor.Search:ASIAI0B)
Imported 'GUID: 26a4f29db434fd79025c91f6126382cc' -> (Import Result ID: 'dc3b83231d34e972d95ea8f93709b708') in 0.007 seconds [static and dynamic dependencies]. Details - ImportResultOutputID=09b1892ebfc7b10164f1ef1991ec9703 DependenciesID=c61f670adc8b8b1ecfbd931dd93d2d1e StaticDependenciesID=0ee351d5a59e840f14d6becfb44f445b 
Number of updated asset objects reloaded before import = 0
Number of asset objects unloaded after import = 1
========================================================================
Received Import Request.
  Time of request: 2026-10-06T13:04:42.5584033Z
  Time since last request: 0.0007191 seconds.
  importAddress: GUID: 91950f78729ab144aa36e94690b28fad - Path: Packages/com.unity.ugui/Editor/TMP/TMP_BaseEditorPanel.cs - Importer: ScriptedImporter/UnityEditor.QuickSearchModule:UnityEditor.Search:ASIAI0B
Importing 'GUID: 91950f78729ab144aa36e94690b28fad - Path: Packages/com.unity.ugui/Editor/TMP/TMP_BaseEditorPanel.cs - Importer: ScriptedImporter/UnityEditor.QuickSearchModule:UnityEditor.Search:ASIAI0B' with importer (ScriptedImporter : UnityEditor.QuickSearchModule:UnityEditor.Search:ASIAI0B)
Imported 'GUID: 91950f78729ab144aa36e94690b28fad' -> (Import Result ID: 'd7d59c238d63b54bb2fcdb7944bd2d4e') in 0.007 seconds [static and dynamic dependencies]. Details - ImportResultOutputID=966a640fdf37cf345481304a6afb73ed DependenciesID=09f204adf32da50ef31e9f76e41f3bc1 StaticDependenciesID=504daed9da34a82cced75d70cd5924a5 
Number of updated asset objects reloaded before import = 0
Number of asset objects unloaded after import = 0
========================================================================
Received Import Request.
  Time of request: 2026-10-06T13:04:42.6354763Z
  Time since last request: 0.0699921 seconds.
  importAddress: GUID: 34e2c9b9d9e44953933afe37461f44e6 - Path: Packages/com.unity.ugui/Editor/TMP/TMP_StyleSheetEditor.cs - Importer: ScriptedImporter/UnityEditor.QuickSearchModule:UnityEditor.Search:ASIAI0B
Importing 'GUID: 34e2c9b9d9e44953933afe37461f44e6 - Path: Packages/com.unity.ugui/Editor/TMP/TMP_StyleSheetEditor.cs - Importer: ScriptedImporter/UnityEditor.QuickSearchModule:UnityEditor.Search:ASIAI0B' with importer (ScriptedImporter : UnityEditor.QuickSearchModule:UnityEditor.Search:ASIAI0B)
Imported 'GUID: 34e2c9b9d9e44953933afe37461f44e6' -> (Import Result ID: 'df2ebd09a3d6296498d32cd3ee2f6a6c') in 0.007 seconds [static and dynamic dependencies]. Details - ImportResultOutputID=3fe0ed3e4868d05828721bbc5fc00104 DependenciesID=3907a73c48fc36a83fc9bee5fdf57154 StaticDependenciesID=e20eefdb3aa710488680bf95bca29a30 
Number of updated asset objects reloaded before import = 0
Number of asset objects unloaded after import = 0
========================================================================
Received Import Request.
  Time of request: 2026-10-06T13:04:42.6435079Z
  Time since last request: 0.0008068 seconds.
  importAddress: GUID: 64b9fad609434c489c32b1cdf2004a1c - Path: Packages/com.unity.ugui/Editor Resources/Textures/btn_AlignFlush_Light.psd - Importer: ScriptedImporter/UnityEditor.QuickSearchModule:UnityEditor.Search:ASIAI0B
Importing 'GUID: 64b9fad609434c489c32b1cdf2004a1c - Path: Packages/com.unity.ugui/Editor Resources/Textures/btn_AlignFlush_Light.psd - Importer: ScriptedImporter/UnityEditor.QuickSearchModule:UnityEditor.Search:ASIAI0B' with importer (ScriptedImporter : UnityEditor.QuickSearchModule:UnityEditor.Search:ASIAI0B)
Imported 'GUID: 64b9fad609434c489c32b1cdf2004a1c' -> (Import Result ID: '5ccfd355f181882dc8b835deb288c730') in 0.012 seconds [static and dynamic dependencies]. Details - ImportResultOutputID=cae021caccf858291f80acf735e3ff2a DependenciesID=a54e2d03b008298637f3ef2409454011 StaticDependenciesID=e5c176e540f79a8d4d9ccce6858e393c 
Number of updated asset objects reloaded before import = 0
Number of asset objects unloaded after import = 1
========================================================================
Received Import Request.
  Time of request: 2026-10-06T13:04:42.6567247Z
  Time since last request: 0.0006147 seconds.
  importAddress: GUID: 3ee40aa79cd242a5b53b0b0ca4f13f0f - Path: Packages/com.unity.ugui/Editor Resources/Gizmos/TMP - Input Field Icon.psd - Importer: ScriptedImporter/UnityEditor.QuickSearchModule:UnityEditor.Search:ASIAI0B
Importing 'GUID: 3ee40aa79cd242a5b53b0b0ca4f13f0f - Path: Packages/com.unity.ugui/Editor Resources/Gizmos/TMP - Input Field Icon.psd - Importer: ScriptedImporter/UnityEditor.QuickSearchModule:UnityEditor.Search:ASIAI0B' with importer (ScriptedImporter : UnityEditor.QuickSearchModule:UnityEditor.Search:ASIAI0B)
Imported 'GUID: 3ee40aa79cd242a5b53b0b0ca4f13f0f' -> (Import Result ID: 'fc2eb61814da1956a8fb5d8469f51113') in 0.015 seconds [static and dynamic dependencies]. Details - ImportResultOutputID=c70df0fb5892d134b6f566685bfad6f0 DependenciesID=c8e99c8f6918cc6b74719be562126f6f StaticDependenciesID=b32de61292567e9d86ffe439e2d6ebb5 
Number of updated asset objects reloaded before import = 0
Number of asset objects unloaded after import = 1
========================================================================
Received Import Request.
  Time of request: 2026-10-06T13:04:42.6725378Z
  Time since last request: 0.0006137 seconds.
  importAddress: GUID: 0ce5fe4db14be432cab1bc46704eef4c - Path: Packages/com.unity.ugui/Runtime/InternalBridge/ObjectUtilsBridge.cs - Importer: ScriptedImporter/UnityEditor.QuickSearchModule:UnityEditor.Search:ASIAI0B
Importing 'GUID: 0ce5fe4db14be432cab1bc46704eef4c - Path: Packages/com.unity.ugui/Runtime/InternalBridge/ObjectUtilsBridge.cs - Importer: ScriptedImporter/UnityEditor.QuickSearchModule:UnityEditor.Search:ASIAI0B' with importer (ScriptedImporter : UnityEditor.QuickSearchModule:UnityEditor.Search:ASIAI0B)
Imported 'GUID: 0ce5fe4db14be432cab1bc46704eef4c' -> (Import Result ID: 'e2c0f75dea958e97a6384617da5c1e22') in 0.008 seconds [static and dynamic dependencies]. Details - ImportResultOutputID=d94bab689d8d06b34dab966ff37bfaca DependenciesID=d246b93cb0d708251ed9e587b5846766 StaticDependenciesID=6709304fe14fc1f7d5865329afad72e8 
Number of updated asset objects reloaded before import = 0
Number of asset objects unloaded after import = 0
========================================================================
Received Import Request.
  Time of request: 2026-10-06T13:04:42.6819213Z
  Time since last request: 0.0007534 seconds.
  importAddress: GUID: ca51b19024094d1b87f3e07edb0a75fb - Path: Packages/com.unity.ugui/Editor Resources/Textures/btn_AlignBottom.psd - Importer: ScriptedImporter/UnityEditor.QuickSearchModule:UnityEditor.Search:ASIAI0B
Importing 'GUID: ca51b19024094d1b87f3e07edb0a75fb - Path: Packages/com.unity.ugui/Editor Resources/Textures/btn_AlignBottom.psd - Importer: ScriptedImporter/UnityEditor.QuickSearchModule:UnityEditor.Search:ASIAI0B' with importer (ScriptedImporter : UnityEditor.QuickSearchModule:UnityEditor.Search:ASIAI0B)
Imported 'GUID: ca51b19024094d1b87f3e07edb0a75fb' -> (Import Result ID: '9a987d5cc66f4cb1f8d5ecbad4364652') in 0.014 seconds [static and dynamic dependencies]. Details - ImportResultOutputID=5863e15a471e0be64201b0292ae45337 DependenciesID=6765511c0b8b5c2d9f58383e38b3a79d StaticDependenciesID=fc507ee32c1a2536dcf6594edfc34b0c 
Number of updated asset objects reloaded before import = 0
Number of asset objects unloaded after import = 1
========================================================================
Received Import Request.
  Time of request: 2026-10-06T13:04:42.6973816Z
  Time since last request: 0.0007231 seconds.
  importAddress: GUID: 0386b6eb838c47138cd51d1c1b879a35 - Path: Packages/com.unity.ugui/Editor/TMP/TMP_SettingsEditor.cs - Importer: ScriptedImporter/UnityEditor.QuickSearchModule:UnityEditor.Search:ASIAI0B
Importing 'GUID: 0386b6eb838c47138cd51d1c1b879a35 - Path: Packages/com.unity.ugui/Editor/TMP/TMP_SettingsEditor.cs - Importer: ScriptedImporter/UnityEditor.QuickSearchModule:UnityEditor.Search:ASIAI0B' with importer (ScriptedImporter : UnityEditor.QuickSearchModule:UnityEditor.Search:ASIAI0B)
Imported 'GUID: 0386b6eb838c47138cd51d1c1b879a35' -> (Import Result ID: 'a2ed18eb8326693b17d115e372a2c2db') in 0.007 seconds [static and dynamic dependencies]. Details - ImportResultOutputID=01008f8b1b8f3e975005ee599b463bfc DependenciesID=7a820e9c74820acc946051404f29ac60 StaticDependenciesID=202a6ba798f4d05ffc798c6116d7b578 
Number of updated asset objects reloaded before import = 0
Number of asset objects unloaded after import = 0
========================================================================
Received Import Request.
  Time of request: 2026-10-06T13:04:42.7053367Z
  Time since last request: 0.0006934 seconds.
  importAddress: GUID: 49679f302ac6408697f6b9314a38985c - Path: Packages/com.unity.ugui/Editor Resources/Textures/btn_AlignCapLine_Light.psd - Importer: ScriptedImporter/UnityEditor.QuickSearchModule:UnityEditor.Search:ASIAI0B
Importing 'GUID: 49679f302ac6408697f6b9314a38985c - Path: Packages/com.unity.ugui/Editor Resources/Textures/btn_AlignCapLine_Light.psd - Importer: ScriptedImporter/UnityEditor.QuickSearchModule:UnityEditor.Search:ASIAI0B' with importer (ScriptedImporter : UnityEditor.QuickSearchModule:UnityEditor.Search:ASIAI0B)
Imported 'GUID: 49679f302ac6408697f6b9314a38985c' -> (Import Result ID: '416b09485955df69bb9aec1810214a88') in 0.013 seconds [static and dynamic dependencies]. Details - ImportResultOutputID=9293e1b8ee744d6ba6125b7a1d039c3a DependenciesID=be2e077b64122023cb635d681d0eddf7 StaticDependenciesID=790e010a9aa26d57876e4cdb115f3159 
Number of updated asset objects reloaded before import = 0
Number of asset objects unloaded after import = 1
========================================================================
Received Import Request.
  Time of request: 2026-10-06T13:04:42.7189259Z
  Time since last request: 0.0006097 seconds.
  importAddress: GUID: 96b44f7d98314b139324a8a87eb66067 - Path: Packages/com.unity.ugui/Editor/TMP/TMP_FontAssetEditor.cs - Importer: ScriptedImporter/UnityEditor.QuickSearchModule:UnityEditor.Search:ASIAI0B
Importing 'GUID: 96b44f7d98314b139324a8a87eb66067 - Path: Packages/com.unity.ugui/Editor/TMP/TMP_FontAssetEditor.cs - Importer: ScriptedImporter/UnityEditor.QuickSearchModule:UnityEditor.Search:ASIAI0B' with importer (ScriptedImporter : UnityEditor.QuickSearchModule:UnityEditor.Search:ASIAI0B)
Imported 'GUID: 96b44f7d98314b139324a8a87eb66067' -> (Import Result ID: 'dd173cc4b6ef6717a6f0193ebffb2341') in 0.007 seconds [static and dynamic dependencies]. Details - ImportResultOutputID=5b5b2ac52d5758cdf1c1d8413c3fd33f DependenciesID=6bead19157c5075005d6e28a64a37639 StaticDependenciesID=82a8c7f3c727b878277aa0685630af1b 
Number of updated asset objects reloaded before import = 0
Number of asset objects unloaded after import = 0
========================================================================
Received Import Request.
  Time of request: 2026-10-06T13:04:42.7271557Z
  Time since last request: 0.0007987 seconds.
  importAddress: GUID: 23a562f2cac6401f9f91251c68a1a794 - Path: Packages/com.unity.ugui/Editor/TMP/TMP_StyleAssetMenu.cs - Importer: ScriptedImporter/UnityEditor.QuickSearchModule:UnityEditor.Search:ASIAI0B
Importing 'GUID: 23a562f2cac6401f9f91251c68a1a794 - Path: Packages/com.unity.ugui/Editor/TMP/TMP_StyleAssetMenu.cs - Importer: ScriptedImporter/UnityEditor.QuickSearchModule:UnityEditor.Search:ASIAI0B' with importer (ScriptedImporter : UnityEditor.QuickSearchModule:UnityEditor.Search:ASIAI0B)
Imported 'GUID: 23a562f2cac6401f9f91251c68a1a794' -> (Import Result ID: 'cb46746aa3719684f6f5e6fa29e282ab') in 0.008 seconds [static and dynamic dependencies]. Details - ImportResultOutputID=92dd9799eccad9de3e12cc73438e6eb9 DependenciesID=5503ead6b20693728207e270c21dab76 StaticDependenciesID=918393ea1a51d30e49987a93e8f8143f 
Number of updated asset objects reloaded before import = 0
Number of asset objects unloaded after import = 0
========================================================================
Received Import Request.
  Time of request: 2026-10-06T13:04:42.7355373Z
  Time since last request: 0.0005705 seconds.
  importAddress: GUID: 9288066c33474b94b6ee5465f4df1cc0 - Path: Packages/com.unity.ugui/Editor Resources/Textures/btn_AlignLeft.psd - Importer: ScriptedImporter/UnityEditor.QuickSearchModule:UnityEditor.Search:ASIAI0B
Importing 'GUID: 9288066c33474b94b6ee5465f4df1cc0 - Path: Packages/com.unity.ugui/Editor Resources/Textures/btn_AlignLeft.psd - Importer: ScriptedImporter/UnityEditor.QuickSearchModule:UnityEditor.Search:ASIAI0B' with importer (ScriptedImporter : UnityEditor.QuickSearchModule:UnityEditor.Search:ASIAI0B)
Imported 'GUID: 9288066c33474b94b6ee5465f4df1cc0' -> (Import Result ID: '1e4375ba4bcae25ab4b4f7efd7d4634f') in 0.015 seconds [static and dynamic dependencies]. Details - ImportResultOutputID=41c7fef57065701943a430b3be31c028 DependenciesID=65c89ae1319d6a63f028580d6b7dcae0 StaticDependenciesID=b7c508b09354ba485d3685b2b2687263 
Number of updated asset objects reloaded before import = 0
Number of asset objects unloaded after import = 1
========================================================================
Received Import Request.
  Time of request: 2026-10-06T13:04:42.7519162Z
  Time since last request: 0.0007382 seconds.
  importAddress: GUID: ee148e281f3c41c5b4ff5f8a5afe5a6c - Path: Packages/com.unity.ugui/Editor Resources/Gizmos/TMP - Font Asset Icon.psd - Importer: ScriptedImporter/UnityEditor.QuickSearchModule:UnityEditor.Search:ASIAI0B
Importing 'GUID: ee148e281f3c41c5b4ff5f8a5afe5a6c - Path: Packages/com.unity.ugui/Editor Resources/Gizmos/TMP - Font Asset Icon.psd - Importer: ScriptedImporter/UnityEditor.QuickSearchModule:UnityEditor.Search:ASIAI0B' with importer (ScriptedImporter : UnityEditor.QuickSearchModule:UnityEditor.Search:ASIAI0B)
Imported 'GUID: ee148e281f3c41c5b4ff5f8a5afe5a6c' -> (Import Result ID: 'dce949bbe3a55c2dbe963eb5d3ff37d2') in 0.013 seconds [static and dynamic dependencies]. Details - ImportResultOutputID=adb2b5889ff6dbc75da25fa362926b1a DependenciesID=897f1e36945a073ec5c6bbe0751a069a StaticDependenciesID=f8e76dd589df07df17f4fc5e84f55f17 
Number of updated asset objects reloaded before import = 0
Number of asset objects unloaded after import = 1
========================================================================
Received Import Request.
  Time of request: 2026-10-06T13:04:42.7659214Z
  Time since last request: 0.0005132 seconds.
  importAddress: GUID: 81ed8c76d2bc4a4c95d092c98af4e58f - Path: Packages/com.unity.ugui/Editor Resources/Textures/btn_AlignCenter.psd - Importer: ScriptedImporter/UnityEditor.QuickSearchModule:UnityEditor.Search:ASIAI0B
Importing 'GUID: 81ed8c76d2bc4a4c95d092c98af4e58f - Path: Packages/com.unity.ugui/Editor Resources/Textures/btn_AlignCenter.psd - Importer: ScriptedImporter/UnityEditor.QuickSearchModule:UnityEditor.Search:ASIAI0B' with importer (ScriptedImporter : UnityEditor.QuickSearchModule:UnityEditor.Search:ASIAI0B)
Imported 'GUID: 81ed8c76d2bc4a4c95d092c98af4e58f' -> (Import Result ID: '47e000bc3f01cfbe6f07aa104d65147f') in 0.013 seconds [static and dynamic dependencies]. Details - ImportResultOutputID=c10d43a7e8fa10b6e9ffb76def476e2f DependenciesID=061a0b63b5d3ce84bcf5d626706d1b90 StaticDependenciesID=38270ee05f68c675582b2be4095e6a3c 
Number of updated asset objects reloaded before import = 0
Number of asset objects unloaded after import = 1
========================================================================
Received Import Request.
  Time of request: 2026-10-06T13:04:42.7797705Z
  Time since last request: 0.0004584 seconds.
  importAddress: GUID: bf8befe3c500aa84b9ce3860a226cf41 - Path: Packages/com.unity.ugui/Editor/TMP/TMP_PreBuildProcessor.cs - Importer: ScriptedImporter/UnityEditor.QuickSearchModule:UnityEditor.Search:ASIAI0B
Importing 'GUID: bf8befe3c500aa84b9ce3860a226cf41 - Path: Packages/com.unity.ugui/Editor/TMP/TMP_PreBuildProcessor.cs - Importer: ScriptedImporter/UnityEditor.QuickSearchModule:UnityEditor.Search:ASIAI0B' with importer (ScriptedImporter : UnityEditor.QuickSearchModule:UnityEditor.Search:ASIAI0B)
Imported 'GUID: bf8befe3c500aa84b9ce3860a226cf41' -> (Import Result ID: '01efd9611343430ed046f66642b56909') in 0.006 seconds [static and dynamic dependencies]. Details - ImportResultOutputID=b656be5a233d1dac77df962b26a7f6ee DependenciesID=0b12a3ef0e30ff60764c57abfc34c022 StaticDependenciesID=f0c417c5998a4210ed6c1915f6ef753c 
Number of updated asset objects reloaded before import = 0
Number of asset objects unloaded after import = 0
========================================================================
Received Import Request.
  Time of request: 2026-10-06T13:04:42.7867161Z
  Time since last request: 0.0005049 seconds.
  importAddress: GUID: e3b0f810fdea84e40ab4ba20f256f7e8 - Path: Packages/com.unity.ugui/Editor Resources/Textures/SectionHeader_Light.psd - Importer: ScriptedImporter/UnityEditor.QuickSearchModule:UnityEditor.Search:ASIAI0B
Importing 'GUID: e3b0f810fdea84e40ab4ba20f256f7e8 - Path: Packages/com.unity.ugui/Editor Resources/Textures/SectionHeader_Light.psd - Importer: ScriptedImporter/UnityEditor.QuickSearchModule:UnityEditor.Search:ASIAI0B' with importer (ScriptedImporter : UnityEditor.QuickSearchModule:UnityEditor.Search:ASIAI0B)
Imported 'GUID: e3b0f810fdea84e40ab4ba20f256f7e8' -> (Import Result ID: 'b99d43b8221783f23c33e2921821f5a1') in 0.012 seconds [static and dynamic dependencies]. Details - ImportResultOutputID=b3a637fc5d6b1560c55f8632ebfd71d0 DependenciesID=988bfa5a1812ac058f594179c9fa37aa StaticDependenciesID=61b9b2f064d6c11c0c6b4d07853bf375 
Number of updated asset objects reloaded before import = 0
Number of asset objects unloaded after import = 1
========================================================================
Received Import Request.
  Time of request: 2026-10-06T13:04:42.7990984Z
  Time since last request: 0.0004766 seconds.
  importAddress: GUID: c76700ea0062413d9f69409b4e9e151b - Path: Packages/com.unity.ugui/Editor Resources/Textures/btn_AlignCenterGeo.psd - Importer: ScriptedImporter/UnityEditor.QuickSearchModule:UnityEditor.Search:ASIAI0B
Importing 'GUID: c76700ea0062413d9f69409b4e9e151b - Path: Packages/com.unity.ugui/Editor Resources/Textures/btn_AlignCenterGeo.psd - Importer: ScriptedImporter/UnityEditor.QuickSearchModule:UnityEditor.Search:ASIAI0B' with importer (ScriptedImporter : UnityEditor.QuickSearchModule:UnityEditor.Search:ASIAI0B)
Imported 'GUID: c76700ea0062413d9f69409b4e9e151b' -> (Import Result ID: '79b46a22ce43a6b329b92a8d63084adc') in 0.012 seconds [static and dynamic dependencies]. Details - ImportResultOutputID=c46fd62b34423d55f6a7928eec403612 DependenciesID=4056236b45154b8502acc5c9fa36f080 StaticDependenciesID=a73467cb4cdfb67d5cbd7a0e39dd9567 
Number of updated asset objects reloaded before import = 0
Number of asset objects unloaded after import = 1
========================================================================
Received Import Request.
  Time of request: 2026-10-06T13:04:42.8120093Z
  Time since last request: 0.0004317 seconds.
  importAddress: GUID: 1048a87135154606808bf2030da32d18 - Path: Packages/com.unity.ugui/Editor/TMP/TMP_SpriteAssetMenu.cs - Importer: ScriptedImporter/UnityEditor.QuickSearchModule:UnityEditor.Search:ASIAI0B
Importing 'GUID: 1048a87135154606808bf2030da32d18 - Path: Packages/com.unity.ugui/Editor/TMP/TMP_SpriteAssetMenu.cs - Importer: ScriptedImporter/UnityEditor.QuickSearchModule:UnityEditor.Search:ASIAI0B' with importer (ScriptedImporter : UnityEditor.QuickSearchModule:UnityEditor.Search:ASIAI0B)
Imported 'GUID: 1048a87135154606808bf2030da32d18' -> (Import Result ID: '10d57c4c8b47f7964119fc6b0f281178') in 0.006 seconds [static and dynamic dependencies]. Details - ImportResultOutputID=15d613f8d6f9c5d6293521295e728b68 DependenciesID=d8c11d02f86d5cd3ec98c090f8726bf8 StaticDependenciesID=6f2a72b45973df15378fbf80c0a01903 
Number of updated asset objects reloaded before import = 0
Number of asset objects unloaded after import = 0
========================================================================
Received Import Request.
  Time of request: 2026-10-06T13:04:42.8195148Z
  Time since last request: 0.0007632 seconds.
  importAddress: GUID: 6fdea2af3daa40fe8f88e5e9cfc17abb - Path: Packages/com.unity.ugui/Editor/TMP/TMP_PostBuildProcessHandler.cs - Importer: ScriptedImporter/UnityEditor.QuickSearchModule:UnityEditor.Search:ASIAI0B
Importing 'GUID: 6fdea2af3daa40fe8f88e5e9cfc17abb - Path: Packages/com.unity.ugui/Editor/TMP/TMP_PostBuildProcessHandler.cs - Importer: ScriptedImporter/UnityEditor.QuickSearchModule:UnityEditor.Search:ASIAI0B' with importer (ScriptedImporter : UnityEditor.QuickSearchModule:UnityEditor.Search:ASIAI0B)
Imported 'GUID: 6fdea2af3daa40fe8f88e5e9cfc17abb' -> (Import Result ID: '555dd88bdfcec2c67e35bbdf71b058bd') in 0.009 seconds [static and dynamic dependencies]. Details - ImportResultOutputID=ffa90fa7b9224bcf855f1646d67944bb DependenciesID=81a8c016023a921fe82fc8cb055c3e73 StaticDependenciesID=5685b8a82710facb3004f9644263a5b7 
Number of updated asset objects reloaded before import = 0
Number of asset objects unloaded after import = 0
========================================================================
Received Import Request.
  Time of request: 2026-10-06T13:04:42.8296075Z
  Time since last request: 0.000576 seconds.
  importAddress: GUID: 68eedd4e5b33b37429c02c4add0036fe - Path: Packages/com.unity.ugui/Editor/TMP/TMP_PackageUtilities.cs - Importer: ScriptedImporter/UnityEditor.QuickSearchModule:UnityEditor.Search:ASIAI0B
Importing 'GUID: 68eedd4e5b33b37429c02c4add0036fe - Path: Packages/com.unity.ugui/Editor/TMP/TMP_PackageUtilities.cs - Importer: ScriptedImporter/UnityEditor.QuickSearchModule:UnityEditor.Search:ASIAI0B' with importer (ScriptedImporter : UnityEditor.QuickSearchModule:UnityEditor.Search:ASIAI0B)
Imported 'GUID: 68eedd4e5b33b37429c02c4add0036fe' -> (Import Result ID: '1e803cb36580e1d4f3f34698be88e095') in 0.007 seconds [static and dynamic dependencies]. Details - ImportResultOutputID=00939f7c3b0cd80f7290ee07293cdf5f DependenciesID=0a79e2951d0795052373ae324b78fa4c StaticDependenciesID=213ad8cfd52f615604d6b985b53989d4 
Number of updated asset objects reloaded before import = 0
Number of asset objects unloaded after import = 0
========================================================================
Received Import Request.
  Time of request: 2026-10-06T13:04:42.8376324Z
  Time since last request: 0.000743 seconds.
  importAddress: GUID: 21c0044a7f964773be90d197a78e4703 - Path: Packages/com.unity.ugui/Editor/TMP/TMP_EditorPanelUI.cs - Importer: ScriptedImporter/UnityEditor.QuickSearchModule:UnityEditor.Search:ASIAI0B
Importing 'GUID: 21c0044a7f964773be90d197a78e4703 - Path: Packages/com.unity.ugui/Editor/TMP/TMP_EditorPanelUI.cs - Importer: ScriptedImporter/UnityEditor.QuickSearchModule:UnityEditor.Search:ASIAI0B' with importer (ScriptedImporter : UnityEditor.QuickSearchModule:UnityEditor.Search:ASIAI0B)
Imported 'GUID: 21c0044a7f964773be90d197a78e4703' -> (Import Result ID: 'f1a6cb50bda0325ce8b2882992f22b4e') in 0.007 seconds [static and dynamic dependencies]. Details - ImportResultOutputID=edc1b47c73f8d17f735f561bdddd2945 DependenciesID=6d2b10d5f6a76ac1cefc16d3cd1ff6ee StaticDependenciesID=722abcc348ffe028aacf6857182bd476 
Number of updated asset objects reloaded before import = 0
Number of asset objects unloaded after import = 0
========================================================================
Received Import Request.
  Time of request: 2026-10-06T13:04:42.8450801Z
  Time since last request: 0.0005798 seconds.
  importAddress: GUID: 9c4a050f089abb04ebd4125e419f4548 - Path: Packages/com.unity.ugui/Editor/TMP/TMP_SerializedPropertyHolder.cs - Importer: ScriptedImporter/UnityEditor.QuickSearchModule:UnityEditor.Search:ASIAI0B
Importing 'GUID: 9c4a050f089abb04ebd4125e419f4548 - Path: Packages/com.unity.ugui/Editor/TMP/TMP_SerializedPropertyHolder.cs - Importer: ScriptedImporter/UnityEditor.QuickSearchModule:UnityEditor.Search:ASIAI0B' with importer (ScriptedImporter : UnityEditor.QuickSearchModule:UnityEditor.Search:ASIAI0B)
Imported 'GUID: 9c4a050f089abb04ebd4125e419f4548' -> (Import Result ID: '0fb0af5c2a264e1351d8a963cfbbeba5') in 0.007 seconds [static and dynamic dependencies]. Details - ImportResultOutputID=af31b87344e8a063bda925c1b7e436be DependenciesID=45acfbb61ceaa3e36d9b9dc606674d6d StaticDependenciesID=11e1c8ba8fb422ed27bfdd9609909c10 
Number of updated asset objects reloaded before import = 0
Number of asset objects unloaded after import = 0
========================================================================
Received Import Request.
  Time of request: 2026-10-06T13:04:42.8531Z
  Time since last request: 0.0006664 seconds.
  importAddress: GUID: 6b259c4003a802847b9ada90744e34c5 - Path: Packages/com.unity.ugui/Editor/TMP/TMP_EditorResourceManager.cs - Importer: ScriptedImporter/UnityEditor.QuickSearchModule:UnityEditor.Search:ASIAI0B
Importing 'GUID: 6b259c4003a802847b9ada90744e34c5 - Path: Packages/com.unity.ugui/Editor/TMP/TMP_EditorResourceManager.cs - Importer: ScriptedImporter/UnityEditor.QuickSearchModule:UnityEditor.Search:ASIAI0B' with importer (ScriptedImporter : UnityEditor.QuickSearchModule:UnityEditor.Search:ASIAI0B)
Imported 'GUID: 6b259c4003a802847b9ada90744e34c5' -> (Import Result ID: '45f6784c110d9d39e6a41a45c284802c') in 0.007 seconds [static and dynamic dependencies]. Details - ImportResultOutputID=9a56d758c1fdee84989093ff2b469dbd DependenciesID=d5bdc2d544778cf412c164133222bc5b StaticDependenciesID=4e0a2126a26e91af2eb6725df6fb9664 
Number of updated asset objects reloaded before import = 0
Number of asset objects unloaded after import = 0
========================================================================
Received Import Request.
  Time of request: 2026-10-06T13:04:42.8608265Z
  Time since last request: 0.0005555 seconds.
  importAddress: GUID: 48d034c499ee4697af9dd6e327110249 - Path: Packages/com.unity.ugui/Editor Resources/Textures/btn_AlignTop.psd - Importer: ScriptedImporter/UnityEditor.QuickSearchModule:UnityEditor.Search:ASIAI0B
Importing 'GUID: 48d034c499ee4697af9dd6e327110249 - Path: Packages/com.unity.ugui/Editor Resources/Textures/btn_AlignTop.psd - Importer: ScriptedImporter/UnityEditor.QuickSearchModule:UnityEditor.Search:ASIAI0B' with importer (ScriptedImporter : UnityEditor.QuickSearchModule:UnityEditor.Search:ASIAI0B)
Imported 'GUID: 48d034c499ee4697af9dd6e327110249' -> (Import Result ID: '3f69a55f2e4d10b810fdcbdd244eba2a') in 0.013 seconds [static and dynamic dependencies]. Details - ImportResultOutputID=947752a97e4daabba60af8e4da22e411 DependenciesID=9699cdff7cba0da1a1f2e384099a8157 StaticDependenciesID=2dfa10322fb4d7dc9ccdcf1107291cfc 
Number of updated asset objects reloaded before import = 0
Number of asset objects unloaded after import = 1
========================================================================
Received Import Request.
  Time of request: 2026-10-06T13:04:42.8743015Z
  Time since last request: 0.0005297 seconds.
  importAddress: GUID: 6546d7765b4165b40850b3667f981c26 - Path: Packages/com.unity.ugui/Editor/TMP/Unity.TextMeshPro.Editor.asmdef - Importer: ScriptedImporter/UnityEditor.QuickSearchModule:UnityEditor.Search:ASIAI0B
Importing 'GUID: 6546d7765b4165b40850b3667f981c26 - Path: Packages/com.unity.ugui/Editor/TMP/Unity.TextMeshPro.Editor.asmdef - Importer: ScriptedImporter/UnityEditor.QuickSearchModule:UnityEditor.Search:ASIAI0B' with importer (ScriptedImporter : UnityEditor.QuickSearchModule:UnityEditor.Search:ASIAI0B)
Imported 'GUID: 6546d7765b4165b40850b3667f981c26' -> (Import Result ID: 'e41adf1426c1afe47adc497b374db56d') in 0.010 seconds [static and dynamic dependencies]. Details - ImportResultOutputID=d3318c061cc1103c332ec3f8c52cc895 DependenciesID=e733f40e8b23499ebd3a062d4f937925 StaticDependenciesID=61eba784e96d1024745ecccaf0af286e 
Number of updated asset objects reloaded before import = 0
Number of asset objects unloaded after import = 1
========================================================================
Received Import Request.
  Time of request: 2026-10-06T13:04:42.8851876Z
  Time since last request: 0.0005924 seconds.
  importAddress: GUID: 691475c57a824010be0c6f474caeb7e1 - Path: Packages/com.unity.ugui/Editor Resources/Textures/btn_AlignFlush.psd - Importer: ScriptedImporter/UnityEditor.QuickSearchModule:UnityEditor.Search:ASIAI0B
Importing 'GUID: 691475c57a824010be0c6f474caeb7e1 - Path: Packages/com.unity.ugui/Editor Resources/Textures/btn_AlignFlush.psd - Importer: ScriptedImporter/UnityEditor.QuickSearchModule:UnityEditor.Search:ASIAI0B' with importer (ScriptedImporter : UnityEditor.QuickSearchModule:UnityEditor.Search:ASIAI0B)
Imported 'GUID: 691475c57a824010be0c6f474caeb7e1' -> (Import Result ID: 'd7f9750d40e0d10d71f252e4618ac76d') in 0.014 seconds [static and dynamic dependencies]. Details - ImportResultOutputID=17beb9a1839865e806c2b137d90af984 DependenciesID=e5ddfbb6840feb5fc90b8c1de3734f9e StaticDependenciesID=431258e04cf30c0b0b3e23225faaf3f8 
Number of updated asset objects reloaded before import = 0
Number of asset objects unloaded after import = 1
========================================================================
Received Import Request.
  Time of request: 2026-10-06T13:04:42.8999435Z
  Time since last request: 0.0007187 seconds.
  importAddress: GUID: aa160f27c3fe4052a5850e21108811b6 - Path: Packages/com.unity.ugui/Editor/TMP/TMP_InputFieldEditor.cs - Importer: ScriptedImporter/UnityEditor.QuickSearchModule:UnityEditor.Search:ASIAI0B
Importing 'GUID: aa160f27c3fe4052a5850e21108811b6 - Path: Packages/com.unity.ugui/Editor/TMP/TMP_InputFieldEditor.cs - Importer: ScriptedImporter/UnityEditor.QuickSearchModule:UnityEditor.Search:ASIAI0B' with importer (ScriptedImporter : UnityEditor.QuickSearchModule:UnityEditor.Search:ASIAI0B)
Imported 'GUID: aa160f27c3fe4052a5850e21108811b6' -> (Import Result ID: 'b2a140610a720b43d91002b1b10d6ad1') in 0.007 seconds [static and dynamic dependencies]. Details - ImportResultOutputID=90086f76bf4c04b227c90104f75e2604 DependenciesID=47530bc8e4820b549220dbe92fb001cc StaticDependenciesID=6974ba775cb3879fed0945c302602c4e 
Number of updated asset objects reloaded before import = 0
Number of asset objects unloaded after import = 0
========================================================================
Received Import Request.
  Time of request: 2026-10-06T13:04:42.9076741Z
  Time since last request: 0.0004999 seconds.
  importAddress: GUID: 987fa2c7d1a0e2242839cb8af2fcecc9 - Path: Packages/com.unity.ugui/Runtime/InternalBridge/TMPHelpURL.cs - Importer: ScriptedImporter/UnityEditor.QuickSearchModule:UnityEditor.Search:ASIAI0B
Importing 'GUID: 987fa2c7d1a0e2242839cb8af2fcecc9 - Path: Packages/com.unity.ugui/Runtime/InternalBridge/TMPHelpURL.cs - Importer: ScriptedImporter/UnityEditor.QuickSearchModule:UnityEditor.Search:ASIAI0B' with importer (ScriptedImporter : UnityEditor.QuickSearchModule:UnityEditor.Search:ASIAI0B)
Imported 'GUID: 987fa2c7d1a0e2242839cb8af2fcecc9' -> (Import Result ID: 'e07af9b021253cb5a070e10075ddcfdb') in 0.007 seconds [static and dynamic dependencies]. Details - ImportResultOutputID=f62bdd5e78a3c3b24f052965ec0a9aff DependenciesID=c8bbc05838a5e1bbad6c73affde8e607 StaticDependenciesID=4cc039d0a40bef02e1cac29558ea460a 
Number of updated asset objects reloaded before import = 0
Number of asset objects unloaded after import = 0
========================================================================
Received Import Request.
  Time of request: 2026-10-06T13:04:42.9159706Z
  Time since last request: 0.0008442 seconds.
  importAddress: GUID: 6ace62d30f494c948b71d5594afce11d - Path: Packages/com.unity.ugui/Editor Resources/Textures/btn_AlignCenter_Light.psd - Importer: ScriptedImporter/UnityEditor.QuickSearchModule:UnityEditor.Search:ASIAI0B
Importing 'GUID: 6ace62d30f494c948b71d5594afce11d - Path: Packages/com.unity.ugui/Editor Resources/Textures/btn_AlignCenter_Light.psd - Importer: ScriptedImporter/UnityEditor.QuickSearchModule:UnityEditor.Search:ASIAI0B' with importer (ScriptedImporter : UnityEditor.QuickSearchModule:UnityEditor.Search:ASIAI0B)
Imported 'GUID: 6ace62d30f494c948b71d5594afce11d' -> (Import Result ID: '178ec555273835d26949d3d35b1055ed') in 0.013 seconds [static and dynamic dependencies]. Details - ImportResultOutputID=a3ae3124dd4c5b6dc797556b30c627a6 DependenciesID=fcfe2f0edf4da7d00a5778074fc3bfc5 StaticDependenciesID=074ab894b5fcdfc21053628245fccdd2 
Number of updated asset objects reloaded before import = 0
Number of asset objects unloaded after import = 1
========================================================================
Received Import Request.
  Time of request: 2026-10-06T13:04:42.9306091Z
  Time since last request: 0.000913 seconds.
  importAddress: GUID: 8413ca0e506d42a1a4bd9769f204ad16 - Path: Packages/com.unity.ugui/Editor/TMP/TMP_SDFShaderGUI.cs - Importer: ScriptedImporter/UnityEditor.QuickSearchModule:UnityEditor.Search:ASIAI0B
Importing 'GUID: 8413ca0e506d42a1a4bd9769f204ad16 - Path: Packages/com.unity.ugui/Editor/TMP/TMP_SDFShaderGUI.cs - Importer: ScriptedImporter/UnityEditor.QuickSearchModule:UnityEditor.Search:ASIAI0B' with importer (ScriptedImporter : UnityEditor.QuickSearchModule:UnityEditor.Search:ASIAI0B)
Imported 'GUID: 8413ca0e506d42a1a4bd9769f204ad16' -> (Import Result ID: '395e80bb543aee48e3465e742ce4f709') in 0.008 seconds [static and dynamic dependencies]. Details - ImportResultOutputID=9134150509b1e18124c6406649f88e57 DependenciesID=b496f3d03bb995c95f01e8d4082b91dd StaticDependenciesID=0f740b29d8d318c085c266d9b587ec7d 
Number of updated asset objects reloaded before import = 0
Number of asset objects unloaded after import = 0
========================================================================
Received Import Request.
  Time of request: 2026-10-06T13:04:42.9391035Z
  Time since last request: 0.0005738 seconds.
  importAddress: GUID: 27a0335dab59ec542aadd6636a5b4ebd - Path: Packages/com.unity.ugui/Editor/TMP/TMP_EditorCoroutine.cs - Importer: ScriptedImporter/UnityEditor.QuickSearchModule:UnityEditor.Search:ASIAI0B
Importing 'GUID: 27a0335dab59ec542aadd6636a5b4ebd - Path: Packages/com.unity.ugui/Editor/TMP/TMP_EditorCoroutine.cs - Importer: ScriptedImporter/UnityEditor.QuickSearchModule:UnityEditor.Search:ASIAI0B' with importer (ScriptedImporter : UnityEditor.QuickSearchModule:UnityEditor.Search:ASIAI0B)
Imported 'GUID: 27a0335dab59ec542aadd6636a5b4ebd' -> (Import Result ID: '9f5900ec4005f8d2143ba147523c3b96') in 0.009 seconds [static and dynamic dependencies]. Details - ImportResultOutputID=a668669231ac4c467b20bb523a361627 DependenciesID=4f3f2505818a11cfa8dea9c68d0fef00 StaticDependenciesID=f74c8058f2f1c021eee2420ee3a8d2d3 
Number of updated asset objects reloaded before import = 0
Number of asset objects unloaded after import = 0
========================================================================
Received Import Request.
  Time of request: 2026-10-06T13:04:42.9603583Z
  Time since last request: 0.0124654 seconds.
  importAddress: GUID: 658c1fb149e7498aa072b0c0f3bf13f0 - Path: Packages/com.unity.ugui/Runtime/TMP/TMP_CoroutineTween.cs - Importer: ScriptedImporter/UnityEditor.QuickSearchModule:UnityEditor.Search:ASIAI0B
Importing 'GUID: 658c1fb149e7498aa072b0c0f3bf13f0 - Path: Packages/com.unity.ugui/Runtime/TMP/TMP_CoroutineTween.cs - Importer: ScriptedImporter/UnityEditor.QuickSearchModule:UnityEditor.Search:ASIAI0B' with importer (ScriptedImporter : UnityEditor.QuickSearchModule:UnityEditor.Search:ASIAI0B)
Imported 'GUID: 658c1fb149e7498aa072b0c0f3bf13f0' -> (Import Result ID: '20b01c897f50371b3d938457b1be9255') in 0.010 seconds [static and dynamic dependencies]. Details - ImportResultOutputID=b88d59079569030cb1a27ca772b961a6 DependenciesID=52e20edd472d81f2a13910565c549506 StaticDependenciesID=f8296bc28ee2afd019ee896d089854d5 
Number of updated asset objects reloaded before import = 0
Number of asset objects unloaded after import = 0
========================================================================
Received Import Request.
  Time of request: 2026-10-06T13:04:42.9714302Z
  Time since last request: 0.0008485 seconds.
  importAddress: GUID: 9541d86e2fd84c1d9990edf0852d74ab - Path: Packages/com.unity.ugui/Runtime/TMP/TextMeshPro.cs - Importer: ScriptedImporter/UnityEditor.QuickSearchModule:UnityEditor.Search:ASIAI0B
Importing 'GUID: 9541d86e2fd84c1d9990edf0852d74ab - Path: Packages/com.unity.ugui/Runtime/TMP/TextMeshPro.cs - Importer: ScriptedImporter/UnityEditor.QuickSearchModule:UnityEditor.Search:ASIAI0B' with importer (ScriptedImporter : UnityEditor.QuickSearchModule:UnityEditor.Search:ASIAI0B)
Imported 'GUID: 9541d86e2fd84c1d9990edf0852d74ab' -> (Import Result ID: '5ed1b95b79d57901d7c7fb42de5396cc') in 0.009 seconds [static and dynamic dependencies]. Details - ImportResultOutputID=014765d46f3e32eecfd884abb1db7449 DependenciesID=10899186e654cbc9a69cf043c09fdca1 StaticDependenciesID=186a6f6113fa0b7ddc804f2b23a8b50e 
Number of updated asset objects reloaded before import = 0
Number of asset objects unloaded after import = 1
========================================================================
Received Import Request.
  Time of request: 2026-10-06T13:04:42.9819948Z
  Time since last request: 0.0007825 seconds.
  importAddress: GUID: effb76e1937b45ff8adf45e51a4c08cf - Path: Packages/com.unity.ugui/Runtime/TMP/TMPro_MeshUtilities.cs - Importer: ScriptedImporter/UnityEditor.QuickSearchModule:UnityEditor.Search:ASIAI0B
Importing 'GUID: effb76e1937b45ff8adf45e51a4c08cf - Path: Packages/com.unity.ugui/Runtime/TMP/TMPro_MeshUtilities.cs - Importer: ScriptedImporter/UnityEditor.QuickSearchModule:UnityEditor.Search:ASIAI0B' with importer (ScriptedImporter : UnityEditor.QuickSearchModule:UnityEditor.Search:ASIAI0B)
Imported 'GUID: effb76e1937b45ff8adf45e51a4c08cf' -> (Import Result ID: '8df1ac7aefed673a6a5217a564e76988') in 0.008 seconds [static and dynamic dependencies]. Details - ImportResultOutputID=0bc13fba34384f57fa0640aed99e21d9 DependenciesID=4375d247e2f1df72d50cc9b41b290c41 StaticDependenciesID=c2508658ad9c8a650f4023cf215a74d7 
Number of updated asset objects reloaded before import = 0
Number of asset objects unloaded after import = 0
========================================================================
Received Import Request.
  Time of request: 2026-10-06T13:04:42.9907923Z
  Time since last request: 0.0005718 seconds.
  importAddress: GUID: 3bda1886f58f4e0ab1139400b160c3ee - Path: Packages/com.unity.ugui/Runtime/TMP/TMP_Asset.cs - Importer: ScriptedImporter/UnityEditor.QuickSearchModule:UnityEditor.Search:ASIAI0B
Importing 'GUID: 3bda1886f58f4e0ab1139400b160c3ee - Path: Packages/com.unity.ugui/Runtime/TMP/TMP_Asset.cs - Importer: ScriptedImporter/UnityEditor.QuickSearchModule:UnityEditor.Search:ASIAI0B' with importer (ScriptedImporter : UnityEditor.QuickSearchModule:UnityEditor.Search:ASIAI0B)
Imported 'GUID: 3bda1886f58f4e0ab1139400b160c3ee' -> (Import Result ID: '564acc8a2eefd3c52763d5eb45b58150') in 0.006 seconds [static and dynamic dependencies]. Details - ImportResultOutputID=699266454990140af83468eef5b6459b DependenciesID=0c56815cce2da0df3d3c0cc5fb14e9a8 StaticDependenciesID=37550e59ef2f7a650ab49ea71bc75af9 
Number of updated asset objects reloaded before import = 0
Number of asset objects unloaded after import = 0
========================================================================
Received Import Request.
  Time of request: 2026-10-06T13:04:42.9977363Z
  Time since last request: 0.0004226 seconds.
  importAddress: GUID: 32d40088a6124c578ad6b428df586e2e - Path: Packages/com.unity.ugui/Runtime/TMP/TextContainer.cs - Importer: ScriptedImporter/UnityEditor.QuickSearchModule:UnityEditor.Search:ASIAI0B
Importing 'GUID: 32d40088a6124c578ad6b428df586e2e - Path: Packages/com.unity.ugui/Runtime/TMP/TextContainer.cs - Importer: ScriptedImporter/UnityEditor.QuickSearchModule:UnityEditor.Search:ASIAI0B' with importer (ScriptedImporter : UnityEditor.QuickSearchModule:UnityEditor.Search:ASIAI0B)
Imported 'GUID: 32d40088a6124c578ad6b428df586e2e' -> (Import Result ID: 'c42c9615adbecf5c69ed9a30a62f4c7f') in 0.007 seconds [static and dynamic dependencies]. Details - ImportResultOutputID=cd234b20fdced9a543c1620e1e66d1c0 DependenciesID=d8d6d56b3abc900f0a5044ac127c10a6 StaticDependenciesID=24c354903a1caa3ea947805639a440fe 
Number of updated asset objects reloaded before import = 0
Number of asset objects unloaded after import = 0
========================================================================
Received Import Request.
  Time of request: 2026-10-06T13:04:43.0052174Z
  Time since last request: 0.0003831 seconds.
  importAddress: GUID: 6d9df2bc198c417db00037803568139c - Path: Packages/com.unity.ugui/Runtime/TMP/TMP_MaterialManager.cs - Importer: ScriptedImporter/UnityEditor.QuickSearchModule:UnityEditor.Search:ASIAI0B
Importing 'GUID: 6d9df2bc198c417db00037803568139c - Path: Packages/com.unity.ugui/Runtime/TMP/TMP_MaterialManager.cs - Importer: ScriptedImporter/UnityEditor.QuickSearchModule:UnityEditor.Search:ASIAI0B' with importer (ScriptedImporter : UnityEditor.QuickSearchModule:UnityEditor.Search:ASIAI0B)
Imported 'GUID: 6d9df2bc198c417db00037803568139c' -> (Import Result ID: '6666a6d7631b509cf14615065de31284') in 0.007 seconds [static and dynamic dependencies]. Details - ImportResultOutputID=716a1d9b94f810881964d89993b70f1d DependenciesID=6bfeb78738b6056605e1e796b45b5f60 StaticDependenciesID=091f85a6cad63e066fd7e3cb0bfa0b40 
Number of updated asset objects reloaded before import = 0
Number of asset objects unloaded after import = 0
========================================================================
Received Import Request.
  Time of request: 2026-10-06T13:04:43.0131351Z
  Time since last request: 0.0005398 seconds.
  importAddress: GUID: 691db8cb70c4426a8ae718465c21345f - Path: Packages/com.unity.ugui/Runtime/TMP/TMP_UpdateManager.cs - Importer: ScriptedImporter/UnityEditor.QuickSearchModule:UnityEditor.Search:ASIAI0B
Importing 'GUID: 691db8cb70c4426a8ae718465c21345f - Path: Packages/com.unity.ugui/Runtime/TMP/TMP_UpdateManager.cs - Importer: ScriptedImporter/UnityEditor.QuickSearchModule:UnityEditor.Search:ASIAI0B' with importer (ScriptedImporter : UnityEditor.QuickSearchModule:UnityEditor.Search:ASIAI0B)
Imported 'GUID: 691db8cb70c4426a8ae718465c21345f' -> (Import Result ID: 'f3b4763c7b8a0ec9a85d80710b2d3d3f') in 0.007 seconds [static and dynamic dependencies]. Details - ImportResultOutputID=8e65a74ad8fd59d6a32298d63d4d9f88 DependenciesID=ab14514d0f994ab5f468776e4097b004 StaticDependenciesID=9982128dee81f3ea3d0bf337e4e825e7 
Number of updated asset objects reloaded before import = 0
Number of asset objects unloaded after import = 0
========================================================================
Received Import Request.
  Time of request: 2026-10-06T13:04:43.0216248Z
  Time since last request: 0.0007631 seconds.
  importAddress: GUID: e21bec35f48a44298911b25ead550ce3 - Path: Packages/com.unity.ugui/Runtime/TMP/TMP_MeshInfo.cs - Importer: ScriptedImporter/UnityEditor.QuickSearchModule:UnityEditor.Search:ASIAI0B
Importing 'GUID: e21bec35f48a44298911b25ead550ce3 - Path: Packages/com.unity.ugui/Runtime/TMP/TMP_MeshInfo.cs - Importer: ScriptedImporter/UnityEditor.QuickSearchModule:UnityEditor.Search:ASIAI0B' with importer (ScriptedImporter : UnityEditor.QuickSearchModule:UnityEditor.Search:ASIAI0B)
Imported 'GUID: e21bec35f48a44298911b25ead550ce3' -> (Import Result ID: '529221541a732ded5cfd37aded59bdb9') in 0.007 seconds [static and dynamic dependencies]. Details - ImportResultOutputID=ed8128a58112181e8ade3f6b1dd45741 DependenciesID=9f6853599d9a218ae32ef8d638176bfa StaticDependenciesID=0f23ab74f1c998330b360839089a0acf 
Number of updated asset objects reloaded before import = 0
Number of asset objects unloaded after import = 0
========================================================================
Received Import Request.
  Time of request: 2026-10-06T13:04:43.0293405Z
  Time since last request: 0.0005801 seconds.
  importAddress: GUID: 968a09f153574430a6e15ae975145768 - Path: Packages/com.unity.ugui/Runtime/TMP/TMP_Sprite.cs - Importer: ScriptedImporter/UnityEditor.QuickSearchModule:UnityEditor.Search:ASIAI0B
Importing 'GUID: 968a09f153574430a6e15ae975145768 - Path: Packages/com.unity.ugui/Runtime/TMP/TMP_Sprite.cs - Importer: ScriptedImporter/UnityEditor.QuickSearchModule:UnityEditor.Search:ASIAI0B' with importer (ScriptedImporter : UnityEditor.QuickSearchModule:UnityEditor.Search:ASIAI0B)
Imported 'GUID: 968a09f153574430a6e15ae975145768' -> (Import Result ID: '5fa6cb7f5d311c6ef649f8a4faf9de7a') in 0.007 seconds [static and dynamic dependencies]. Details - ImportResultOutputID=61945d96a002cefde6da63d92263475c DependenciesID=03ff6acd23640a2c83bcbc47710ea027 StaticDependenciesID=23567aa8364b680186ef0cc7de5f11e2 
Number of updated asset objects reloaded before import = 0
Number of asset objects unloaded after import = 0
========================================================================
Received Import Request.
  Time of request: 2026-10-06T13:04:43.0372775Z
  Time since last request: 0.0007302 seconds.
  importAddress: GUID: 90fe1c65e6bb3bc4e90862df7297719e - Path: Packages/com.unity.ugui/Runtime/TMP/TMP_CharacterInfo.cs - Importer: ScriptedImporter/UnityEditor.QuickSearchModule:UnityEditor.Search:ASIAI0B
Importing 'GUID: 90fe1c65e6bb3bc4e90862df7297719e - Path: Packages/com.unity.ugui/Runtime/TMP/TMP_CharacterInfo.cs - Importer: ScriptedImporter/UnityEditor.QuickSearchModule:UnityEditor.Search:ASIAI0B' with importer (ScriptedImporter : UnityEditor.QuickSearchModule:UnityEditor.Search:ASIAI0B)
Imported 'GUID: 90fe1c65e6bb3bc4e90862df7297719e' -> (Import Result ID: '2504b1fd92bde82cca2d4d59386cdc81') in 0.007 seconds [static and dynamic dependencies]. Details - ImportResultOutputID=60bd078065a59c5d459e25e08b04e71c DependenciesID=38a67499317e239ca838eba2287def83 StaticDependenciesID=38da3b65a35e5ac56143419bd0f67bd7 
Number of updated asset objects reloaded before import = 0
Number of asset objects unloaded after import = 0
========================================================================
Received Import Request.
  Time of request: 2026-10-06T13:04:43.0449334Z
  Time since last request: 0.0006199 seconds.
  importAddress: GUID: cf1fe50a641faac4691bf49eb32ce333 - Path: Packages/com.unity.ugui/Runtime/TMP/TMP_PackageResourceImporter.cs - Importer: ScriptedImporter/UnityEditor.QuickSearchModule:UnityEditor.Search:ASIAI0B
Importing 'GUID: cf1fe50a641faac4691bf49eb32ce333 - Path: Packages/com.unity.ugui/Runtime/TMP/TMP_PackageResourceImporter.cs - Importer: ScriptedImporter/UnityEditor.QuickSearchModule:UnityEditor.Search:ASIAI0B' with importer (ScriptedImporter : UnityEditor.QuickSearchModule:UnityEditor.Search:ASIAI0B)
Imported 'GUID: cf1fe50a641faac4691bf49eb32ce333' -> (Import Result ID: 'c3ff18e06122edd6d0eb6f3c530095f7') in 0.006 seconds [static and dynamic dependencies]. Details - ImportResultOutputID=04f65a0d44f059129778412aedeb4274 DependenciesID=e0df181c08c26129bb67813333179120 StaticDependenciesID=fa8785d156cc6b621c20737bc7d3e5ec 
Number of updated asset objects reloaded before import = 0
Number of asset objects unloaded after import = 0
========================================================================
Received Import Request.
  Time of request: 2026-10-06T13:04:43.0514977Z
  Time since last request: 0.000535 seconds.
  importAddress: GUID: 4ac5b6a65aaeb59478e3b78660e9f134 - Path: Packages/com.unity.ugui/Runtime/TMP/TMP_Character.cs - Importer: ScriptedImporter/UnityEditor.QuickSearchModule:UnityEditor.Search:ASIAI0B
Importing 'GUID: 4ac5b6a65aaeb59478e3b78660e9f134 - Path: Packages/com.unity.ugui/Runtime/TMP/TMP_Character.cs - Importer: ScriptedImporter/UnityEditor.QuickSearchModule:UnityEditor.Search:ASIAI0B' with importer (ScriptedImporter : UnityEditor.QuickSearchModule:UnityEditor.Search:ASIAI0B)
Imported 'GUID: 4ac5b6a65aaeb59478e3b78660e9f134' -> (Import Result ID: '35993af73058d875a59ced9030ebddbe') in 0.007 seconds [static and dynamic dependencies]. Details - ImportResultOutputID=3c0f9b2ff3c31e0eb4c23c995899d999 DependenciesID=3b60f352b35e00762f5b88d3404da907 StaticDependenciesID=68920922e15b5306641b56559841a58f 
Number of updated asset objects reloaded before import = 0
Number of asset objects unloaded after import = 0
========================================================================
Received Import Request.
  Time of request: 2026-10-06T13:04:43.0592113Z
  Time since last request: 0.0004969 seconds.
  importAddress: GUID: ab2114bdc8544297b417dfefe9f1e410 - Path: Packages/com.unity.ugui/Runtime/TMP/TMP_StyleSheet.cs - Importer: ScriptedImporter/UnityEditor.QuickSearchModule:UnityEditor.Search:ASIAI0B
Importing 'GUID: ab2114bdc8544297b417dfefe9f1e410 - Path: Packages/com.unity.ugui/Runtime/TMP/TMP_StyleSheet.cs - Importer: ScriptedImporter/UnityEditor.QuickSearchModule:UnityEditor.Search:ASIAI0B' with importer (ScriptedImporter : UnityEditor.QuickSearchModule:UnityEditor.Search:ASIAI0B)
Imported 'GUID: ab2114bdc8544297b417dfefe9f1e410' -> (Import Result ID: '5717fdf50c49788625e17fb195692171') in 0.007 seconds [static and dynamic dependencies]. Details - ImportResultOutputID=af6534e6327b951cd8194dcf34fef1c6 DependenciesID=e3546a2baf11f1dd917158fdc019a08f StaticDependenciesID=ba6adafe32a1e70f827ca0d0792466e1 
Number of updated asset objects reloaded before import = 0
Number of asset objects unloaded after import = 0
========================================================================
Received Import Request.
  Time of request: 2026-10-06T13:04:43.0671695Z
  Time since last request: 0.0005213 seconds.
  importAddress: GUID: 77476292f9fa4905a787e6417853846b - Path: Packages/com.unity.ugui/Runtime/TMP/TMPro_ExtensionMethods.cs - Importer: ScriptedImporter/UnityEditor.QuickSearchModule:UnityEditor.Search:ASIAI0B
Importing 'GUID: 77476292f9fa4905a787e6417853846b - Path: Packages/com.unity.ugui/Runtime/TMP/TMPro_ExtensionMethods.cs - Importer: ScriptedImporter/UnityEditor.QuickSearchModule:UnityEditor.Search:ASIAI0B' with importer (ScriptedImporter : UnityEditor.QuickSearchModule:UnityEditor.Search:ASIAI0B)
Imported 'GUID: 77476292f9fa4905a787e6417853846b' -> (Import Result ID: 'd51389eb7705174777c22dbaa3f6559e') in 0.007 seconds [static and dynamic dependencies]. Details - ImportResultOutputID=b19fa80b005c2a8876d9df56109453fc DependenciesID=71f1506668b782d3b129ce63156ba560 StaticDependenciesID=4c8dd2c470eb2f1f6904544762aa78c5 
Number of updated asset objects reloaded before import = 0
Number of asset objects unloaded after import = 0
========================================================================
Received Import Request.
  Time of request: 2026-10-06T13:04:43.0751048Z
  Time since last request: 0.0006398 seconds.
  importAddress: GUID: 2da0c512f12947e489f739169773d7ca - Path: Packages/com.unity.ugui/Runtime/TMP/TMP_InputField.cs - Importer: ScriptedImporter/UnityEditor.QuickSearchModule:UnityEditor.Search:ASIAI0B
Importing 'GUID: 2da0c512f12947e489f739169773d7ca - Path: Packages/com.unity.ugui/Runtime/TMP/TMP_InputField.cs - Importer: ScriptedImporter/UnityEditor.QuickSearchModule:UnityEditor.Search:ASIAI0B' with importer (ScriptedImporter : UnityEditor.QuickSearchModule:UnityEditor.Search:ASIAI0B)
Imported 'GUID: 2da0c512f12947e489f739169773d7ca' -> (Import Result ID: '350184e799b8dc3934b6fe708f13c90e') in 0.009 seconds [static and dynamic dependencies]. Details - ImportResultOutputID=689a3dd54facce6d1b128d0249ad07d3 DependenciesID=360dcf6a34bac8ab876e0b5f81768265 StaticDependenciesID=9cbe128399b05c0193cd5f6dc388abd8 
Number of updated asset objects reloaded before import = 0
Number of asset objects unloaded after import = 1
========================================================================
Received Import Request.
  Time of request: 2026-10-06T13:04:43.084595Z
  Time since last request: 0.0004428 seconds.
  importAddress: GUID: 5143f58107604835ab1a5efa2d8818fd - Path: Packages/com.unity.ugui/Runtime/TMP/TMP_Text.cs - Importer: ScriptedImporter/UnityEditor.QuickSearchModule:UnityEditor.Search:ASIAI0B
Importing 'GUID: 5143f58107604835ab1a5efa2d8818fd - Path: Packages/com.unity.ugui/Runtime/TMP/TMP_Text.cs - Importer: ScriptedImporter/UnityEditor.QuickSearchModule:UnityEditor.Search:ASIAI0B' with importer (ScriptedImporter : UnityEditor.QuickSearchModule:UnityEditor.Search:ASIAI0B)
Imported 'GUID: 5143f58107604835ab1a5efa2d8818fd' -> (Import Result ID: 'c659abdf2420c2cd6ca7b211ce6df24d') in 0.007 seconds [static and dynamic dependencies]. Details - ImportResultOutputID=92ce97bffca83623ee6b8334f53c6f41 DependenciesID=69954a7fad3a30bbe2c3a70e5227657a StaticDependenciesID=801a3fdedae9a5609a756c8b92e3d4a4 
Number of updated asset objects reloaded before import = 0
Number of asset objects unloaded after import = 0
========================================================================
Received Import Request.
  Time of request: 2026-10-06T13:04:43.0928484Z
  Time since last request: 0.0005938 seconds.
  importAddress: GUID: 871f8edd56e84b8fb295b10cc3c78f36 - Path: Packages/com.unity.ugui/Runtime/TMP/FastAction.cs - Importer: ScriptedImporter/UnityEditor.QuickSearchModule:UnityEditor.Search:ASIAI0B
Importing 'GUID: 871f8edd56e84b8fb295b10cc3c78f36 - Path: Packages/com.unity.ugui/Runtime/TMP/FastAction.cs - Importer: ScriptedImporter/UnityEditor.QuickSearchModule:UnityEditor.Search:ASIAI0B' with importer (ScriptedImporter : UnityEditor.QuickSearchModule:UnityEditor.Search:ASIAI0B)
Imported 'GUID: 871f8edd56e84b8fb295b10cc3c78f36' -> (Import Result ID: 'b4bed857175ef236c6c5baeda8fc4817') in 0.008 seconds [static and dynamic dependencies]. Details - ImportResultOutputID=ba2e5c0e1881fd68de34b0e935dbf5a4 DependenciesID=bb2936e5638a440730d3efd7694352ea StaticDependenciesID=040083a2eda160acb5f167fe866c7fbf 
Number of updated asset objects reloaded before import = 0
Number of asset objects unloaded after import = 0
========================================================================
Received Import Request.
  Time of request: 2026-10-06T13:04:43.1013133Z
  Time since last request: 0.0006168 seconds.
  importAddress: GUID: e69259f6ff914146ad610be5491eb44a - Path: Packages/com.unity.ugui/Runtime/TMP/TMP_ObjectPool.cs - Importer: ScriptedImporter/UnityEditor.QuickSearchModule:UnityEditor.Search:ASIAI0B
Importing 'GUID: e69259f6ff914146ad610be5491eb44a - Path: Packages/com.unity.ugui/Runtime/TMP/TMP_ObjectPool.cs - Importer: ScriptedImporter/UnityEditor.QuickSearchModule:UnityEditor.Search:ASIAI0B' with importer (ScriptedImporter : UnityEditor.QuickSearchModule:UnityEditor.Search:ASIAI0B)
Imported 'GUID: e69259f6ff914146ad610be5491eb44a' -> (Import Result ID: '89a7880bf34208e1f46816ea965e7743') in 0.006 seconds [static and dynamic dependencies]. Details - ImportResultOutputID=a7c6976a94ff8956fcdefebb8de1dec1 DependenciesID=03138d570f044ec98fb43664847bc770 StaticDependenciesID=9c07207a8e3617d2d93cf34c2f0d7195 
Number of updated asset objects reloaded before import = 0
Number of asset objects unloaded after import = 0
========================================================================
Received Import Request.
  Time of request: 2026-10-06T13:04:43.1080099Z
  Time since last request: 0.0006203 seconds.
  importAddress: GUID: f4688fdb7df04437aeb418b961361dc5 - Path: Packages/com.unity.ugui/Runtime/TMP/TextMeshProUGUI.cs - Importer: ScriptedImporter/UnityEditor.QuickSearchModule:UnityEditor.Search:ASIAI0B
Importing 'GUID: f4688fdb7df04437aeb418b961361dc5 - Path: Packages/com.unity.ugui/Runtime/TMP/TextMeshProUGUI.cs - Importer: ScriptedImporter/UnityEditor.QuickSearchModule:UnityEditor.Search:ASIAI0B' with importer (ScriptedImporter : UnityEditor.QuickSearchModule:UnityEditor.Search:ASIAI0B)
Imported 'GUID: f4688fdb7df04437aeb418b961361dc5' -> (Import Result ID: 'af36fb76db1d00420ed0f2c45fbb485c') in 0.008 seconds [static and dynamic dependencies]. Details - ImportResultOutputID=df2caa5646e1e5eb66b732dbf021fd61 DependenciesID=23e84d2f4eb79d5845671941fcefa2f9 StaticDependenciesID=65e503fdabf5f601d24527634719da89 
Number of updated asset objects reloaded before import = 0
Number of asset objects unloaded after import = 1
========================================================================
Received Import Request.
  Time of request: 2026-10-06T13:04:43.1171502Z
  Time since last request: 0.0005162 seconds.
  importAddress: GUID: c8f647c4cc6a64e4ba36c171768ab9a7 - Path: Packages/com.unity.ugui/Runtime/TMP/TMP_TextProcessingCommon.cs - Importer: ScriptedImporter/UnityEditor.QuickSearchModule:UnityEditor.Search:ASIAI0B
Importing 'GUID: c8f647c4cc6a64e4ba36c171768ab9a7 - Path: Packages/com.unity.ugui/Runtime/TMP/TMP_TextProcessingCommon.cs - Importer: ScriptedImporter/UnityEditor.QuickSearchModule:UnityEditor.Search:ASIAI0B' with importer (ScriptedImporter : UnityEditor.QuickSearchModule:UnityEditor.Search:ASIAI0B)
Imported 'GUID: c8f647c4cc6a64e4ba36c171768ab9a7' -> (Import Result ID: '527bb4c8472de2d51fe3baa41077c043') in 0.008 seconds [static and dynamic dependencies]. Details - ImportResultOutputID=b5dcca34f1b63367f43b7b85b06af989 DependenciesID=df2307df8e8c4f4365470074331110e1 StaticDependenciesID=7dd031dec7c91aa95835bc1cffc11be8 
Number of updated asset objects reloaded before import = 0
Number of asset objects unloaded after import = 0
========================================================================
Received Import Request.
  Time of request: 2026-10-06T13:04:43.1254921Z
  Time since last request: 0.000548 seconds.
  importAddress: GUID: 058cba836c1846c3aa1c5fd2e28aea77 - Path: Packages/com.unity.ugui/Runtime/TMP/TMP_SubMeshUI.cs - Importer: ScriptedImporter/UnityEditor.QuickSearchModule:UnityEditor.Search:ASIAI0B
Importing 'GUID: 058cba836c1846c3aa1c5fd2e28aea77 - Path: Packages/com.unity.ugui/Runtime/TMP/TMP_SubMeshUI.cs - Importer: ScriptedImporter/UnityEditor.QuickSearchModule:UnityEditor.Search:ASIAI0B' with importer (ScriptedImporter : UnityEditor.QuickSearchModule:UnityEditor.Search:ASIAI0B)
Imported 'GUID: 058cba836c1846c3aa1c5fd2e28aea77' -> (Import Result ID: '9a3e9ba4100d64ad3b86530ef8506b87') in 0.007 seconds [static and dynamic dependencies]. Details - ImportResultOutputID=ff7887cf9c0319f61a19e94d3ab33a63 DependenciesID=a3561bd50df995f83ea4178fcd55b46c StaticDependenciesID=a76c7d7d1bd244aadba9096fceb43096 
Number of updated asset objects reloaded before import = 0
Number of asset objects unloaded after import = 0
========================================================================
Received Import Request.
  Time of request: 2026-10-06T13:04:43.140559Z
  Time since last request: 0.0079726 seconds.
  importAddress: GUID: a62706dc421fc9b4fa368a8050a930f7 - Path: Packages/com.unity.ugui/Editor/UGUI/UI/PrefabLayoutRebuilder.cs - Importer: ScriptedImporter/UnityEditor.QuickSearchModule:UnityEditor.Search:ASIAI0B
Importing 'GUID: a62706dc421fc9b4fa368a8050a930f7 - Path: Packages/com.unity.ugui/Editor/UGUI/UI/PrefabLayoutRebuilder.cs - Importer: ScriptedImporter/UnityEditor.QuickSearchModule:UnityEditor.Search:ASIAI0B' with importer (ScriptedImporter : UnityEditor.QuickSearchModule:UnityEditor.Search:ASIAI0B)
Imported 'GUID: a62706dc421fc9b4fa368a8050a930f7' -> (Import Result ID: 'd618a75b3bc705e83e1f60749877b7c8') in 0.008 seconds [static and dynamic dependencies]. Details - ImportResultOutputID=725fad3df5bcb22f0f926d830241fc74 DependenciesID=ec9340086b37e2df69e4b13ab7181eeb StaticDependenciesID=1b3ed93d3193793bbdd7c59c1bcbe8fe 
Number of updated asset objects reloaded before import = 0
Number of asset objects unloaded after import = 0
========================================================================
Received Import Request.
  Time of request: 2026-10-06T13:04:43.1497363Z
  Time since last request: 0.0008715 seconds.
  importAddress: GUID: b759d61544e231c41bc88530b1d94ee8 - Path: Packages/com.unity.ugui/Editor/UGUI/UI/ImageEditor.cs - Importer: ScriptedImporter/UnityEditor.QuickSearchModule:UnityEditor.Search:ASIAI0B
Importing 'GUID: b759d61544e231c41bc88530b1d94ee8 - Path: Packages/com.unity.ugui/Editor/UGUI/UI/ImageEditor.cs - Importer: ScriptedImporter/UnityEditor.QuickSearchModule:UnityEditor.Search:ASIAI0B' with importer (ScriptedImporter : UnityEditor.QuickSearchModule:UnityEditor.Search:ASIAI0B)
Imported 'GUID: b759d61544e231c41bc88530b1d94ee8' -> (Import Result ID: '3ee78ae0fda15c940f6ab63de38c0bc0') in 0.008 seconds [static and dynamic dependencies]. Details - ImportResultOutputID=2914d4e4ce0afc21677180dba23863b4 DependenciesID=3e38889ee840a4bf8fbf55f07154a37e StaticDependenciesID=43536ae91489da4161b4288a79792f90 
Number of updated asset objects reloaded before import = 0
Number of asset objects unloaded after import = 0
========================================================================
Received Import Request.
  Time of request: 2026-10-06T13:04:43.1588529Z
  Time since last request: 0.0007437 seconds.
  importAddress: GUID: f867743975592a743a3581ff042bcc25 - Path: Packages/com.unity.ugui/Editor/UGUI/UI/MenuOptions.cs - Importer: ScriptedImporter/UnityEditor.QuickSearchModule:UnityEditor.Search:ASIAI0B
Importing 'GUID: f867743975592a743a3581ff042bcc25 - Path: Packages/com.unity.ugui/Editor/UGUI/UI/MenuOptions.cs - Importer: ScriptedImporter/UnityEditor.QuickSearchModule:UnityEditor.Search:ASIAI0B' with importer (ScriptedImporter : UnityEditor.QuickSearchModule:UnityEditor.Search:ASIAI0B)
Imported 'GUID: f867743975592a743a3581ff042bcc25' -> (Import Result ID: '740b22ddf5935d486a93716a0565b686') in 0.006 seconds [static and dynamic dependencies]. Details - ImportResultOutputID=036ceb65c7fba661b57487e3559f9e78 DependenciesID=f01f85fd8808f5d4b342307a17dc28e0 StaticDependenciesID=bd27c1392ae226fe75a9b3ffe87c633d 
Number of updated asset objects reloaded before import = 0
Number of asset objects unloaded after import = 0
========================================================================
Received Import Request.
  Time of request: 2026-10-06T13:04:43.165923Z
  Time since last request: 0.0006514 seconds.
  importAddress: GUID: 56ba6cb160ebfc042b48224bd1a35614 - Path: Packages/com.unity.ugui/Editor/UGUI/UI/ScrollRectEditor.cs - Importer: ScriptedImporter/UnityEditor.QuickSearchModule:UnityEditor.Search:ASIAI0B
Importing 'GUID: 56ba6cb160ebfc042b48224bd1a35614 - Path: Packages/com.unity.ugui/Editor/UGUI/UI/ScrollRectEditor.cs - Importer: ScriptedImporter/UnityEditor.QuickSearchModule:UnityEditor.Search:ASIAI0B' with importer (ScriptedImporter : UnityEditor.QuickSearchModule:UnityEditor.Search:ASIAI0B)
Imported 'GUID: 56ba6cb160ebfc042b48224bd1a35614' -> (Import Result ID: 'c2fd4d49a2fea79c17d013157664c39e') in 0.006 seconds [static and dynamic dependencies]. Details - ImportResultOutputID=f2e46510cd34a1c27d96f7453ca4f531 DependenciesID=1bd9f02dfcb74c1342de079fa99e2f4b StaticDependenciesID=593e68b134853abd560290cc8fef81a1 
Number of updated asset objects reloaded before import = 0
Number of asset objects unloaded after import = 0
========================================================================
Received Import Request.
  Time of request: 2026-10-06T13:04:43.1726409Z
  Time since last request: 0.000662 seconds.
  importAddress: GUID: 6a981cd1456bec84b86e1c66773f57f5 - Path: Packages/com.unity.ugui/Editor/UGUI/UI/GridLayoutGroupEditor.cs - Importer: ScriptedImporter/UnityEditor.QuickSearchModule:UnityEditor.Search:ASIAI0B
Importing 'GUID: 6a981cd1456bec84b86e1c66773f57f5 - Path: Packages/com.unity.ugui/Editor/UGUI/UI/GridLayoutGroupEditor.cs - Importer: ScriptedImporter/UnityEditor.QuickSearchModule:UnityEditor.Search:ASIAI0B' with importer (ScriptedImporter : UnityEditor.QuickSearchModule:UnityEditor.Search:ASIAI0B)
Imported 'GUID: 6a981cd1456bec84b86e1c66773f57f5' -> (Import Result ID: '72a8a34406bbf8419e05973f6be8eec9') in 0.007 seconds [static and dynamic dependencies]. Details - ImportResultOutputID=7022a16d5816c44612dec98596a8c7c8 DependenciesID=c6df410820305ca05035fb988bc94732 StaticDependenciesID=15b26428ba48eca019f44728c2564f65 
Number of updated asset objects reloaded before import = 0
Number of asset objects unloaded after import = 0
========================================================================
Received Import Request.
  Time of request: 2026-10-06T13:04:43.1802916Z
  Time since last request: 0.0008182 seconds.
  importAddress: GUID: e3795795b029fde4395e6953ce72b5a6 - Path: Packages/com.unity.ugui/Editor/TMP/HDRP/TMP_BaseHDRPLitShaderGUI.cs - Importer: ScriptedImporter/UnityEditor.QuickSearchModule:UnityEditor.Search:ASIAI0B
Importing 'GUID: e3795795b029fde4395e6953ce72b5a6 - Path: Packages/com.unity.ugui/Editor/TMP/HDRP/TMP_BaseHDRPLitShaderGUI.cs - Importer: ScriptedImporter/UnityEditor.QuickSearchModule:UnityEditor.Search:ASIAI0B' with importer (ScriptedImporter : UnityEditor.QuickSearchModule:UnityEditor.Search:ASIAI0B)
Imported 'GUID: e3795795b029fde4395e6953ce72b5a6' -> (Import Result ID: 'fa31893a69e3c44b59cc79b91af28d6f') in 0.006 seconds [static and dynamic dependencies]. Details - ImportResultOutputID=ddd0d290bf59aebf9e384c6743b0e53c DependenciesID=7c2065d3af6df4d48ff947f0e30ab609 StaticDependenciesID=aca214c1e711f8f8f5707b2bd90be726 
Number of updated asset objects reloaded before import = 0
Number of asset objects unloaded after import = 0
========================================================================
Received Import Request.
  Time of request: 2026-10-06T13:04:43.186753Z
  Time since last request: 0.000555 seconds.
  importAddress: GUID: 0aaa057ce5566e940b18a0ccd0344693 - Path: Packages/com.unity.ugui/Runtime/UGUI/EventSystem/UIBehaviour.cs - Importer: ScriptedImporter/UnityEditor.QuickSearchModule:UnityEditor.Search:ASIAI0B
Importing 'GUID: 0aaa057ce5566e940b18a0ccd0344693 - Path: Packages/com.unity.ugui/Runtime/UGUI/EventSystem/UIBehaviour.cs - Importer: ScriptedImporter/UnityEditor.QuickSearchModule:UnityEditor.Search:ASIAI0B' with importer (ScriptedImporter : UnityEditor.QuickSearchModule:UnityEditor.Search:ASIAI0B)
Imported 'GUID: 0aaa057ce5566e940b18a0ccd0344693' -> (Import Result ID: 'ac7f00b2ce016b5ae660416046eb34e5') in 0.008 seconds [static and dynamic dependencies]. Details - ImportResultOutputID=358903bfc026327f8000c40754dd3bbf DependenciesID=706ef0a9ee3f407149418c36e9d367ad StaticDependenciesID=9cc1db473b48bd6595a4688a9e49996a 
Number of updated asset objects reloaded before import = 0
Number of asset objects unloaded after import = 0
========================================================================
Received Import Request.
  Time of request: 2026-10-06T13:04:43.1958257Z
  Time since last request: 0.0006303 seconds.
  importAddress: GUID: 1336690ece4db2740b4ba38873e00dfb - Path: Packages/com.unity.ugui/Editor/UGUI/UI/TextEditor.cs - Importer: ScriptedImporter/UnityEditor.QuickSearchModule:UnityEditor.Search:ASIAI0B
Importing 'GUID: 1336690ece4db2740b4ba38873e00dfb - Path: Packages/com.unity.ugui/Editor/UGUI/UI/TextEditor.cs - Importer: ScriptedImporter/UnityEditor.QuickSearchModule:UnityEditor.Search:ASIAI0B' with importer (ScriptedImporter : UnityEditor.QuickSearchModule:UnityEditor.Search:ASIAI0B)
Imported 'GUID: 1336690ece4db2740b4ba38873e00dfb' -> (Import Result ID: 'cb7427489eb58c315f0ba2bf00ba40a0') in 0.009 seconds [static and dynamic dependencies]. Details - ImportResultOutputID=60a4db9f70f1bd43d7adb06ebf2f5fad DependenciesID=be0f9f1931c8933bdd7f7777cbfabc75 StaticDependenciesID=141eae6269ac0183657c893dac26569e 
Number of updated asset objects reloaded before import = 0
Number of asset objects unloaded after import = 0
========================================================================
Received Import Request.
  Time of request: 2026-10-06T13:04:43.2054268Z
  Time since last request: 0.0004516 seconds.
  importAddress: GUID: 37cff9f5a86ae494c8cb04423580480d - Path: Packages/com.unity.ugui/Editor/TMP/PropertyDrawers/TMP_SpriteCharacterPropertyDrawer.cs - Importer: ScriptedImporter/UnityEditor.QuickSearchModule:UnityEditor.Search:ASIAI0B
Importing 'GUID: 37cff9f5a86ae494c8cb04423580480d - Path: Packages/com.unity.ugui/Editor/TMP/PropertyDrawers/TMP_SpriteCharacterPropertyDrawer.cs - Importer: ScriptedImporter/UnityEditor.QuickSearchModule:UnityEditor.Search:ASIAI0B' with importer (ScriptedImporter : UnityEditor.QuickSearchModule:UnityEditor.Search:ASIAI0B)
Imported 'GUID: 37cff9f5a86ae494c8cb04423580480d' -> (Import Result ID: '315eaf3d98bb3be176490b606affc9f4') in 0.006 seconds [static and dynamic dependencies]. Details - ImportResultOutputID=442fbd782a51ea7f4cdf3bb1dda0ed98 DependenciesID=18988ef9112f4bbc60b2c40caca5172a StaticDependenciesID=4bcf2299f66eb41b802943f52c4f89b1 
Number of updated asset objects reloaded before import = 0
Number of asset objects unloaded after import = 0
========================================================================
Received Import Request.
  Time of request: 2026-10-06T13:04:43.2125131Z
  Time since last request: 0.0005919 seconds.
  importAddress: GUID: 371a2245f9a9ff344997fec3609bf73e - Path: Packages/com.unity.ugui/Editor/TMP/PropertyDrawers/TMP_PropertyDrawerUtilities.cs - Importer: ScriptedImporter/UnityEditor.QuickSearchModule:UnityEditor.Search:ASIAI0B
Importing 'GUID: 371a2245f9a9ff344997fec3609bf73e - Path: Packages/com.unity.ugui/Editor/TMP/PropertyDrawers/TMP_PropertyDrawerUtilities.cs - Importer: ScriptedImporter/UnityEditor.QuickSearchModule:UnityEditor.Search:ASIAI0B' with importer (ScriptedImporter : UnityEditor.QuickSearchModule:UnityEditor.Search:ASIAI0B)
Imported 'GUID: 371a2245f9a9ff344997fec3609bf73e' -> (Import Result ID: 'a2d4bc6a2bb09580debd8f9a43d99d67') in 0.007 seconds [static and dynamic dependencies]. Details - ImportResultOutputID=4a897ea49603b69044f00f4230231142 DependenciesID=9adaee12fe4fecd69ba3916e202eea96 StaticDependenciesID=afd932271d67cd01d285af6cd65dd0b0 
Number of updated asset objects reloaded before import = 0
Number of asset objects unloaded after import = 0
========================================================================
Received Import Request.
  Time of request: 2026-10-06T13:04:43.2207054Z
  Time since last request: 0.0006423 seconds.
  importAddress: GUID: 21d2d5d6901f2ca43a8015c60ada4e2c - Path: Packages/com.unity.ugui/Editor/UGUI/UI/InputFieldEditor.cs - Importer: ScriptedImporter/UnityEditor.QuickSearchModule:UnityEditor.Search:ASIAI0B
Importing 'GUID: 21d2d5d6901f2ca43a8015c60ada4e2c - Path: Packages/com.unity.ugui/Editor/UGUI/UI/InputFieldEditor.cs - Importer: ScriptedImporter/UnityEditor.QuickSearchModule:UnityEditor.Search:ASIAI0B' with importer (ScriptedImporter : UnityEditor.QuickSearchModule:UnityEditor.Search:ASIAI0B)
Imported 'GUID: 21d2d5d6901f2ca43a8015c60ada4e2c' -> (Import Result ID: '5e889713d732b0f2ae77c59437c7a085') in 0.007 seconds [static and dynamic dependencies]. Details - ImportResultOutputID=ceb7dfc383673a95128cc61373614b31 DependenciesID=9aaa5665a7b6c23443261d9d0debc0aa StaticDependenciesID=90f29533efac05fa1bf9d78363d8083e 
Number of updated asset objects reloaded before import = 0
Number of asset objects unloaded after import = 0
========================================================================
Received Import Request.
  Time of request: 2026-10-06T13:04:43.2282395Z
  Time since last request: 0.0006344 seconds.
  importAddress: GUID: d25515b7ecc4c4ad0ad42bb0a34b5bd5 - Path: Packages/com.unity.ugui/Editor/UGUI/UI/RaycastReceiverEditor.cs - Importer: ScriptedImporter/UnityEditor.QuickSearchModule:UnityEditor.Search:ASIAI0B
Importing 'GUID: d25515b7ecc4c4ad0ad42bb0a34b5bd5 - Path: Packages/com.unity.ugui/Editor/UGUI/UI/RaycastReceiverEditor.cs - Importer: ScriptedImporter/UnityEditor.QuickSearchModule:UnityEditor.Search:ASIAI0B' with importer (ScriptedImporter : UnityEditor.QuickSearchModule:UnityEditor.Search:ASIAI0B)
Imported 'GUID: d25515b7ecc4c4ad0ad42bb0a34b5bd5' -> (Import Result ID: '66202c3b7d92ade851063afc34a4de53') in 0.008 seconds [static and dynamic dependencies]. Details - ImportResultOutputID=7349734526c7275700682d7d5f7c4d5f DependenciesID=9526c1162aa7d917a7f14927a8d37368 StaticDependenciesID=6872dc3559d2ab2d475758fddd70837a 
Number of updated asset objects reloaded before import = 0
Number of asset objects unloaded after import = 0
========================================================================
Received Import Request.
  Time of request: 2026-10-06T13:04:43.2372922Z
  Time since last request: 0.0005657 seconds.
  importAddress: GUID: c55a64c7570474f47a94abe39ebfef04 - Path: Packages/com.unity.ugui/Editor/TMP/PropertyDrawers/TMP_TextAlignmentDrawer.cs - Importer: ScriptedImporter/UnityEditor.QuickSearchModule:UnityEditor.Search:ASIAI0B
Importing 'GUID: c55a64c7570474f47a94abe39ebfef04 - Path: Packages/com.unity.ugui/Editor/TMP/PropertyDrawers/TMP_TextAlignmentDrawer.cs - Importer: ScriptedImporter/UnityEditor.QuickSearchModule:UnityEditor.Search:ASIAI0B' with importer (ScriptedImporter : UnityEditor.QuickSearchModule:UnityEditor.Search:ASIAI0B)
Imported 'GUID: c55a64c7570474f47a94abe39ebfef04' -> (Import Result ID: 'f5d657e28ccb53943ab8e0c0817b92f9') in 0.008 seconds [static and dynamic dependencies]. Details - ImportResultOutputID=f3df2bf2841594cb8a3db0d897632f16 DependenciesID=3a87ce44c4a7e73aaab371223883e1be StaticDependenciesID=d6b7c855af2157babaca2993e866489e 
Number of updated asset objects reloaded before import = 0
Number of asset objects unloaded after import = 0
========================================================================
Received Import Request.
  Time of request: 2026-10-06T13:04:43.2458716Z
  Time since last request: 0.0005316 seconds.
  importAddress: GUID: 065a7fcf0d7286d418f3114ec18d1a2d - Path: Packages/com.unity.ugui/Editor/TMP/PropertyDrawers/TMP_MarkToBaseAdjustmentRecordPropertyDrawer.cs - Importer: ScriptedImporter/UnityEditor.QuickSearchModule:UnityEditor.Search:ASIAI0B
Importing 'GUID: 065a7fcf0d7286d418f3114ec18d1a2d - Path: Packages/com.unity.ugui/Editor/TMP/PropertyDrawers/TMP_MarkToBaseAdjustmentRecordPropertyDrawer.cs - Importer: ScriptedImporter/UnityEditor.QuickSearchModule:UnityEditor.Search:ASIAI0B' with importer (ScriptedImporter : UnityEditor.QuickSearchModule:UnityEditor.Search:ASIAI0B)
Imported 'GUID: 065a7fcf0d7286d418f3114ec18d1a2d' -> (Import Result ID: '7a4919b05f8087aa5d92655236a4b4e0') in 0.006 seconds [static and dynamic dependencies]. Details - ImportResultOutputID=8cad734544a5fe22751a2f36d4382e99 DependenciesID=4913fc3a286742269cdbde1abfe2ccc6 StaticDependenciesID=5826d58000fa0388091654b2150cd623 
Number of updated asset objects reloaded before import = 0
Number of asset objects unloaded after import = 0
========================================================================
Received Import Request.
  Time of request: 2026-10-06T13:04:43.2524967Z
  Time since last request: 0.0004369 seconds.
  importAddress: GUID: 05f582d4fbc8e0c40afccb76bbbe0935 - Path: Packages/com.unity.ugui/Editor/UGUI/UI/DropdownEditor.cs - Importer: ScriptedImporter/UnityEditor.QuickSearchModule:UnityEditor.Search:ASIAI0B
Importing 'GUID: 05f582d4fbc8e0c40afccb76bbbe0935 - Path: Packages/com.unity.ugui/Editor/UGUI/UI/DropdownEditor.cs - Importer: ScriptedImporter/UnityEditor.QuickSearchModule:UnityEditor.Search:ASIAI0B' with importer (ScriptedImporter : UnityEditor.QuickSearchModule:UnityEditor.Search:ASIAI0B)
Imported 'GUID: 05f582d4fbc8e0c40afccb76bbbe0935' -> (Import Result ID: '7a1300d43ac50d99f049abd4defae284') in 0.006 seconds [static and dynamic dependencies]. Details - ImportResultOutputID=c92db011f2f0aca0d4f393e2350db0d0 DependenciesID=cf8bb601abc0b34a9da7ea620e6df880 StaticDependenciesID=c92d55bfa159036a43e43f5f722a70fd 
Number of updated asset objects reloaded before import = 0
Number of asset objects unloaded after import = 0
========================================================================
Received Import Request.
  Time of request: 2026-10-06T13:04:43.2594432Z
  Time since last request: 0.0005902 seconds.
  importAddress: GUID: 056819c66570ca54cadb72330a354050 - Path: Packages/com.unity.ugui/Editor/TMP/PropertyDrawers/TMP_SpriteGlyphPropertyDrawer.cs - Importer: ScriptedImporter/UnityEditor.QuickSearchModule:UnityEditor.Search:ASIAI0B
Importing 'GUID: 056819c66570ca54cadb72330a354050 - Path: Packages/com.unity.ugui/Editor/TMP/PropertyDrawers/TMP_SpriteGlyphPropertyDrawer.cs - Importer: ScriptedImporter/UnityEditor.QuickSearchModule:UnityEditor.Search:ASIAI0B' with importer (ScriptedImporter : UnityEditor.QuickSearchModule:UnityEditor.Search:ASIAI0B)
Imported 'GUID: 056819c66570ca54cadb72330a354050' -> (Import Result ID: '3bcf0200b1e3dba3e69b6f155539d024') in 0.007 seconds [static and dynamic dependencies]. Details - ImportResultOutputID=39da6186f7cf760b14d9933d5b45fa88 DependenciesID=bbe0749419fbc163d69e9fb9da9d55b0 StaticDependenciesID=70e20afd2b0052e25f466b65af690d4b 
Number of updated asset objects reloaded before import = 0
Number of asset objects unloaded after import = 0
========================================================================
Received Import Request.
  Time of request: 2026-10-06T13:04:43.2676379Z
  Time since last request: 0.0006491 seconds.
  importAddress: GUID: 24cda912b57cf784d9eebefb7c59111c - Path: Packages/com.unity.ugui/Editor/Analytics/IAnalytic/UGUIBuildEvent.cs - Importer: ScriptedImporter/UnityEditor.QuickSearchModule:UnityEditor.Search:ASIAI0B
Importing 'GUID: 24cda912b57cf784d9eebefb7c59111c - Path: Packages/com.unity.ugui/Editor/Analytics/IAnalytic/UGUIBuildEvent.cs - Importer: ScriptedImporter/UnityEditor.QuickSearchModule:UnityEditor.Search:ASIAI0B' with importer (ScriptedImporter : UnityEditor.QuickSearchModule:UnityEditor.Search:ASIAI0B)
Imported 'GUID: 24cda912b57cf784d9eebefb7c59111c' -> (Import Result ID: 'af9146a4d4fa24061e38cf4410d68900') in 0.009 seconds [static and dynamic dependencies]. Details - ImportResultOutputID=5a205469d9dc7b29585eff30653e1e39 DependenciesID=802d9d1d678479abb92e763a6b139919 StaticDependenciesID=efadef6a8d83659ab855ff3a387a40a7 
Number of updated asset objects reloaded before import = 0
Number of asset objects unloaded after import = 0
========================================================================
Received Import Request.
  Time of request: 2026-10-06T13:04:43.2773109Z
  Time since last request: 0.0005346 seconds.
  importAddress: GUID: 58e7d991249847640b1534192721c5ea - Path: Packages/com.unity.ugui/Editor/UGUI/UI/RectMask2DEditor.cs - Importer: ScriptedImporter/UnityEditor.QuickSearchModule:UnityEditor.Search:ASIAI0B
Importing 'GUID: 58e7d991249847640b1534192721c5ea - Path: Packages/com.unity.ugui/Editor/UGUI/UI/RectMask2DEditor.cs - Importer: ScriptedImporter/UnityEditor.QuickSearchModule:UnityEditor.Search:ASIAI0B' with importer (ScriptedImporter : UnityEditor.QuickSearchModule:UnityEditor.Search:ASIAI0B)
Imported 'GUID: 58e7d991249847640b1534192721c5ea' -> (Import Result ID: 'c8bcef00ca0089f7945c23f7c869bd35') in 0.006 seconds [static and dynamic dependencies]. Details - ImportResultOutputID=c22f5be885fa8a4e143c5bee5857ec45 DependenciesID=387d8d518e1468ba9bf59b6c6884a3b8 StaticDependenciesID=784e8456bda4b8bed9512c7e5d2be38b 
Number of updated asset objects reloaded before import = 0
Number of asset objects unloaded after import = 0
========================================================================
Received Import Request.
  Time of request: 2026-10-06T13:04:43.2844435Z
  Time since last request: 0.00072 seconds.
  importAddress: GUID: 623c79a1e113b4941afdbfc88d19e8fd - Path: Packages/com.unity.ugui/Runtime/UGUI/EventSystem/ExecuteEvents.cs - Importer: ScriptedImporter/UnityEditor.QuickSearchModule:UnityEditor.Search:ASIAI0B
Importing 'GUID: 623c79a1e113b4941afdbfc88d19e8fd - Path: Packages/com.unity.ugui/Runtime/UGUI/EventSystem/ExecuteEvents.cs - Importer: ScriptedImporter/UnityEditor.QuickSearchModule:UnityEditor.Search:ASIAI0B' with importer (ScriptedImporter : UnityEditor.QuickSearchModule:UnityEditor.Search:ASIAI0B)
Imported 'GUID: 623c79a1e113b4941afdbfc88d19e8fd' -> (Import Result ID: '2cf8e0acc36b1998331400847276f322') in 0.009 seconds [static and dynamic dependencies]. Details - ImportResultOutputID=4fbd2b5d34d16cae6be88c7235afd0a7 DependenciesID=648f6c7a06df4db016273018f8c4307b StaticDependenciesID=3918626ea0ad9a0c3dd50f9b6365293a 
Number of updated asset objects reloaded before import = 0
Number of asset objects unloaded after import = 0
========================================================================
Received Import Request.
  Time of request: 2026-10-06T13:04:43.2940823Z
  Time since last request: 0.0006422 seconds.
  importAddress: GUID: f700f31b2e40d7f4bb69753fdbbbc2b5 - Path: Packages/com.unity.ugui/Editor/UGUI/UI/ScrollbarEditor.cs - Importer: ScriptedImporter/UnityEditor.QuickSearchModule:UnityEditor.Search:ASIAI0B
Importing 'GUID: f700f31b2e40d7f4bb69753fdbbbc2b5 - Path: Packages/com.unity.ugui/Editor/UGUI/UI/ScrollbarEditor.cs - Importer: ScriptedImporter/UnityEditor.QuickSearchModule:UnityEditor.Search:ASIAI0B' with importer (ScriptedImporter : UnityEditor.QuickSearchModule:UnityEditor.Search:ASIAI0B)
Imported 'GUID: f700f31b2e40d7f4bb69753fdbbbc2b5' -> (Import Result ID: 'cfa3bdb594db35f4e680508121d5b15e') in 0.006 seconds [static and dynamic dependencies]. Details - ImportResultOutputID=10b7268d263c25a29c92c0cd798b7487 DependenciesID=5b2f7b6043ab9f1f7f533765a74f33ab StaticDependenciesID=4b979546ef78a9ca9fdf7428ba3fae34 
Number of updated asset objects reloaded before import = 0
Number of asset objects unloaded after import = 0
========================================================================
Received Import Request.
  Time of request: 2026-10-06T13:04:43.301498Z
  Time since last request: 0.0006732 seconds.
  importAddress: GUID: dcf00682bef4d264d84a5c92c8f5a40f - Path: Packages/com.unity.ugui/Editor/UGUI/UI/SelfControllerEditor.cs - Importer: ScriptedImporter/UnityEditor.QuickSearchModule:UnityEditor.Search:ASIAI0B
Importing 'GUID: dcf00682bef4d264d84a5c92c8f5a40f - Path: Packages/com.unity.ugui/Editor/UGUI/UI/SelfControllerEditor.cs - Importer: ScriptedImporter/UnityEditor.QuickSearchModule:UnityEditor.Search:ASIAI0B' with importer (ScriptedImporter : UnityEditor.QuickSearchModule:UnityEditor.Search:ASIAI0B)
Imported 'GUID: dcf00682bef4d264d84a5c92c8f5a40f' -> (Import Result ID: '976cc145109f5cdf748f8cd3743204c4') in 0.006 seconds [static and dynamic dependencies]. Details - ImportResultOutputID=007a3191f3df1c9df8409642c44f1e66 DependenciesID=583ca1adfb602de203a08258e2ff6358 StaticDependenciesID=3621196363e35522d083b43a1075d609 
Number of updated asset objects reloaded before import = 0
Number of asset objects unloaded after import = 0
========================================================================
Received Import Request.
  Time of request: 2026-10-06T13:04:43.3087566Z
  Time since last request: 0.0005721 seconds.
  importAddress: GUID: 899b803b32ce548918778bacc0a950f0 - Path: Packages/com.unity.ugui/Editor/UGUI/UI/CanvasGroupEditor.cs - Importer: ScriptedImporter/UnityEditor.QuickSearchModule:UnityEditor.Search:ASIAI0B
Importing 'GUID: 899b803b32ce548918778bacc0a950f0 - Path: Packages/com.unity.ugui/Editor/UGUI/UI/CanvasGroupEditor.cs - Importer: ScriptedImporter/UnityEditor.QuickSearchModule:UnityEditor.Search:ASIAI0B' with importer (ScriptedImporter : UnityEditor.QuickSearchModule:UnityEditor.Search:ASIAI0B)
Imported 'GUID: 899b803b32ce548918778bacc0a950f0' -> (Import Result ID: 'a4772123eaed60de231525f2e146ea37') in 0.006 seconds [static and dynamic dependencies]. Details - ImportResultOutputID=3d613119520a9ca9ac114dfca1f0643a DependenciesID=739ac73cd396982b936d21fa0c4514e6 StaticDependenciesID=4d2affd0dded5ef649830534af886aa1 
Number of updated asset objects reloaded before import = 0
Number of asset objects unloaded after import = 0
========================================================================
Received Import Request.
  Time of request: 2026-10-06T13:04:43.3245427Z
  Time since last request: 0.0092107 seconds.
  importAddress: GUID: 4e29b1a8efbd4b44bb3f3716e73f07ff - Path: Packages/com.unity.ugui/Runtime/UGUI/UI/Core/Button.cs - Importer: ScriptedImporter/UnityEditor.QuickSearchModule:UnityEditor.Search:ASIAI0B
Importing 'GUID: 4e29b1a8efbd4b44bb3f3716e73f07ff - Path: Packages/com.unity.ugui/Runtime/UGUI/UI/Core/Button.cs - Importer: ScriptedImporter/UnityEditor.QuickSearchModule:UnityEditor.Search:ASIAI0B' with importer (ScriptedImporter : UnityEditor.QuickSearchModule:UnityEditor.Search:ASIAI0B)
Imported 'GUID: 4e29b1a8efbd4b44bb3f3716e73f07ff' -> (Import Result ID: '370a58e83c051d79245ed4fa5bce3d1b') in 0.014 seconds [static and dynamic dependencies]. Details - ImportResultOutputID=2f247dd30adc5fad7069cd2a4b854e4e DependenciesID=6661bc42cc04db15a2252c3541a19204 StaticDependenciesID=301f58a894ca5eaa43ed1202a41c7338 
Number of updated asset objects reloaded before import = 0
Number of asset objects unloaded after import = 0
========================================================================
Received Import Request.
  Time of request: 2026-10-06T13:04:43.3401265Z
  Time since last request: 0.0011715 seconds.
  importAddress: GUID: b825fd5f27403b84f97726dd9c5a5e6f - Path: Packages/com.unity.ugui/Editor/UGUI/UI/PropertyDrawers/ColorBlockDrawer.cs - Importer: ScriptedImporter/UnityEditor.QuickSearchModule:UnityEditor.Search:ASIAI0B
Importing 'GUID: b825fd5f27403b84f97726dd9c5a5e6f - Path: Packages/com.unity.ugui/Editor/UGUI/UI/PropertyDrawers/ColorBlockDrawer.cs - Importer: ScriptedImporter/UnityEditor.QuickSearchModule:UnityEditor.Search:ASIAI0B' with importer (ScriptedImporter : UnityEditor.QuickSearchModule:UnityEditor.Search:ASIAI0B)
Imported 'GUID: b825fd5f27403b84f97726dd9c5a5e6f' -> (Import Result ID: 'ec1c40456f5ab91df86f500c1159b641') in 0.010 seconds [static and dynamic dependencies]. Details - ImportResultOutputID=f3a59e500b9d15a23d3363c820624e18 DependenciesID=80bbea85fecaa78908bff7d2a907bbce StaticDependenciesID=b1aa334d5a24f9255db06101ea3ad114 
Number of updated asset objects reloaded before import = 0
Number of asset objects unloaded after import = 0
========================================================================
Received Import Request.
  Time of request: 2026-10-06T13:04:43.3509264Z
  Time since last request: 0.0006803 seconds.
  importAddress: GUID: 1aa08ab6e0800fa44ae55d278d1423e3 - Path: Packages/com.unity.ugui/Runtime/UGUI/UI/Core/ScrollRect.cs - Importer: ScriptedImporter/UnityEditor.QuickSearchModule:UnityEditor.Search:ASIAI0B
Importing 'GUID: 1aa08ab6e0800fa44ae55d278d1423e3 - Path: Packages/com.unity.ugui/Runtime/UGUI/UI/Core/ScrollRect.cs - Importer: ScriptedImporter/UnityEditor.QuickSearchModule:UnityEditor.Search:ASIAI0B' with importer (ScriptedImporter : UnityEditor.QuickSearchModule:UnityEditor.Search:ASIAI0B)
Imported 'GUID: 1aa08ab6e0800fa44ae55d278d1423e3' -> (Import Result ID: '469c1142494d5f5aa187836ba512a534') in 0.008 seconds [static and dynamic dependencies]. Details - ImportResultOutputID=7f5bf291e54b935001144454840ad0ea DependenciesID=01d398ec4ddb2f0902992e708b4342b4 StaticDependenciesID=2c7b8076d3f55b5e70286203db0a0507 
Number of updated asset objects reloaded before import = 0
Number of asset objects unloaded after import = 0
========================================================================
Received Import Request.
  Time of request: 2026-10-06T13:04:43.3597583Z
  Time since last request: 0.0008338 seconds.
  importAddress: GUID: 31a19414c41e5ae4aae2af33fee712f6 - Path: Packages/com.unity.ugui/Runtime/UGUI/UI/Core/Mask.cs - Importer: ScriptedImporter/UnityEditor.QuickSearchModule:UnityEditor.Search:ASIAI0B
Importing 'GUID: 31a19414c41e5ae4aae2af33fee712f6 - Path: Packages/com.unity.ugui/Runtime/UGUI/UI/Core/Mask.cs - Importer: ScriptedImporter/UnityEditor.QuickSearchModule:UnityEditor.Search:ASIAI0B' with importer (ScriptedImporter : UnityEditor.QuickSearchModule:UnityEditor.Search:ASIAI0B)
Imported 'GUID: 31a19414c41e5ae4aae2af33fee712f6' -> (Import Result ID: '16b98c9975a869e67a314d1c2a13250c') in 0.007 seconds [static and dynamic dependencies]. Details - ImportResultOutputID=a0a8cfc9bdc8293ea54d10fa324e9ce8 DependenciesID=87496478e45545a876ba47d3e5baef5e StaticDependenciesID=607f7fd7f2da2366f46d24b85b14a583 
Number of updated asset objects reloaded before import = 0
Number of asset objects unloaded after import = 0
========================================================================
Received Import Request.
  Time of request: 2026-10-06T13:04:43.3672762Z
  Time since last request: 0.0006582 seconds.
  importAddress: GUID: ba923e2b58fea044bb1f8839376a1118 - Path: Packages/com.unity.ugui/Runtime/UGUI/EventSystem/UIElements/UIToolkitInteroperabilityBridge.cs - Importer: ScriptedImporter/UnityEditor.QuickSearchModule:UnityEditor.Search:ASIAI0B
Importing 'GUID: ba923e2b58fea044bb1f8839376a1118 - Path: Packages/com.unity.ugui/Runtime/UGUI/EventSystem/UIElements/UIToolkitInteroperabilityBridge.cs - Importer: ScriptedImporter/UnityEditor.QuickSearchModule:UnityEditor.Search:ASIAI0B' with importer (ScriptedImporter : UnityEditor.QuickSearchModule:UnityEditor.Search:ASIAI0B)
Imported 'GUID: ba923e2b58fea044bb1f8839376a1118' -> (Import Result ID: '4b41fbb8872a8842ba8dde9c248a8345') in 0.008 seconds [static and dynamic dependencies]. Details - ImportResultOutputID=0160c11e987a8061eedd87fcb0ca3aac DependenciesID=9ff960acc0830aae9bc795df0d96866d StaticDependenciesID=36f1b3c0706f54aa6d58ec10524e24f5 
Number of updated asset objects reloaded before import = 0
Number of asset objects unloaded after import = 0
========================================================================
Received Import Request.
  Time of request: 2026-10-06T13:04:43.375819Z
  Time since last request: 0.0006039 seconds.
  importAddress: GUID: e9745f6a32442194c8dc5a43e9ab86f9 - Path: Packages/com.unity.ugui/Tests/Runtime/UGUI/UnityEngine.UI.Tests.asmdef - Importer: ScriptedImporter/UnityEditor.QuickSearchModule:UnityEditor.Search:ASIAI0B
Importing 'GUID: e9745f6a32442194c8dc5a43e9ab86f9 - Path: Packages/com.unity.ugui/Tests/Runtime/UGUI/UnityEngine.UI.Tests.asmdef - Importer: ScriptedImporter/UnityEditor.QuickSearchModule:UnityEditor.Search:ASIAI0B' with importer (ScriptedImporter : UnityEditor.QuickSearchModule:UnityEditor.Search:ASIAI0B)
Imported 'GUID: e9745f6a32442194c8dc5a43e9ab86f9' -> (Import Result ID: '690215736ffdcaefda16e17f106aa0d6') in 0.007 seconds [static and dynamic dependencies]. Details - ImportResultOutputID=a952f88a475f2d735e2c1c968be26d33 DependenciesID=cd5f206369f723257f6933fc63756203 StaticDependenciesID=3cdeda399852b99d221e9b37b2105089 
Number of updated asset objects reloaded before import = 0
Number of asset objects unloaded after import = 1
========================================================================
Received Import Request.
  Time of request: 2026-10-06T13:04:43.3841013Z
  Time since last request: 0.0005228 seconds.
  importAddress: GUID: 426106349a0ff964fa4e7178c1d3a4f5 - Path: Packages/com.unity.ugui/Runtime/UGUI/EventSystem/Raycasters/BaseRaycaster.cs - Importer: ScriptedImporter/UnityEditor.QuickSearchModule:UnityEditor.Search:ASIAI0B
Importing 'GUID: 426106349a0ff964fa4e7178c1d3a4f5 - Path: Packages/com.unity.ugui/Runtime/UGUI/EventSystem/Raycasters/BaseRaycaster.cs - Importer: ScriptedImporter/UnityEditor.QuickSearchModule:UnityEditor.Search:ASIAI0B' with importer (ScriptedImporter : UnityEditor.QuickSearchModule:UnityEditor.Search:ASIAI0B)
Imported 'GUID: 426106349a0ff964fa4e7178c1d3a4f5' -> (Import Result ID: '80699cdcc66b95dd0b832409cec6473c') in 0.007 seconds [static and dynamic dependencies]. Details - ImportResultOutputID=637c3fbdfbad3fe53c53492993a89653 DependenciesID=fbc4c29becaef0ee4c9f6cd79765434e StaticDependenciesID=08f40f2d1dd6654d845fa00cc9ddf99d 
Number of updated asset objects reloaded before import = 0
Number of asset objects unloaded after import = 0
========================================================================
Received Import Request.
  Time of request: 2026-10-06T13:04:43.3924285Z
  Time since last request: 0.0007086 seconds.
  importAddress: GUID: fc31799bd6dc1f74a8adfee1acd05a9b - Path: Packages/com.unity.ugui/Tests/Editor/UGUI/WrapperWindowFixture.cs - Importer: ScriptedImporter/UnityEditor.QuickSearchModule:UnityEditor.Search:ASIAI0B
Importing 'GUID: fc31799bd6dc1f74a8adfee1acd05a9b - Path: Packages/com.unity.ugui/Tests/Editor/UGUI/WrapperWindowFixture.cs - Importer: ScriptedImporter/UnityEditor.QuickSearchModule:UnityEditor.Search:ASIAI0B' with importer (ScriptedImporter : UnityEditor.QuickSearchModule:UnityEditor.Search:ASIAI0B)
Imported 'GUID: fc31799bd6dc1f74a8adfee1acd05a9b' -> (Import Result ID: '019767a7fc13413e5fdcaa142b852035') in 0.006 seconds [static and dynamic dependencies]. Details - ImportResultOutputID=1c08498668505c7e793079807e552e7e DependenciesID=ef06986b87c110b36be6f2064ac45d6e StaticDependenciesID=c4366c99f23f345f748bcee0e2a5288a 
Number of updated asset objects reloaded before import = 0
Number of asset objects unloaded after import = 0
========================================================================
Received Import Request.
  Time of request: 2026-10-06T13:04:43.3997447Z
  Time since last request: 0.0005844 seconds.
  importAddress: GUID: ceb629fc661813d40986b4abbefe72c6 - Path: Packages/com.unity.ugui/Runtime/UGUI/UI/Core/IMask.cs - Importer: ScriptedImporter/UnityEditor.QuickSearchModule:UnityEditor.Search:ASIAI0B
Importing 'GUID: ceb629fc661813d40986b4abbefe72c6 - Path: Packages/com.unity.ugui/Runtime/UGUI/UI/Core/IMask.cs - Importer: ScriptedImporter/UnityEditor.QuickSearchModule:UnityEditor.Search:ASIAI0B' with importer (ScriptedImporter : UnityEditor.QuickSearchModule:UnityEditor.Search:ASIAI0B)
Imported 'GUID: ceb629fc661813d40986b4abbefe72c6' -> (Import Result ID: '8dcffe8bf900de31a6ca9c3950851ab8') in 0.006 seconds [static and dynamic dependencies]. Details - ImportResultOutputID=aaea38eed1f4b658da9370c57781354e DependenciesID=b58183c4a71fee9c8cf491b578d79f4a StaticDependenciesID=3213bf81fdd5f5e48d671bf9eeec9c92 
Number of updated asset objects reloaded before import = 0
Number of asset objects unloaded after import = 0
========================================================================
Received Import Request.
  Time of request: 2026-10-06T13:04:43.4068646Z
  Time since last request: 0.0005149 seconds.
  importAddress: GUID: fb27f3049fe06c246803a4a4c5b7fda3 - Path: Packages/com.unity.ugui/Editor/UGUI/UI/PropertyDrawers/NavigationDrawer.cs - Importer: ScriptedImporter/UnityEditor.QuickSearchModule:UnityEditor.Search:ASIAI0B
Importing 'GUID: fb27f3049fe06c246803a4a4c5b7fda3 - Path: Packages/com.unity.ugui/Editor/UGUI/UI/PropertyDrawers/NavigationDrawer.cs - Importer: ScriptedImporter/UnityEditor.QuickSearchModule:UnityEditor.Search:ASIAI0B' with importer (ScriptedImporter : UnityEditor.QuickSearchModule:UnityEditor.Search:ASIAI0B)
Imported 'GUID: fb27f3049fe06c246803a4a4c5b7fda3' -> (Import Result ID: 'ee2cf1821784751f695a402953a44cf3') in 0.007 seconds [static and dynamic dependencies]. Details - ImportResultOutputID=0e72209d8a6fade43ccb8978ac8215a9 DependenciesID=e88473645a95a24d989e6370e5861a7f StaticDependenciesID=443d6bcca24cb62f28a8062c7697282b 
Number of updated asset objects reloaded before import = 0
Number of asset objects unloaded after import = 0
========================================================================
Received Import Request.
  Time of request: 2026-10-06T13:04:43.415193Z
  Time since last request: 0.0006667 seconds.
  importAddress: GUID: 828075bc53f2de84982a943870529b7b - Path: Packages/com.unity.ugui/Runtime/UGUI/UI/Core/Misc.cs - Importer: ScriptedImporter/UnityEditor.QuickSearchModule:UnityEditor.Search:ASIAI0B
Importing 'GUID: 828075bc53f2de84982a943870529b7b - Path: Packages/com.unity.ugui/Runtime/UGUI/UI/Core/Misc.cs - Importer: ScriptedImporter/UnityEditor.QuickSearchModule:UnityEditor.Search:ASIAI0B' with importer (ScriptedImporter : UnityEditor.QuickSearchModule:UnityEditor.Search:ASIAI0B)
Imported 'GUID: 828075bc53f2de84982a943870529b7b' -> (Import Result ID: '5686a31546092ed07ea1e5edf5ae390a') in 0.007 seconds [static and dynamic dependencies]. Details - ImportResultOutputID=4375d1118b60a9bc86ffa7dcb597f8b3 DependenciesID=99cc0960946d3538594678f45dce9765 StaticDependenciesID=21ed9536269e7cd6c99246e36f39c266 
Number of updated asset objects reloaded before import = 0
Number of asset objects unloaded after import = 0
========================================================================
Received Import Request.
  Time of request: 2026-10-06T13:04:43.4229908Z
  Time since last request: 0.0005177 seconds.
  importAddress: GUID: 56666c5a40171f54783dd416a44f42bf - Path: Packages/com.unity.ugui/Runtime/UGUI/EventSystem/Raycasters/Physics2DRaycaster.cs - Importer: ScriptedImporter/UnityEditor.QuickSearchModule:UnityEditor.Search:ASIAI0B
Importing 'GUID: 56666c5a40171f54783dd416a44f42bf - Path: Packages/com.unity.ugui/Runtime/UGUI/EventSystem/Raycasters/Physics2DRaycaster.cs - Importer: ScriptedImporter/UnityEditor.QuickSearchModule:UnityEditor.Search:ASIAI0B' with importer (ScriptedImporter : UnityEditor.QuickSearchModule:UnityEditor.Search:ASIAI0B)
Imported 'GUID: 56666c5a40171f54783dd416a44f42bf' -> (Import Result ID: '16ff08c796608fce22951eb10793005a') in 0.007 seconds [static and dynamic dependencies]. Details - ImportResultOutputID=4581ecb600e9416ea810625dd993986d DependenciesID=5b8e600904b26dca2109616266ff7c8c StaticDependenciesID=1d78a8a1c3a95510318bdb5de917aec7 
Number of updated asset objects reloaded before import = 0
Number of asset objects unloaded after import = 0
========================================================================
Received Import Request.
  Time of request: 2026-10-06T13:04:43.4303391Z
  Time since last request: 0.0005022 seconds.
  importAddress: GUID: 4f231c4fb786f3946a6b90b886c48677 - Path: Packages/com.unity.ugui/Runtime/UGUI/EventSystem/InputModules/StandaloneInputModule.cs - Importer: ScriptedImporter/UnityEditor.QuickSearchModule:UnityEditor.Search:ASIAI0B
Importing 'GUID: 4f231c4fb786f3946a6b90b886c48677 - Path: Packages/com.unity.ugui/Runtime/UGUI/EventSystem/InputModules/StandaloneInputModule.cs - Importer: ScriptedImporter/UnityEditor.QuickSearchModule:UnityEditor.Search:ASIAI0B' with importer (ScriptedImporter : UnityEditor.QuickSearchModule:UnityEditor.Search:ASIAI0B)
Imported 'GUID: 4f231c4fb786f3946a6b90b886c48677' -> (Import Result ID: '528c96e740a01c13d253357657e4cd0e') in 0.008 seconds [static and dynamic dependencies]. Details - ImportResultOutputID=685e7e149d3ded13990ef8bff8eb6f52 DependenciesID=92949821a72ebc3fccc85922aecc6c3a StaticDependenciesID=77a992c41f863a2fd0764e4aaedb3ef8 
Number of updated asset objects reloaded before import = 0
Number of asset objects unloaded after import = 0
========================================================================
Received Import Request.
  Time of request: 2026-10-06T13:04:43.4391215Z
  Time since last request: 0.0005846 seconds.
  importAddress: GUID: 5348cbfcd4f74699b33fe6b43747a016 - Path: Packages/com.unity.ugui/Tests/Runtime/TMP/TMP_CanvasTests.cs - Importer: ScriptedImporter/UnityEditor.QuickSearchModule:UnityEditor.Search:ASIAI0B
Importing 'GUID: 5348cbfcd4f74699b33fe6b43747a016 - Path: Packages/com.unity.ugui/Tests/Runtime/TMP/TMP_CanvasTests.cs - Importer: ScriptedImporter/UnityEditor.QuickSearchModule:UnityEditor.Search:ASIAI0B' with importer (ScriptedImporter : UnityEditor.QuickSearchModule:UnityEditor.Search:ASIAI0B)
Imported 'GUID: 5348cbfcd4f74699b33fe6b43747a016' -> (Import Result ID: '69e2b63fa6de30a4dbd103eef96ebc96') in 0.007 seconds [static and dynamic dependencies]. Details - ImportResultOutputID=6614a5267662c15f1d16e0bc05bc0b59 DependenciesID=246663d3dd682a546a6bb055b4070499 StaticDependenciesID=5ae67dbfa637d6795ed666bdf99d24c5 
Number of updated asset objects reloaded before import = 0
Number of asset objects unloaded after import = 0
========================================================================
Received Import Request.
  Time of request: 2026-10-06T13:04:43.4467086Z
  Time since last request: 0.0005253 seconds.
  importAddress: GUID: 7c04f0dfa9243c04681a55d90d3ff3fc - Path: Packages/com.unity.ugui/Tests/Editor/UGUI/UnityEditor.UI.EditorTests.asmdef - Importer: ScriptedImporter/UnityEditor.QuickSearchModule:UnityEditor.Search:ASIAI0B
Importing 'GUID: 7c04f0dfa9243c04681a55d90d3ff3fc - Path: Packages/com.unity.ugui/Tests/Editor/UGUI/UnityEditor.UI.EditorTests.asmdef - Importer: ScriptedImporter/UnityEditor.QuickSearchModule:UnityEditor.Search:ASIAI0B' with importer (ScriptedImporter : UnityEditor.QuickSearchModule:UnityEditor.Search:ASIAI0B)
Imported 'GUID: 7c04f0dfa9243c04681a55d90d3ff3fc' -> (Import Result ID: '58e1b7ad81c2e7b21deb891a951f930c') in 0.009 seconds [static and dynamic dependencies]. Details - ImportResultOutputID=342d0b7b05bd3441b95f7e7c4ef6a543 DependenciesID=ecf1ad307ccd3509d96e51b1a430a1e9 StaticDependenciesID=d9482154ff24d1693b65adf23ad2b129 
Number of updated asset objects reloaded before import = 0
Number of asset objects unloaded after import = 1
========================================================================
Received Import Request.
  Time of request: 2026-10-06T13:04:43.4566588Z
  Time since last request: 0.0006376 seconds.
  importAddress: GUID: 728d2c19676ea3743aaa087aa28c4a16 - Path: Packages/com.unity.ugui/Editor/UGUI/UI/PropertyDrawers/SpriteStateDrawer.cs - Importer: ScriptedImporter/UnityEditor.QuickSearchModule:UnityEditor.Search:ASIAI0B
Importing 'GUID: 728d2c19676ea3743aaa087aa28c4a16 - Path: Packages/com.unity.ugui/Editor/UGUI/UI/PropertyDrawers/SpriteStateDrawer.cs - Importer: ScriptedImporter/UnityEditor.QuickSearchModule:UnityEditor.Search:ASIAI0B' with importer (ScriptedImporter : UnityEditor.QuickSearchModule:UnityEditor.Search:ASIAI0B)
Imported 'GUID: 728d2c19676ea3743aaa087aa28c4a16' -> (Import Result ID: 'c5cafbf06635b6fc32786f9e9c361df8') in 0.007 seconds [static and dynamic dependencies]. Details - ImportResultOutputID=c59381a3f42f904aa5ce40b257c2a40b DependenciesID=c3f3448502e4e59ac161a0cf156cd488 StaticDependenciesID=e5b2bc1fa0e2e5fe97bd7683cec07b38 
Number of updated asset objects reloaded before import = 0
Number of asset objects unloaded after import = 0
========================================================================
Received Import Request.
  Time of request: 2026-10-06T13:04:43.4647616Z
  Time since last request: 0.000495 seconds.
  importAddress: GUID: 7be84a49bb2cd7e4a9ed097ba22794d0 - Path: Packages/com.unity.ugui/Runtime/UGUI/UI/Animation/CoroutineTween.cs - Importer: ScriptedImporter/UnityEditor.QuickSearchModule:UnityEditor.Search:ASIAI0B
Importing 'GUID: 7be84a49bb2cd7e4a9ed097ba22794d0 - Path: Packages/com.unity.ugui/Runtime/UGUI/UI/Animation/CoroutineTween.cs - Importer: ScriptedImporter/UnityEditor.QuickSearchModule:UnityEditor.Search:ASIAI0B' with importer (ScriptedImporter : UnityEditor.QuickSearchModule:UnityEditor.Search:ASIAI0B)
Imported 'GUID: 7be84a49bb2cd7e4a9ed097ba22794d0' -> (Import Result ID: '8a819303124b73fd5a90d2ff4c87b74f') in 0.006 seconds [static and dynamic dependencies]. Details - ImportResultOutputID=f393b405aebe7ecea0852c92f1965d55 DependenciesID=b075bfef18f2c586d74a65c1bd45ceb5 StaticDependenciesID=9eb2741f20c83d41a7fbeeb805b2dc4b 
Number of updated asset objects reloaded before import = 0
Number of asset objects unloaded after import = 0
========================================================================
Received Import Request.
  Time of request: 2026-10-06T13:04:43.4718285Z
  Time since last request: 0.0006879 seconds.
  importAddress: GUID: 976acc75bfafe594cb01142ba21947be - Path: Packages/com.unity.ugui/Runtime/UGUI/UI/Core/MaskableGraphic.cs - Importer: ScriptedImporter/UnityEditor.QuickSearchModule:UnityEditor.Search:ASIAI0B
Importing 'GUID: 976acc75bfafe594cb01142ba21947be - Path: Packages/com.unity.ugui/Runtime/UGUI/UI/Core/MaskableGraphic.cs - Importer: ScriptedImporter/UnityEditor.QuickSearchModule:UnityEditor.Search:ASIAI0B' with importer (ScriptedImporter : UnityEditor.QuickSearchModule:UnityEditor.Search:ASIAI0B)
Imported 'GUID: 976acc75bfafe594cb01142ba21947be' -> (Import Result ID: '3f5f2882ad5e42eaa9744b22a9419ddd') in 0.006 seconds [static and dynamic dependencies]. Details - ImportResultOutputID=d7875c7dba384591d5ce3cc54fbddb0b DependenciesID=3ab0cea745e78e93dbbb4b2baaaf1771 StaticDependenciesID=ccc3d216738e55d9f4539576edb919b1 
Number of updated asset objects reloaded before import = 0
Number of asset objects unloaded after import = 0
========================================================================
Received Import Request.
  Time of request: 2026-10-06T13:04:43.4790616Z
  Time since last request: 0.0005513 seconds.
  importAddress: GUID: c49b4cc203aa6414fae5c798d1d0e7d6 - Path: Packages/com.unity.ugui/Runtime/UGUI/EventSystem/Raycasters/PhysicsRaycaster.cs - Importer: ScriptedImporter/UnityEditor.QuickSearchModule:UnityEditor.Search:ASIAI0B
Importing 'GUID: c49b4cc203aa6414fae5c798d1d0e7d6 - Path: Packages/com.unity.ugui/Runtime/UGUI/EventSystem/Raycasters/PhysicsRaycaster.cs - Importer: ScriptedImporter/UnityEditor.QuickSearchModule:UnityEditor.Search:ASIAI0B' with importer (ScriptedImporter : UnityEditor.QuickSearchModule:UnityEditor.Search:ASIAI0B)
Imported 'GUID: c49b4cc203aa6414fae5c798d1d0e7d6' -> (Import Result ID: '0e5aea13c13802db47cb20886eaad014') in 0.007 seconds [static and dynamic dependencies]. Details - ImportResultOutputID=7cd5e2682a7b66dbc0cee0e0ec07173f DependenciesID=2b806ed8686fb07e40dae1093c81c7c0 StaticDependenciesID=156e92a9d1979eed0ce9f7cff11ea9cd 
Number of updated asset objects reloaded before import = 0
Number of asset objects unloaded after import = 0
========================================================================
Received Import Request.
  Time of request: 2026-10-06T13:04:43.4871781Z
  Time since last request: 0.0007184 seconds.
  importAddress: GUID: 13cd966480ec3354bb318ee1aeccff6f - Path: Packages/com.unity.ugui/Runtime/UGUI/UI/Core/FontData.cs - Importer: ScriptedImporter/UnityEditor.QuickSearchModule:UnityEditor.Search:ASIAI0B
Importing 'GUID: 13cd966480ec3354bb318ee1aeccff6f - Path: Packages/com.unity.ugui/Runtime/UGUI/UI/Core/FontData.cs - Importer: ScriptedImporter/UnityEditor.QuickSearchModule:UnityEditor.Search:ASIAI0B' with importer (ScriptedImporter : UnityEditor.QuickSearchModule:UnityEditor.Search:ASIAI0B)
Imported 'GUID: 13cd966480ec3354bb318ee1aeccff6f' -> (Import Result ID: 'f2141e64b9cad5bbe44a9b129932dbec') in 0.009 seconds [static and dynamic dependencies]. Details - ImportResultOutputID=1f3559a2da23eddeaad633ded1b2df9e DependenciesID=9633047f414adb41aa62bc595b76fbbf StaticDependenciesID=5e687dac638a85431c4f955420340b8d 
Number of updated asset objects reloaded before import = 0
Number of asset objects unloaded after import = 0
========================================================================
Received Import Request.
  Time of request: 2026-10-06T13:04:43.4968806Z
  Time since last request: 0.0006549 seconds.
  importAddress: GUID: bb05cab7d802aa5468f8f2f86840d984 - Path: Packages/com.unity.ugui/Tests/Runtime/TMP/Unity.TextMeshPro.Tests.asmdef - Importer: ScriptedImporter/UnityEditor.QuickSearchModule:UnityEditor.Search:ASIAI0B
Importing 'GUID: bb05cab7d802aa5468f8f2f86840d984 - Path: Packages/com.unity.ugui/Tests/Runtime/TMP/Unity.TextMeshPro.Tests.asmdef - Importer: ScriptedImporter/UnityEditor.QuickSearchModule:UnityEditor.Search:ASIAI0B' with importer (ScriptedImporter : UnityEditor.QuickSearchModule:UnityEditor.Search:ASIAI0B)
Imported 'GUID: bb05cab7d802aa5468f8f2f86840d984' -> (Import Result ID: '57c1806f77a995113d5cbf182dee3b15') in 0.008 seconds [static and dynamic dependencies]. Details - ImportResultOutputID=0c1e886ac412339fb0db8d0b55fb4e59 DependenciesID=fac038ec28fbf7c8a8d85576f89a1ac3 StaticDependenciesID=d15a2640510f8e2c33dd3605f256113c 
Number of updated asset objects reloaded before import = 0
Number of asset objects unloaded after import = 1
========================================================================
Received Import Request.
  Time of request: 2026-10-06T13:04:43.5060196Z
  Time since last request: 0.0005723 seconds.
  importAddress: GUID: 393b15da08c88194dbbcacd6ee15a89c - Path: Packages/com.unity.ugui/Tests/Editor/UGUI/TestBehaviourBase.cs - Importer: ScriptedImporter/UnityEditor.QuickSearchModule:UnityEditor.Search:ASIAI0B
Importing 'GUID: 393b15da08c88194dbbcacd6ee15a89c - Path: Packages/com.unity.ugui/Tests/Editor/UGUI/TestBehaviourBase.cs - Importer: ScriptedImporter/UnityEditor.QuickSearchModule:UnityEditor.Search:ASIAI0B' with importer (ScriptedImporter : UnityEditor.QuickSearchModule:UnityEditor.Search:ASIAI0B)
Imported 'GUID: 393b15da08c88194dbbcacd6ee15a89c' -> (Import Result ID: '9c14e977b6a35d76c97c4ce873a3f35a') in 0.007 seconds [static and dynamic dependencies]. Details - ImportResultOutputID=e8ccd001a0a1ac65e144ae02d02d7be6 DependenciesID=ac28f48d27633902ac616f2038cd3686 StaticDependenciesID=46b5dc98c2ab5d3e0f0e6714cb8c5c5e 
Number of updated asset objects reloaded before import = 0
Number of asset objects unloaded after import = 0
========================================================================
Received Import Request.
  Time of request: 2026-10-06T13:04:43.5391916Z
  Time since last request: 0.0255 seconds.
  importAddress: GUID: 69ae55f76840b2849ba56cfb53a17df0 - Path: Packages/com.unity.ugui/Runtime/UGUI/UI/Core/StencilMaterial.cs - Importer: ScriptedImporter/UnityEditor.QuickSearchModule:UnityEditor.Search:ASIAI0B
Importing 'GUID: 69ae55f76840b2849ba56cfb53a17df0 - Path: Packages/com.unity.ugui/Runtime/UGUI/UI/Core/StencilMaterial.cs - Importer: ScriptedImporter/UnityEditor.QuickSearchModule:UnityEditor.Search:ASIAI0B' with importer (ScriptedImporter : UnityEditor.QuickSearchModule:UnityEditor.Search:ASIAI0B)
Imported 'GUID: 69ae55f76840b2849ba56cfb53a17df0' -> (Import Result ID: '09f63be9e2851934b5240bbd04a0467b') in 0.010 seconds [static and dynamic dependencies]. Details - ImportResultOutputID=d6bfd7733e1e852e6989f95ec9eba5ca DependenciesID=5edbbab1c8f2dcc3b7a351504a572836 StaticDependenciesID=7a170b91c81dad8b6ee92aa3391db71c 
Number of updated asset objects reloaded before import = 0
Number of asset objects unloaded after import = 0
========================================================================
Received Import Request.
  Time of request: 2026-10-06T13:04:43.5503233Z
  Time since last request: 0.0009349 seconds.
  importAddress: GUID: 811d999912a5f3f459a637aad029fbc8 - Path: Packages/com.unity.ugui/Tests/Runtime/UGUI/Canvas/RectTransformValidAfterEnable.cs - Importer: ScriptedImporter/UnityEditor.QuickSearchModule:UnityEditor.Search:ASIAI0B
Importing 'GUID: 811d999912a5f3f459a637aad029fbc8 - Path: Packages/com.unity.ugui/Tests/Runtime/UGUI/Canvas/RectTransformValidAfterEnable.cs - Importer: ScriptedImporter/UnityEditor.QuickSearchModule:UnityEditor.Search:ASIAI0B' with importer (ScriptedImporter : UnityEditor.QuickSearchModule:UnityEditor.Search:ASIAI0B)
Imported 'GUID: 811d999912a5f3f459a637aad029fbc8' -> (Import Result ID: '3e68b694e733fbf193d861a7b7d74f9c') in 0.008 seconds [static and dynamic dependencies]. Details - ImportResultOutputID=dcebd00af28d682c76f76f0e02a3de5e DependenciesID=ffe1c20f1ea8a42b96302275882d25f8 StaticDependenciesID=279d3401a6dbe8b52df9332a100e8a91 
Number of updated asset objects reloaded before import = 0
Number of asset objects unloaded after import = 0
========================================================================
Received Import Request.
  Time of request: 2026-10-06T13:04:43.5595919Z
  Time since last request: 0.0007147 seconds.
  importAddress: GUID: 35a0d10199de49f4db0128003bfd3bda - Path: Packages/com.unity.ugui/Tests/Editor/UGUI/Canvas/CanvasElementsMaintainValidPositionsWhenCameraOrthoSizeIsZero.cs - Importer: ScriptedImporter/UnityEditor.QuickSearchModule:UnityEditor.Search:ASIAI0B
Importing 'GUID: 35a0d10199de49f4db0128003bfd3bda - Path: Packages/com.unity.ugui/Tests/Editor/UGUI/Canvas/CanvasElementsMaintainValidPositionsWhenCameraOrthoSizeIsZero.cs - Importer: ScriptedImporter/UnityEditor.QuickSearchModule:UnityEditor.Search:ASIAI0B' with importer (ScriptedImporter : UnityEditor.QuickSearchModule:UnityEditor.Search:ASIAI0B)
Imported 'GUID: 35a0d10199de49f4db0128003bfd3bda' -> (Import Result ID: 'be78b69e1dcf949d585a5bde1fce804a') in 0.009 seconds [static and dynamic dependencies]. Details - ImportResultOutputID=acf79495e64f8a3c862ec44253867d8a DependenciesID=9737baedab66c8b652f1965097bd56cd StaticDependenciesID=b94f5b725359c6f54eb7d6eb8363b2ac 
Number of updated asset objects reloaded before import = 0
Number of asset objects unloaded after import = 0
========================================================================
Received Import Request.
  Time of request: 2026-10-06T13:04:43.5699035Z
  Time since last request: 0.0005525 seconds.
  importAddress: GUID: 1ef2923b9c5521948a04299da53ae750 - Path: Packages/com.unity.ugui/Tests/Runtime/UGUI/Button/ButtonTests.cs - Importer: ScriptedImporter/UnityEditor.QuickSearchModule:UnityEditor.Search:ASIAI0B
Importing 'GUID: 1ef2923b9c5521948a04299da53ae750 - Path: Packages/com.unity.ugui/Tests/Runtime/UGUI/Button/ButtonTests.cs - Importer: ScriptedImporter/UnityEditor.QuickSearchModule:UnityEditor.Search:ASIAI0B' with importer (ScriptedImporter : UnityEditor.QuickSearchModule:UnityEditor.Search:ASIAI0B)
Imported 'GUID: 1ef2923b9c5521948a04299da53ae750' -> (Import Result ID: 'cd5265a732fd18972eef5541f25a7bc2') in 0.009 seconds [static and dynamic dependencies]. Details - ImportResultOutputID=270247e1d8eaaec8a317f7413b6d2d7f DependenciesID=4b1c27e3dc83256c35eea0f4d32b1caa StaticDependenciesID=743d4cc9113f00fa90f17f27e812c655 
Number of updated asset objects reloaded before import = 0
Number of asset objects unloaded after import = 0
========================================================================
Received Import Request.
  Time of request: 2026-10-06T13:04:43.579861Z
  Time since last request: 0.0007227 seconds.
  importAddress: GUID: a598580d0cfc7224ebed8d2b627d9e00 - Path: Packages/com.unity.ugui/Tests/Runtime/UGUI/Image/ImageTests.cs - Importer: ScriptedImporter/UnityEditor.QuickSearchModule:UnityEditor.Search:ASIAI0B
Importing 'GUID: a598580d0cfc7224ebed8d2b627d9e00 - Path: Packages/com.unity.ugui/Tests/Runtime/UGUI/Image/ImageTests.cs - Importer: ScriptedImporter/UnityEditor.QuickSearchModule:UnityEditor.Search:ASIAI0B' with importer (ScriptedImporter : UnityEditor.QuickSearchModule:UnityEditor.Search:ASIAI0B)
Imported 'GUID: a598580d0cfc7224ebed8d2b627d9e00' -> (Import Result ID: 'bc957d4934317b8fe24fa61307166ded') in 0.007 seconds [static and dynamic dependencies]. Details - ImportResultOutputID=3ea497573963e0a6ad503440384ae60d DependenciesID=b7e471bfb6404a7ace7d5c514ef8f02e StaticDependenciesID=b5b81755d53c6a1b5cd129915f43e9d8 
Number of updated asset objects reloaded before import = 0
Number of asset objects unloaded after import = 0
========================================================================
Received Import Request.
  Time of request: 2026-10-06T13:04:43.5872424Z
  Time since last request: 0.000509 seconds.
  importAddress: GUID: acfa3573efc38c844be021fdaa8cf8a6 - Path: Packages/com.unity.ugui/Tests/Runtime/UGUI/Graphic/RawImageTest.cs - Importer: ScriptedImporter/UnityEditor.QuickSearchModule:UnityEditor.Search:ASIAI0B
Importing 'GUID: acfa3573efc38c844be021fdaa8cf8a6 - Path: Packages/com.unity.ugui/Tests/Runtime/UGUI/Graphic/RawImageTest.cs - Importer: ScriptedImporter/UnityEditor.QuickSearchModule:UnityEditor.Search:ASIAI0B' with importer (ScriptedImporter : UnityEditor.QuickSearchModule:UnityEditor.Search:ASIAI0B)
Imported 'GUID: acfa3573efc38c844be021fdaa8cf8a6' -> (Import Result ID: 'a77370a656c13b18dadd34b86ab0dd14') in 0.007 seconds [static and dynamic dependencies]. Details - ImportResultOutputID=9a7bd6aea385c99ea6c0893cf517717c DependenciesID=8fcc4154b2a9458803e6d716fc9f522c StaticDependenciesID=f73f7bc30a43e2477f2bb41044dac55d 
Number of updated asset objects reloaded before import = 0
Number of asset objects unloaded after import = 0
========================================================================
Received Import Request.
  Time of request: 2026-10-06T13:04:43.5948702Z
  Time since last request: 0.0005749 seconds.
  importAddress: GUID: 3cbc4280d63720c448a3c6fee4b1ec88 - Path: Packages/com.unity.ugui/Tests/Editor/UGUI/Canvas/CanvasUseReflectionProbes.cs - Importer: ScriptedImporter/UnityEditor.QuickSearchModule:UnityEditor.Search:ASIAI0B
Importing 'GUID: 3cbc4280d63720c448a3c6fee4b1ec88 - Path: Packages/com.unity.ugui/Tests/Editor/UGUI/Canvas/CanvasUseReflectionProbes.cs - Importer: ScriptedImporter/UnityEditor.QuickSearchModule:UnityEditor.Search:ASIAI0B' with importer (ScriptedImporter : UnityEditor.QuickSearchModule:UnityEditor.Search:ASIAI0B)
Imported 'GUID: 3cbc4280d63720c448a3c6fee4b1ec88' -> (Import Result ID: '1a0c19da671c0bfe620dd8c91054a7f6') in 0.006 seconds [static and dynamic dependencies]. Details - ImportResultOutputID=d8261a4c1978e444e3d840c7950990af DependenciesID=f516ff67dba37d9204827fc2534d44f9 StaticDependenciesID=2476c075d7c77e049ce34ec5f312f136 
Number of updated asset objects reloaded before import = 0
Number of asset objects unloaded after import = 0
========================================================================
Received Import Request.
  Time of request: 2026-10-06T13:04:43.6015321Z
  Time since last request: 0.0007985 seconds.
  importAddress: GUID: 833143c443f979e44ae0b8ed899e3b59 - Path: Packages/com.unity.ugui/Tests/Runtime/UGUI/EventSystem/PhysicsRaycasterTests.cs - Importer: ScriptedImporter/UnityEditor.QuickSearchModule:UnityEditor.Search:ASIAI0B
Importing 'GUID: 833143c443f979e44ae0b8ed899e3b59 - Path: Packages/com.unity.ugui/Tests/Runtime/UGUI/EventSystem/PhysicsRaycasterTests.cs - Importer: ScriptedImporter/UnityEditor.QuickSearchModule:UnityEditor.Search:ASIAI0B' with importer (ScriptedImporter : UnityEditor.QuickSearchModule:UnityEditor.Search:ASIAI0B)
Imported 'GUID: 833143c443f979e44ae0b8ed899e3b59' -> (Import Result ID: 'c449457c022f2c5aaef85c168c00fec7') in 0.006 seconds [static and dynamic dependencies]. Details - ImportResultOutputID=23222d48d69622d52031372ec4131f30 DependenciesID=e67bb35532fa7d6736198f9ebe011cf2 StaticDependenciesID=581187f35b26a02397fae21f2d350c95 
Number of updated asset objects reloaded before import = 0
Number of asset objects unloaded after import = 0
========================================================================
Received Import Request.
  Time of request: 2026-10-06T13:04:43.6085916Z
  Time since last request: 0.0005735 seconds.
  importAddress: GUID: bede4033d9f359b41878c4cda6a910b3 - Path: Packages/com.unity.ugui/Tests/Editor/UGUI/Canvas/AssertionFailureOnOutputVertexCount.cs - Importer: ScriptedImporter/UnityEditor.QuickSearchModule:UnityEditor.Search:ASIAI0B
Importing 'GUID: bede4033d9f359b41878c4cda6a910b3 - Path: Packages/com.unity.ugui/Tests/Editor/UGUI/Canvas/AssertionFailureOnOutputVertexCount.cs - Importer: ScriptedImporter/UnityEditor.QuickSearchModule:UnityEditor.Search:ASIAI0B' with importer (ScriptedImporter : UnityEditor.QuickSearchModule:UnityEditor.Search:ASIAI0B)
Imported 'GUID: bede4033d9f359b41878c4cda6a910b3' -> (Import Result ID: 'faf88c3d2826dfc037a005a288001762') in 0.007 seconds [static and dynamic dependencies]. Details - ImportResultOutputID=e7111137c2e6657d6d85af5fd6eb4f1a DependenciesID=1c8391e5d30f502b7bf00e205a149f7a StaticDependenciesID=898d0a7a21a1970037b2a8c0c69f3fd1 
Number of updated asset objects reloaded before import = 0
Number of asset objects unloaded after import = 0
========================================================================
Received Import Request.
  Time of request: 2026-10-06T13:04:43.6166169Z
  Time since last request: 0.000579 seconds.
  importAddress: GUID: a14a59f2a5c757e469c3e4e17b798c2e - Path: Packages/com.unity.ugui/Tests/Runtime/UGUI/Canvas/CanvasGroupInheritedAlpha.cs - Importer: ScriptedImporter/UnityEditor.QuickSearchModule:UnityEditor.Search:ASIAI0B
Importing 'GUID: a14a59f2a5c757e469c3e4e17b798c2e - Path: Packages/com.unity.ugui/Tests/Runtime/UGUI/Canvas/CanvasGroupInheritedAlpha.cs - Importer: ScriptedImporter/UnityEditor.QuickSearchModule:UnityEditor.Search:ASIAI0B' with importer (ScriptedImporter : UnityEditor.QuickSearchModule:UnityEditor.Search:ASIAI0B)
Imported 'GUID: a14a59f2a5c757e469c3e4e17b798c2e' -> (Import Result ID: '9b11e0a1ed14e6bdd3010a0fc9476f27') in 0.007 seconds [static and dynamic dependencies]. Details - ImportResultOutputID=0cb28e667d8030d63431dc1af8e2d9db DependenciesID=29c357e377cabb95934af132ad71a3f0 StaticDependenciesID=0737aa54b32f1fd20f53d4ee290b0c8f 
Number of updated asset objects reloaded before import = 0
Number of asset objects unloaded after import = 0
========================================================================
Received Import Request.
  Time of request: 2026-10-06T13:04:43.6241218Z
  Time since last request: 0.0005494 seconds.
  importAddress: GUID: df1ba932d4ce4534e97a0f10c85cd3c9 - Path: Packages/com.unity.ugui/Tests/Runtime/UGUI/Canvas/CanvasSizeCorrectInAwakeAndStartScript.cs - Importer: ScriptedImporter/UnityEditor.QuickSearchModule:UnityEditor.Search:ASIAI0B
Importing 'GUID: df1ba932d4ce4534e97a0f10c85cd3c9 - Path: Packages/com.unity.ugui/Tests/Runtime/UGUI/Canvas/CanvasSizeCorrectInAwakeAndStartScript.cs - Importer: ScriptedImporter/UnityEditor.QuickSearchModule:UnityEditor.Search:ASIAI0B' with importer (ScriptedImporter : UnityEditor.QuickSearchModule:UnityEditor.Search:ASIAI0B)
Imported 'GUID: df1ba932d4ce4534e97a0f10c85cd3c9' -> (Import Result ID: '90675d2383882e71206da310d8f14632') in 0.006 seconds [static and dynamic dependencies]. Details - ImportResultOutputID=dfc06ede58c5de34fc361442347ca78d DependenciesID=a293c6576313513ce27cc9eabeaa02d3 StaticDependenciesID=a01d9fad14157ac4c142277dc9bc90cf 
Number of updated asset objects reloaded before import = 0
Number of asset objects unloaded after import = 0
========================================================================
Received Import Request.
  Time of request: 2026-10-06T13:04:43.6316204Z
  Time since last request: 0.0008058 seconds.
  importAddress: GUID: 67db9e8f0e2ae9c40bc1e2b64352a6b4 - Path: Packages/com.unity.ugui/Runtime/UGUI/UI/Core/Slider.cs - Importer: ScriptedImporter/UnityEditor.QuickSearchModule:UnityEditor.Search:ASIAI0B
Importing 'GUID: 67db9e8f0e2ae9c40bc1e2b64352a6b4 - Path: Packages/com.unity.ugui/Runtime/UGUI/UI/Core/Slider.cs - Importer: ScriptedImporter/UnityEditor.QuickSearchModule:UnityEditor.Search:ASIAI0B' with importer (ScriptedImporter : UnityEditor.QuickSearchModule:UnityEditor.Search:ASIAI0B)
Imported 'GUID: 67db9e8f0e2ae9c40bc1e2b64352a6b4' -> (Import Result ID: 'b84771c7273a8dd550f87f54caa24fc7') in 0.006 seconds [static and dynamic dependencies]. Details - ImportResultOutputID=e8beb336b80463168174b3e9383c5972 DependenciesID=5af680984751823d89f61d90685cba07 StaticDependenciesID=24f913145b3041c74935af445675a1e7 
Number of updated asset objects reloaded before import = 0
Number of asset objects unloaded after import = 0
========================================================================
Received Import Request.
  Time of request: 2026-10-06T13:04:43.638686Z
  Time since last request: 0.0006452 seconds.
  importAddress: GUID: c825bad77a42dd341a8f0a5ef9cd5f4c - Path: Packages/com.unity.ugui/Tests/Editor/UGUI/CanvasRenderer/ChangingHierarchyOfCanvasRenderer.cs - Importer: ScriptedImporter/UnityEditor.QuickSearchModule:UnityEditor.Search:ASIAI0B
Importing 'GUID: c825bad77a42dd341a8f0a5ef9cd5f4c - Path: Packages/com.unity.ugui/Tests/Editor/UGUI/CanvasRenderer/ChangingHierarchyOfCanvasRenderer.cs - Importer: ScriptedImporter/UnityEditor.QuickSearchModule:UnityEditor.Search:ASIAI0B' with importer (ScriptedImporter : UnityEditor.QuickSearchModule:UnityEditor.Search:ASIAI0B)
Imported 'GUID: c825bad77a42dd341a8f0a5ef9cd5f4c' -> (Import Result ID: '749005c7250c7368008c73dfe3e987dc') in 0.006 seconds [static and dynamic dependencies]. Details - ImportResultOutputID=7042515f28cf6be8d68208c25eb83656 DependenciesID=15f6c6732a9d05b4f6bd30b302a25524 StaticDependenciesID=63438caedb74a036659815e1e1e4f039 
Number of updated asset objects reloaded before import = 0
Number of asset objects unloaded after import = 0
========================================================================
Received Import Request.
  Time of request: 2026-10-06T13:04:43.6457914Z
  Time since last request: 0.0005839 seconds.
  importAddress: GUID: 53ee1d135588bf447a7af7ba2e8709d7 - Path: Packages/com.unity.ugui/Tests/Runtime/UGUI/EventSystem/GraphicRaycasterButtonTests.cs - Importer: ScriptedImporter/UnityEditor.QuickSearchModule:UnityEditor.Search:ASIAI0B
Importing 'GUID: 53ee1d135588bf447a7af7ba2e8709d7 - Path: Packages/com.unity.ugui/Tests/Runtime/UGUI/EventSystem/GraphicRaycasterButtonTests.cs - Importer: ScriptedImporter/UnityEditor.QuickSearchModule:UnityEditor.Search:ASIAI0B' with importer (ScriptedImporter : UnityEditor.QuickSearchModule:UnityEditor.Search:ASIAI0B)
Imported 'GUID: 53ee1d135588bf447a7af7ba2e8709d7' -> (Import Result ID: 'fc3625bf29bb6e37011415c2f5be80c6') in 0.008 seconds [static and dynamic dependencies]. Details - ImportResultOutputID=812ce408c1a3ff5bbb36b77ef832b892 DependenciesID=3d110f24081dcac07c4abb1e3b8f55ca StaticDependenciesID=f5a4c137e7fb87c6e05fa74292d3060d 
Number of updated asset objects reloaded before import = 0
Number of asset objects unloaded after import = 0
========================================================================
Received Import Request.
  Time of request: 2026-10-06T13:04:43.6546824Z
  Time since last request: 0.0005972 seconds.
  importAddress: GUID: e6323ebef616fee4486ee155cd56d191 - Path: Packages/com.unity.ugui/Tests/Runtime/UGUI/EventSystem/GraphicRaycasterTests.cs - Importer: ScriptedImporter/UnityEditor.QuickSearchModule:UnityEditor.Search:ASIAI0B
Importing 'GUID: e6323ebef616fee4486ee155cd56d191 - Path: Packages/com.unity.ugui/Tests/Runtime/UGUI/EventSystem/GraphicRaycasterTests.cs - Importer: ScriptedImporter/UnityEditor.QuickSearchModule:UnityEditor.Search:ASIAI0B' with importer (ScriptedImporter : UnityEditor.QuickSearchModule:UnityEditor.Search:ASIAI0B)
Imported 'GUID: e6323ebef616fee4486ee155cd56d191' -> (Import Result ID: 'e4ecdbba627a0b6ffdcc2258dfbc2dd9') in 0.011 seconds [static and dynamic dependencies]. Details - ImportResultOutputID=19281c3e96763034b982df2754aea1e6 DependenciesID=0578bc5939ff8cdc1b3d6d72792da69e StaticDependenciesID=a1b1b0bd4f92a7f024dc8a83612ecf11 
Number of updated asset objects reloaded before import = 0
Number of asset objects unloaded after import = 0
========================================================================
Received Import Request.
  Time of request: 2026-10-06T13:04:43.6668614Z
  Time since last request: 0.0005346 seconds.
  importAddress: GUID: 4b8be68229770db4ea3c78ab0d854325 - Path: Packages/com.unity.ugui/Tests/Editor/UGUI/InputField/CharacterLimitValidation.cs - Importer: ScriptedImporter/UnityEditor.QuickSearchModule:UnityEditor.Search:ASIAI0B
Importing 'GUID: 4b8be68229770db4ea3c78ab0d854325 - Path: Packages/com.unity.ugui/Tests/Editor/UGUI/InputField/CharacterLimitValidation.cs - Importer: ScriptedImporter/UnityEditor.QuickSearchModule:UnityEditor.Search:ASIAI0B' with importer (ScriptedImporter : UnityEditor.QuickSearchModule:UnityEditor.Search:ASIAI0B)
Imported 'GUID: 4b8be68229770db4ea3c78ab0d854325' -> (Import Result ID: '54764bf144b8549e90bb1ad9cac104ef') in 0.008 seconds [static and dynamic dependencies]. Details - ImportResultOutputID=61ec3d3ad87e21834e12b4c5ae8f88b6 DependenciesID=1d159e3c089730d2024d448dc3921048 StaticDependenciesID=d0e10f81b084960ba1559d0016bf2e30 
Number of updated asset objects reloaded before import = 0
Number of asset objects unloaded after import = 0
========================================================================
Received Import Request.
  Time of request: 2026-10-06T13:04:43.6765496Z
  Time since last request: 0.0010416 seconds.
  importAddress: GUID: 40c83ba6a1a64cb4baac27028dd1acc1 - Path: Packages/com.unity.ugui/Tests/Runtime/UGUI/Graphic/RawImageTestHook.cs - Importer: ScriptedImporter/UnityEditor.QuickSearchModule:UnityEditor.Search:ASIAI0B
Importing 'GUID: 40c83ba6a1a64cb4baac27028dd1acc1 - Path: Packages/com.unity.ugui/Tests/Runtime/UGUI/Graphic/RawImageTestHook.cs - Importer: ScriptedImporter/UnityEditor.QuickSearchModule:UnityEditor.Search:ASIAI0B' with importer (ScriptedImporter : UnityEditor.QuickSearchModule:UnityEditor.Search:ASIAI0B)
Imported 'GUID: 40c83ba6a1a64cb4baac27028dd1acc1' -> (Import Result ID: '6a1d0e956b44fdb10a1fe25f80d00878') in 0.007 seconds [static and dynamic dependencies]. Details - ImportResultOutputID=569ff5e97d55897e209c686811ae6e00 DependenciesID=aa03de022fa60d1e7569ceaa2c994be9 StaticDependenciesID=1c202d104e321965a410067622ceee03 
Number of updated asset objects reloaded before import = 0
Number of asset objects unloaded after import = 0
========================================================================
Received Import Request.
  Time of request: 2026-10-06T13:04:43.6845376Z
  Time since last request: 0.000538 seconds.
  importAddress: GUID: fb660d86885d89a499a31c6ab6f26269 - Path: Packages/com.unity.ugui/Tests/Editor/UGUI/RectMask2D/RectTransformPosition.cs - Importer: ScriptedImporter/UnityEditor.QuickSearchModule:UnityEditor.Search:ASIAI0B
Importing 'GUID: fb660d86885d89a499a31c6ab6f26269 - Path: Packages/com.unity.ugui/Tests/Editor/UGUI/RectMask2D/RectTransformPosition.cs - Importer: ScriptedImporter/UnityEditor.QuickSearchModule:UnityEditor.Search:ASIAI0B' with importer (ScriptedImporter : UnityEditor.QuickSearchModule:UnityEditor.Search:ASIAI0B)
Imported 'GUID: fb660d86885d89a499a31c6ab6f26269' -> (Import Result ID: '5256fe177ceebf34eb88ab0bd6ec516a') in 0.008 seconds [static and dynamic dependencies]. Details - ImportResultOutputID=59b36db980dde74fd900d50f944937d4 DependenciesID=06a4d833062a8d2268259c3fbf150b94 StaticDependenciesID=a765ad01724f686fdceca490382fb14f 
Number of updated asset objects reloaded before import = 0
Number of asset objects unloaded after import = 0
========================================================================
Received Import Request.
  Time of request: 2026-10-06T13:04:43.6929996Z
  Time since last request: 0.0006104 seconds.
  importAddress: GUID: ec35c13a8280a8d4e817bc4afd8a95de - Path: Packages/com.unity.ugui/Tests/Runtime/UGUI/Canvas/CanvasSizeCorrectInAwakeAndStart.cs - Importer: ScriptedImporter/UnityEditor.QuickSearchModule:UnityEditor.Search:ASIAI0B
Importing 'GUID: ec35c13a8280a8d4e817bc4afd8a95de - Path: Packages/com.unity.ugui/Tests/Runtime/UGUI/Canvas/CanvasSizeCorrectInAwakeAndStart.cs - Importer: ScriptedImporter/UnityEditor.QuickSearchModule:UnityEditor.Search:ASIAI0B' with importer (ScriptedImporter : UnityEditor.QuickSearchModule:UnityEditor.Search:ASIAI0B)
Imported 'GUID: ec35c13a8280a8d4e817bc4afd8a95de' -> (Import Result ID: '97e1979a349cc25534fe2240527b9d8c') in 0.007 seconds [static and dynamic dependencies]. Details - ImportResultOutputID=d8f0b2aeb9ca05feef6cf8d6139d44f1 DependenciesID=8242ba8fd388b091cb22b2ec8aa5bae0 StaticDependenciesID=ae0a2cdb0bf200b2053044fb5a203884 
Number of updated asset objects reloaded before import = 0
Number of asset objects unloaded after import = 0
========================================================================
Received Import Request.
  Time of request: 2026-10-06T13:04:43.7013211Z
  Time since last request: 0.0005901 seconds.
  importAddress: GUID: dcb49b07db5e5f64e876b498105314f1 - Path: Packages/com.unity.ugui/Tests/Editor/UGUI/CanvasRenderer/ParentCanvasIsSane.cs - Importer: ScriptedImporter/UnityEditor.QuickSearchModule:UnityEditor.Search:ASIAI0B
Importing 'GUID: dcb49b07db5e5f64e876b498105314f1 - Path: Packages/com.unity.ugui/Tests/Editor/UGUI/CanvasRenderer/ParentCanvasIsSane.cs - Importer: ScriptedImporter/UnityEditor.QuickSearchModule:UnityEditor.Search:ASIAI0B' with importer (ScriptedImporter : UnityEditor.QuickSearchModule:UnityEditor.Search:ASIAI0B)
Imported 'GUID: dcb49b07db5e5f64e876b498105314f1' -> (Import Result ID: '95a9384286c1b0b053abae9369b7a064') in 0.009 seconds [static and dynamic dependencies]. Details - ImportResultOutputID=ad203bf287a0878155d848d73f32c87a DependenciesID=3a7f68b020d7df27cfd18e2fbca8237a StaticDependenciesID=b75c1a4b2ec56d2aa6226a4c407c3a9b 
Number of updated asset objects reloaded before import = 0
Number of asset objects unloaded after import = 0
========================================================================
Received Import Request.
  Time of request: 2026-10-06T13:04:43.7200192Z
  Time since last request: 0.0090557 seconds.
  importAddress: GUID: 3245ec927659c4140ac4f8d17403cc18 - Path: Packages/com.unity.ugui/Runtime/UGUI/UI/Core/Layout/ContentSizeFitter.cs - Importer: ScriptedImporter/UnityEditor.QuickSearchModule:UnityEditor.Search:ASIAI0B
Importing 'GUID: 3245ec927659c4140ac4f8d17403cc18 - Path: Packages/com.unity.ugui/Runtime/UGUI/UI/Core/Layout/ContentSizeFitter.cs - Importer: ScriptedImporter/UnityEditor.QuickSearchModule:UnityEditor.Search:ASIAI0B' with importer (ScriptedImporter : UnityEditor.QuickSearchModule:UnityEditor.Search:ASIAI0B)
Imported 'GUID: 3245ec927659c4140ac4f8d17403cc18' -> (Import Result ID: 'f0bc81c889e23a37e013d754503c9bd3') in 0.009 seconds [static and dynamic dependencies]. Details - ImportResultOutputID=dc7c33e9a9feea936d294b6065581ac9 DependenciesID=1c272b472b0c5d67733fafc98c283336 StaticDependenciesID=eccae4ff61df65337c0730791db4dd6e 
Number of updated asset objects reloaded before import = 0
Number of asset objects unloaded after import = 0
========================================================================
Received Import Request.
  Time of request: 2026-10-06T13:04:43.7299057Z
  Time since last request: 0.0005723 seconds.
  importAddress: GUID: fc34cd6ea308f3940a729e1a44cd0e82 - Path: Packages/com.unity.ugui/Tests/Runtime/UGUI/Slider/SliderTests.cs - Importer: ScriptedImporter/UnityEditor.QuickSearchModule:UnityEditor.Search:ASIAI0B
Importing 'GUID: fc34cd6ea308f3940a729e1a44cd0e82 - Path: Packages/com.unity.ugui/Tests/Runtime/UGUI/Slider/SliderTests.cs - Importer: ScriptedImporter/UnityEditor.QuickSearchModule:UnityEditor.Search:ASIAI0B' with importer (ScriptedImporter : UnityEditor.QuickSearchModule:UnityEditor.Search:ASIAI0B)
Imported 'GUID: fc34cd6ea308f3940a729e1a44cd0e82' -> (Import Result ID: 'f56ce6081202fc522d93edb95cf48fea') in 0.009 seconds [static and dynamic dependencies]. Details - ImportResultOutputID=896e2bf902f1e65ba0c642d2506ea0a7 DependenciesID=26e0785ca356fa8dd666527755e851a6 StaticDependenciesID=7289b43bf75406b6b13890f69bdfd0ab 
Number of updated asset objects reloaded before import = 0
Number of asset objects unloaded after import = 0
========================================================================
Received Import Request.
  Time of request: 2026-10-06T13:04:43.7393581Z
  Time since last request: 0.0005598 seconds.
  importAddress: GUID: 20ff4283f687e044087714f82c4d6d3f - Path: Packages/com.unity.ugui/Runtime/UGUI/UI/Core/MaterialModifiers/IMaterialModifier.cs - Importer: ScriptedImporter/UnityEditor.QuickSearchModule:UnityEditor.Search:ASIAI0B
Importing 'GUID: 20ff4283f687e044087714f82c4d6d3f - Path: Packages/com.unity.ugui/Runtime/UGUI/UI/Core/MaterialModifiers/IMaterialModifier.cs - Importer: ScriptedImporter/UnityEditor.QuickSearchModule:UnityEditor.Search:ASIAI0B' with importer (ScriptedImporter : UnityEditor.QuickSearchModule:UnityEditor.Search:ASIAI0B)
Imported 'GUID: 20ff4283f687e044087714f82c4d6d3f' -> (Import Result ID: 'b852164c4577bc3b54316dfc35bf5943') in 0.009 seconds [static and dynamic dependencies]. Details - ImportResultOutputID=d24d616f50ff91f55dcca174ef1bc326 DependenciesID=8aeeb30edca2bb04ba9c580107fb95cb StaticDependenciesID=84f9d1c157b133143d4d36faaa38353e 
Number of updated asset objects reloaded before import = 0
Number of asset objects unloaded after import = 0
========================================================================
Received Import Request.
  Time of request: 2026-10-06T13:04:43.7489633Z
  Time since last request: 0.0006143 seconds.
  importAddress: GUID: 368d3a0498e78014da578aa5f45e2797 - Path: Packages/com.unity.ugui/Runtime/UGUI/UI/Core/Layout/ILayoutElement.cs - Importer: ScriptedImporter/UnityEditor.QuickSearchModule:UnityEditor.Search:ASIAI0B
Importing 'GUID: 368d3a0498e78014da578aa5f45e2797 - Path: Packages/com.unity.ugui/Runtime/UGUI/UI/Core/Layout/ILayoutElement.cs - Importer: ScriptedImporter/UnityEditor.QuickSearchModule:UnityEditor.Search:ASIAI0B' with importer (ScriptedImporter : UnityEditor.QuickSearchModule:UnityEditor.Search:ASIAI0B)
Imported 'GUID: 368d3a0498e78014da578aa5f45e2797' -> (Import Result ID: '5f2bf6c7c19b2eb488885fcb1794e869') in 0.007 seconds [static and dynamic dependencies]. Details - ImportResultOutputID=184549cca369857411a0bb99f351c06f DependenciesID=d18d01d45b60ad5924e909f522d16f4e StaticDependenciesID=5f8579c5f7424ee8f0eb8a64129e987f 
Number of updated asset objects reloaded before import = 0
Number of asset objects unloaded after import = 0
========================================================================
Received Import Request.
  Time of request: 2026-10-06T13:04:43.7567294Z
  Time since last request: 0.0005988 seconds.
  importAddress: GUID: 020ee4c1798a3d243a4b8cbfee6cac2d - Path: Packages/com.unity.ugui/Runtime/UGUI/UI/Core/VertexModifiers/PositionAsUV1.cs - Importer: ScriptedImporter/UnityEditor.QuickSearchModule:UnityEditor.Search:ASIAI0B
Importing 'GUID: 020ee4c1798a3d243a4b8cbfee6cac2d - Path: Packages/com.unity.ugui/Runtime/UGUI/UI/Core/VertexModifiers/PositionAsUV1.cs - Importer: ScriptedImporter/UnityEditor.QuickSearchModule:UnityEditor.Search:ASIAI0B' with importer (ScriptedImporter : UnityEditor.QuickSearchModule:UnityEditor.Search:ASIAI0B)
Imported 'GUID: 020ee4c1798a3d243a4b8cbfee6cac2d' -> (Import Result ID: '90acc83f96755447519ab81b48ffcece') in 0.007 seconds [static and dynamic dependencies]. Details - ImportResultOutputID=71bcce508a5c2de091888f952f9331a6 DependenciesID=a9dbf77d9e9476df0770b1b7d2e84dc9 StaticDependenciesID=003763f46394dbb50e46add27caf80cf 
Number of updated asset objects reloaded before import = 0
Number of asset objects unloaded after import = 0
========================================================================
Received Import Request.
  Time of request: 2026-10-06T13:04:43.7644475Z
  Time since last request: 0.0006484 seconds.
  importAddress: GUID: 24c3e990929f942f9a53e298ba7caddf - Path: Packages/com.unity.ugui/Tests/Runtime/UGUI/RaycastReceiver/RaycastReceiverTests.cs - Importer: ScriptedImporter/UnityEditor.QuickSearchModule:UnityEditor.Search:ASIAI0B
Importing 'GUID: 24c3e990929f942f9a53e298ba7caddf - Path: Packages/com.unity.ugui/Tests/Runtime/UGUI/RaycastReceiver/RaycastReceiverTests.cs - Importer: ScriptedImporter/UnityEditor.QuickSearchModule:UnityEditor.Search:ASIAI0B' with importer (ScriptedImporter : UnityEditor.QuickSearchModule:UnityEditor.Search:ASIAI0B)
Imported 'GUID: 24c3e990929f942f9a53e298ba7caddf' -> (Import Result ID: '24467d8bcab332a12ddceb03b0476059') in 0.007 seconds [static and dynamic dependencies]. Details - ImportResultOutputID=a3fe62691bf5efa12faaa36cdb4f79e1 DependenciesID=494eedd9eb8ef50ef870fe266fa20772 StaticDependenciesID=7fe66d1f77dcb25e4a96ac3f3a124861 
Number of updated asset objects reloaded before import = 0
Number of asset objects unloaded after import = 0
========================================================================
Received Import Request.
  Time of request: 2026-10-06T13:04:43.7721204Z
  Time since last request: 0.0005577 seconds.
  importAddress: GUID: c606041f02fc7d542b1429806872292b - Path: Packages/com.unity.ugui/Runtime/UGUI/UI/Core/Culling/RectangularVertexClipper.cs - Importer: ScriptedImporter/UnityEditor.QuickSearchModule:UnityEditor.Search:ASIAI0B
Importing 'GUID: c606041f02fc7d542b1429806872292b - Path: Packages/com.unity.ugui/Runtime/UGUI/UI/Core/Culling/RectangularVertexClipper.cs - Importer: ScriptedImporter/UnityEditor.QuickSearchModule:UnityEditor.Search:ASIAI0B' with importer (ScriptedImporter : UnityEditor.QuickSearchModule:UnityEditor.Search:ASIAI0B)
Imported 'GUID: c606041f02fc7d542b1429806872292b' -> (Import Result ID: '30e8c58df9984c7451633d1c4da636d9') in 0.006 seconds [static and dynamic dependencies]. Details - ImportResultOutputID=2945b0c64cf6c71df14a38dc6452303d DependenciesID=66c81b8d08ebdfb1f412b3287d86adce StaticDependenciesID=951ee7a676f530f5191153a97f0d9da7 
Number of updated asset objects reloaded before import = 0
Number of asset objects unloaded after import = 0
========================================================================
Received Import Request.
  Time of request: 2026-10-06T13:04:43.7794059Z
  Time since last request: 0.0006435 seconds.
  importAddress: GUID: 8a8695521f0d02e499659fee002a26c2 - Path: Packages/com.unity.ugui/Runtime/UGUI/UI/Core/Layout/GridLayoutGroup.cs - Importer: ScriptedImporter/UnityEditor.QuickSearchModule:UnityEditor.Search:ASIAI0B
Importing 'GUID: 8a8695521f0d02e499659fee002a26c2 - Path: Packages/com.unity.ugui/Runtime/UGUI/UI/Core/Layout/GridLayoutGroup.cs - Importer: ScriptedImporter/UnityEditor.QuickSearchModule:UnityEditor.Search:ASIAI0B' with importer (ScriptedImporter : UnityEditor.QuickSearchModule:UnityEditor.Search:ASIAI0B)
Imported 'GUID: 8a8695521f0d02e499659fee002a26c2' -> (Import Result ID: 'c2b9361f88b6e7edebc5ba4b7fe1dabf') in 0.008 seconds [static and dynamic dependencies]. Details - ImportResultOutputID=e23eb5105402a5c17d6c829f1672c5bb DependenciesID=642092bbd816115200666acb98e7c141 StaticDependenciesID=c741e740c26658bba1d94faf31ed7613 
Number of updated asset objects reloaded before import = 0
Number of asset objects unloaded after import = 0
========================================================================
Received Import Request.
  Time of request: 2026-10-06T13:04:43.7881743Z
  Time since last request: 0.0005423 seconds.
  importAddress: GUID: a8604e8f13b3be84b8bc0c1507d8f3f6 - Path: Packages/com.unity.ugui/Runtime/UGUI/UI/Core/SpecializedCollections/IndexedSet.cs - Importer: ScriptedImporter/UnityEditor.QuickSearchModule:UnityEditor.Search:ASIAI0B
Importing 'GUID: a8604e8f13b3be84b8bc0c1507d8f3f6 - Path: Packages/com.unity.ugui/Runtime/UGUI/UI/Core/SpecializedCollections/IndexedSet.cs - Importer: ScriptedImporter/UnityEditor.QuickSearchModule:UnityEditor.Search:ASIAI0B' with importer (ScriptedImporter : UnityEditor.QuickSearchModule:UnityEditor.Search:ASIAI0B)
Imported 'GUID: a8604e8f13b3be84b8bc0c1507d8f3f6' -> (Import Result ID: '56fcb20e2dc93123e6837bc6140ce5cd') in 0.006 seconds [static and dynamic dependencies]. Details - ImportResultOutputID=e205051fd0ebcbfd919e0aa36bd85f38 DependenciesID=6c6472b1b668e364b7c31bcc2fb0c232 StaticDependenciesID=a0e22dabcc1d36b118a266047a4b8e4f 
Number of updated asset objects reloaded before import = 0
Number of asset objects unloaded after import = 0
========================================================================
Received Import Request.
  Time of request: 2026-10-06T13:04:43.7950895Z
  Time since last request: 0.0008031 seconds.
  importAddress: GUID: e0e4f43a3816add4c86c9671d7961f2f - Path: Packages/com.unity.ugui/Tests/Runtime/UGUI/Toggle/TestableToggleGroup.cs - Importer: ScriptedImporter/UnityEditor.QuickSearchModule:UnityEditor.Search:ASIAI0B
Importing 'GUID: e0e4f43a3816add4c86c9671d7961f2f - Path: Packages/com.unity.ugui/Tests/Runtime/UGUI/Toggle/TestableToggleGroup.cs - Importer: ScriptedImporter/UnityEditor.QuickSearchModule:UnityEditor.Search:ASIAI0B' with importer (ScriptedImporter : UnityEditor.QuickSearchModule:UnityEditor.Search:ASIAI0B)
Imported 'GUID: e0e4f43a3816add4c86c9671d7961f2f' -> (Import Result ID: '52768b95e5ba31374bd23ee62bc00937') in 0.007 seconds [static and dynamic dependencies]. Details - ImportResultOutputID=ccf90ca9e72c7590c1af36d43fc5e0b4 DependenciesID=4cc7a913afbd17308638725372c74a65 StaticDependenciesID=79b5a37d883f5dbd94d66489492daa8e 
Number of updated asset objects reloaded before import = 0
Number of asset objects unloaded after import = 0
========================================================================
Received Import Request.
  Time of request: 2026-10-06T13:04:43.8029517Z
  Time since last request: 0.0006347 seconds.
  importAddress: GUID: 433d3b96b2a40a5479d3d7d8495882ed - Path: Packages/com.unity.ugui/Tests/Editor/UGUI/UI/PropertyDrawers/PropertyDrawerTests.cs - Importer: ScriptedImporter/UnityEditor.QuickSearchModule:UnityEditor.Search:ASIAI0B
Importing 'GUID: 433d3b96b2a40a5479d3d7d8495882ed - Path: Packages/com.unity.ugui/Tests/Editor/UGUI/UI/PropertyDrawers/PropertyDrawerTests.cs - Importer: ScriptedImporter/UnityEditor.QuickSearchModule:UnityEditor.Search:ASIAI0B' with importer (ScriptedImporter : UnityEditor.QuickSearchModule:UnityEditor.Search:ASIAI0B)
Imported 'GUID: 433d3b96b2a40a5479d3d7d8495882ed' -> (Import Result ID: '22840aafa455abfe66faad633727eb7d') in 0.007 seconds [static and dynamic dependencies]. Details - ImportResultOutputID=e202dfaade8b08a398d3f7f29bed5224 DependenciesID=cf5bfa2365716e201b469eb4bf840f74 StaticDependenciesID=5dac6d4ca37fef46609984ffc7215b9b 
Number of updated asset objects reloaded before import = 0
Number of asset objects unloaded after import = 0
========================================================================
Received Import Request.
  Time of request: 2026-10-06T13:04:43.8109088Z
  Time since last request: 0.0007491 seconds.
  importAddress: GUID: 85f3c3a3c2623cd4da1661b0479e2ef2 - Path: Packages/com.unity.ugui/Runtime/UGUI/UI/Core/VertexModifiers/IMeshModifier.cs - Importer: ScriptedImporter/UnityEditor.QuickSearchModule:UnityEditor.Search:ASIAI0B
Importing 'GUID: 85f3c3a3c2623cd4da1661b0479e2ef2 - Path: Packages/com.unity.ugui/Runtime/UGUI/UI/Core/VertexModifiers/IMeshModifier.cs - Importer: ScriptedImporter/UnityEditor.QuickSearchModule:UnityEditor.Search:ASIAI0B' with importer (ScriptedImporter : UnityEditor.QuickSearchModule:UnityEditor.Search:ASIAI0B)
Imported 'GUID: 85f3c3a3c2623cd4da1661b0479e2ef2' -> (Import Result ID: '1c8991f58cf2905fe8417219c313b18c') in 0.008 seconds [static and dynamic dependencies]. Details - ImportResultOutputID=a9289ebe611da4659ceebdcee6efcbb9 DependenciesID=a426c4f448d16936a28038a2502d81a7 StaticDependenciesID=984434db92f330b6a7d24a330eb64f6f 
Number of updated asset objects reloaded before import = 0
Number of asset objects unloaded after import = 0
========================================================================
Received Import Request.
  Time of request: 2026-10-06T13:04:43.8196502Z
  Time since last request: 0.0004904 seconds.
  importAddress: GUID: 621a76c0c3927aa45aba7d2ad0c8e1c8 - Path: Packages/com.unity.ugui/Tests/Runtime/UGUI/Util/GraphicTestHelper.cs - Importer: ScriptedImporter/UnityEditor.QuickSearchModule:UnityEditor.Search:ASIAI0B
Importing 'GUID: 621a76c0c3927aa45aba7d2ad0c8e1c8 - Path: Packages/com.unity.ugui/Tests/Runtime/UGUI/Util/GraphicTestHelper.cs - Importer: ScriptedImporter/UnityEditor.QuickSearchModule:UnityEditor.Search:ASIAI0B' with importer (ScriptedImporter : UnityEditor.QuickSearchModule:UnityEditor.Search:ASIAI0B)
Imported 'GUID: 621a76c0c3927aa45aba7d2ad0c8e1c8' -> (Import Result ID: '42a059e6fc0585ed4089eafe2e161041') in 0.007 seconds [static and dynamic dependencies]. Details - ImportResultOutputID=574f0e2e77c0e1437c808d5a6d1b69e6 DependenciesID=0dfc87283a81023bfb8437471402e0cb StaticDependenciesID=c0fbafc7b2d24594a4c329fa1d79f4c9 
Number of updated asset objects reloaded before import = 0
Number of asset objects unloaded after import = 0
========================================================================
Received Import Request.
  Time of request: 2026-10-06T13:04:43.8279277Z
  Time since last request: 0.0005507 seconds.
  importAddress: GUID: 138dbec4f8742654fbceb0a19d68b9c5 - Path: Packages/com.unity.ugui/Tests/Runtime/UGUI/EventSystem/InputModuleTests/FakeBaseInput.cs - Importer: ScriptedImporter/UnityEditor.QuickSearchModule:UnityEditor.Search:ASIAI0B
Importing 'GUID: 138dbec4f8742654fbceb0a19d68b9c5 - Path: Packages/com.unity.ugui/Tests/Runtime/UGUI/EventSystem/InputModuleTests/FakeBaseInput.cs - Importer: ScriptedImporter/UnityEditor.QuickSearchModule:UnityEditor.Search:ASIAI0B' with importer (ScriptedImporter : UnityEditor.QuickSearchModule:UnityEditor.Search:ASIAI0B)
Imported 'GUID: 138dbec4f8742654fbceb0a19d68b9c5' -> (Import Result ID: '44517b8dbd702aec17b54de1639b8e15') in 0.007 seconds [static and dynamic dependencies]. Details - ImportResultOutputID=3fc77c3d1e5b9f80752396abde47c5df DependenciesID=49dbda308ff9654e64bb089b0aa83571 StaticDependenciesID=5ef9d212d944961ba87d73c8aac215d2 
Number of updated asset objects reloaded before import = 0
Number of asset objects unloaded after import = 0
========================================================================
Received Import Request.
  Time of request: 2026-10-06T13:04:43.8354591Z
  Time since last request: 0.000525 seconds.
  importAddress: GUID: 9f1026265f8e3d54fb6e9f082c43debf - Path: Packages/com.unity.ugui/Runtime/UGUI/UI/Core/Culling/ClipperRegistry.cs - Importer: ScriptedImporter/UnityEditor.QuickSearchModule:UnityEditor.Search:ASIAI0B
Importing 'GUID: 9f1026265f8e3d54fb6e9f082c43debf - Path: Packages/com.unity.ugui/Runtime/UGUI/UI/Core/Culling/ClipperRegistry.cs - Importer: ScriptedImporter/UnityEditor.QuickSearchModule:UnityEditor.Search:ASIAI0B' with importer (ScriptedImporter : UnityEditor.QuickSearchModule:UnityEditor.Search:ASIAI0B)
Imported 'GUID: 9f1026265f8e3d54fb6e9f082c43debf' -> (Import Result ID: 'a2acede4e3c2ceef53751c14306db49f') in 0.007 seconds [static and dynamic dependencies]. Details - ImportResultOutputID=de04d80cde474b564732a55faa107511 DependenciesID=0871e6e1b737df60800efe2654980767 StaticDependenciesID=6b48a5a1b5380f8cb2c8ff503997086b 
Number of updated asset objects reloaded before import = 0
Number of asset objects unloaded after import = 0
========================================================================
Received Import Request.
  Time of request: 2026-10-06T13:04:43.8429879Z
  Time since last request: 0.0006322 seconds.
  importAddress: GUID: e9cac674d67385249b2805670e618c24 - Path: Packages/com.unity.ugui/Tests/Runtime/UGUI/ScrollRect/ScrollRectScale.cs - Importer: ScriptedImporter/UnityEditor.QuickSearchModule:UnityEditor.Search:ASIAI0B
Importing 'GUID: e9cac674d67385249b2805670e618c24 - Path: Packages/com.unity.ugui/Tests/Runtime/UGUI/ScrollRect/ScrollRectScale.cs - Importer: ScriptedImporter/UnityEditor.QuickSearchModule:UnityEditor.Search:ASIAI0B' with importer (ScriptedImporter : UnityEditor.QuickSearchModule:UnityEditor.Search:ASIAI0B)
Imported 'GUID: e9cac674d67385249b2805670e618c24' -> (Import Result ID: 'e02029a315f30d22556827c77ad41ead') in 0.005 seconds [static and dynamic dependencies]. Details - ImportResultOutputID=fc8cec5ab7e7456c8bbc5028f31e27cc DependenciesID=2158858cd14c93d5d86b0638755aab35 StaticDependenciesID=a30013de95f62566113a2fcd29336792 
Number of updated asset objects reloaded before import = 0
Number of asset objects unloaded after import = 0
========================================================================
Received Import Request.
  Time of request: 2026-10-06T13:04:43.8490438Z
  Time since last request: 0.0005412 seconds.
  importAddress: GUID: cfabb0440166ab443bba8876756fdfa9 - Path: Packages/com.unity.ugui/Runtime/UGUI/UI/Core/VertexModifiers/Shadow.cs - Importer: ScriptedImporter/UnityEditor.QuickSearchModule:UnityEditor.Search:ASIAI0B
Importing 'GUID: cfabb0440166ab443bba8876756fdfa9 - Path: Packages/com.unity.ugui/Runtime/UGUI/UI/Core/VertexModifiers/Shadow.cs - Importer: ScriptedImporter/UnityEditor.QuickSearchModule:UnityEditor.Search:ASIAI0B' with importer (ScriptedImporter : UnityEditor.QuickSearchModule:UnityEditor.Search:ASIAI0B)
Imported 'GUID: cfabb0440166ab443bba8876756fdfa9' -> (Import Result ID: '073873359009cf136fc1f0c7049ad2b7') in 0.008 seconds [static and dynamic dependencies]. Details - ImportResultOutputID=4b37e41a3c008affa540c09e9c7dbf67 DependenciesID=78024fb00fd1a6f00293d9e4b39fde72 StaticDependenciesID=1bc9c96ad49a5da353b8266732562996 
Number of updated asset objects reloaded before import = 0
Number of asset objects unloaded after import = 0
========================================================================
Received Import Request.
  Time of request: 2026-10-06T13:04:43.8580437Z
  Time since last request: 0.000599 seconds.
  importAddress: GUID: 718966f960cb50643986195e5fe953ca - Path: Packages/com.unity.ugui/Runtime/UGUI/UI/Core/VertexModifiers/BaseMeshEffect.cs - Importer: ScriptedImporter/UnityEditor.QuickSearchModule:UnityEditor.Search:ASIAI0B
Importing 'GUID: 718966f960cb50643986195e5fe953ca - Path: Packages/com.unity.ugui/Runtime/UGUI/UI/Core/VertexModifiers/BaseMeshEffect.cs - Importer: ScriptedImporter/UnityEditor.QuickSearchModule:UnityEditor.Search:ASIAI0B' with importer (ScriptedImporter : UnityEditor.QuickSearchModule:UnityEditor.Search:ASIAI0B)
Imported 'GUID: 718966f960cb50643986195e5fe953ca' -> (Import Result ID: '6fdc6c580713e5b5dc0c1032ee3bba21') in 0.007 seconds [static and dynamic dependencies]. Details - ImportResultOutputID=205de5752ccf9ad7cb3de0f222a2bd13 DependenciesID=01023627689c1719d850ea63dd052c48 StaticDependenciesID=7f3bb2900d43652774ff644130f6a3da 
Number of updated asset objects reloaded before import = 0
Number of asset objects unloaded after import = 0
========================================================================
Received Import Request.
  Time of request: 2026-10-06T13:04:43.8659776Z
  Time since last request: 0.0007803 seconds.
  importAddress: GUID: be1b04bc4d8a415469493848e6501020 - Path: Packages/com.unity.ugui/Tests/Runtime/UGUI/Layout/AspectRatioFitterTests.cs - Importer: ScriptedImporter/UnityEditor.QuickSearchModule:UnityEditor.Search:ASIAI0B
Importing 'GUID: be1b04bc4d8a415469493848e6501020 - Path: Packages/com.unity.ugui/Tests/Runtime/UGUI/Layout/AspectRatioFitterTests.cs - Importer: ScriptedImporter/UnityEditor.QuickSearchModule:UnityEditor.Search:ASIAI0B' with importer (ScriptedImporter : UnityEditor.QuickSearchModule:UnityEditor.Search:ASIAI0B)
Imported 'GUID: be1b04bc4d8a415469493848e6501020' -> (Import Result ID: '46abb12d46981df30f81b3e9596e585b') in 0.007 seconds [static and dynamic dependencies]. Details - ImportResultOutputID=d4aa3f750cc239e0291d6540849c4483 DependenciesID=07b6a0bc081ea8639dc14fed823301b3 StaticDependenciesID=64955a10e97aa594706fc410c3075c8d 
Number of updated asset objects reloaded before import = 0
Number of asset objects unloaded after import = 0
========================================================================
Received Import Request.
  Time of request: 2026-10-06T13:04:43.8739387Z
  Time since last request: 0.0005274 seconds.
  importAddress: GUID: e89ff5e7c669f70409de18c9948164d4 - Path: Packages/com.unity.ugui/Tests/Runtime/UGUI/InputField/TouchInputFieldTests.cs - Importer: ScriptedImporter/UnityEditor.QuickSearchModule:UnityEditor.Search:ASIAI0B
Importing 'GUID: e89ff5e7c669f70409de18c9948164d4 - Path: Packages/com.unity.ugui/Tests/Runtime/UGUI/InputField/TouchInputFieldTests.cs - Importer: ScriptedImporter/UnityEditor.QuickSearchModule:UnityEditor.Search:ASIAI0B' with importer (ScriptedImporter : UnityEditor.QuickSearchModule:UnityEditor.Search:ASIAI0B)
Imported 'GUID: e89ff5e7c669f70409de18c9948164d4' -> (Import Result ID: 'fd50d40be309f4a91681633c53f5a6ad') in 0.005 seconds [static and dynamic dependencies]. Details - ImportResultOutputID=8d563e6c7e54e9d2fd3d4a5f9ad914ff DependenciesID=f2b048116be3c2d038f94ab62cef45a3 StaticDependenciesID=e749471138dc13d224d75bd621e4ae68 
Number of updated asset objects reloaded before import = 0
Number of asset objects unloaded after import = 0
========================================================================
Received Import Request.
  Time of request: 2026-10-06T13:04:43.8803051Z
  Time since last request: 0.0007216 seconds.
  importAddress: GUID: 589533fb2413e3e4fba7df13a6a75bf2 - Path: Packages/com.unity.ugui/Tests/Runtime/UGUI/Layout/LayoutGroupScaling.cs - Importer: ScriptedImporter/UnityEditor.QuickSearchModule:UnityEditor.Search:ASIAI0B
Importing 'GUID: 589533fb2413e3e4fba7df13a6a75bf2 - Path: Packages/com.unity.ugui/Tests/Runtime/UGUI/Layout/LayoutGroupScaling.cs - Importer: ScriptedImporter/UnityEditor.QuickSearchModule:UnityEditor.Search:ASIAI0B' with importer (ScriptedImporter : UnityEditor.QuickSearchModule:UnityEditor.Search:ASIAI0B)
Imported 'GUID: 589533fb2413e3e4fba7df13a6a75bf2' -> (Import Result ID: '49a532d4c67508038bf45f558f231a85') in 0.008 seconds [static and dynamic dependencies]. Details - ImportResultOutputID=080f60133b653ac913b75d25c8aa8cf0 DependenciesID=0cc8a4d8f22d6f31e1638ca15ef4c7e3 StaticDependenciesID=1b3986b628cfd01917e84a640ccb2d75 
Number of updated asset objects reloaded before import = 0
Number of asset objects unloaded after import = 0
========================================================================
Received Import Request.
  Time of request: 2026-10-06T13:04:43.8890005Z
  Time since last request: 0.0007356 seconds.
  importAddress: GUID: 50081206855385544a5ddd0e3b6ba9be - Path: Packages/com.unity.ugui/Tests/Runtime/UGUI/Toggle/ToggleGroupTests.cs - Importer: ScriptedImporter/UnityEditor.QuickSearchModule:UnityEditor.Search:ASIAI0B
Importing 'GUID: 50081206855385544a5ddd0e3b6ba9be - Path: Packages/com.unity.ugui/Tests/Runtime/UGUI/Toggle/ToggleGroupTests.cs - Importer: ScriptedImporter/UnityEditor.QuickSearchModule:UnityEditor.Search:ASIAI0B' with importer (ScriptedImporter : UnityEditor.QuickSearchModule:UnityEditor.Search:ASIAI0B)
Imported 'GUID: 50081206855385544a5ddd0e3b6ba9be' -> (Import Result ID: '9f4869b66b5fab7d133295857535785e') in 0.006 seconds [static and dynamic dependencies]. Details - ImportResultOutputID=e3bafc56d110cb210b045d0cc383fbe3 DependenciesID=0ce1b19baf3d1e62f235b5e04567f198 StaticDependenciesID=9d67bcfa1b2584432908cbb0a32bfe69 
Number of updated asset objects reloaded before import = 0
Number of asset objects unloaded after import = 0
========================================================================
Received Import Request.
  Time of request: 2026-10-06T13:04:43.9008212Z
  Time since last request: 0.0058924 seconds.
  importAddress: GUID: 1bd8e2f47a6c4478ab8f0ade7687e79b - Path: Packages/com.unity.multiplayer.center/Common/IOnboardingSection.cs - Importer: ScriptedImporter/UnityEditor.QuickSearchModule:UnityEditor.Search:ASIAI0B
Importing 'GUID: 1bd8e2f47a6c4478ab8f0ade7687e79b - Path: Packages/com.unity.multiplayer.center/Common/IOnboardingSection.cs - Importer: ScriptedImporter/UnityEditor.QuickSearchModule:UnityEditor.Search:ASIAI0B' with importer (ScriptedImporter : UnityEditor.QuickSearchModule:UnityEditor.Search:ASIAI0B)
Imported 'GUID: 1bd8e2f47a6c4478ab8f0ade7687e79b' -> (Import Result ID: '089a59f5144b6ada4f48e48d64aa3912') in 0.009 seconds [static and dynamic dependencies]. Details - ImportResultOutputID=141efc80dc8239a8e63081efdfe01951 DependenciesID=e3ad084a4d3ee11fb6d01e9a33ccd543 StaticDependenciesID=2057d0edb8f6a4bb0a667259fce850f9 
Number of updated asset objects reloaded before import = 0
Number of asset objects unloaded after import = 0
========================================================================
Received Import Request.
  Time of request: 2026-10-06T13:04:43.9112998Z
  Time since last request: 0.0008796 seconds.
  importAddress: GUID: 29cbd1c6a8c9419aac357b8d4edbdc84 - Path: Packages/com.unity.multiplayer.center/Tests/Editor/QuickstartTabTests.cs - Importer: ScriptedImporter/UnityEditor.QuickSearchModule:UnityEditor.Search:ASIAI0B
Importing 'GUID: 29cbd1c6a8c9419aac357b8d4edbdc84 - Path: Packages/com.unity.multiplayer.center/Tests/Editor/QuickstartTabTests.cs - Importer: ScriptedImporter/UnityEditor.QuickSearchModule:UnityEditor.Search:ASIAI0B' with importer (ScriptedImporter : UnityEditor.QuickSearchModule:UnityEditor.Search:ASIAI0B)
Imported 'GUID: 29cbd1c6a8c9419aac357b8d4edbdc84' -> (Import Result ID: 'b28fcbb964724e2b949dea2867a46824') in 0.009 seconds [static and dynamic dependencies]. Details - ImportResultOutputID=4f57ab6d2279a862c0b500618409f6b9 DependenciesID=a2f5404025c493a564b608101b6badf0 StaticDependenciesID=060226aabb1b95db40d469f3b0a455c0 
Number of updated asset objects reloaded before import = 0
Number of asset objects unloaded after import = 0
========================================================================
Received Import Request.
  Time of request: 2026-10-06T13:04:43.9215545Z
  Time since last request: 0.000837 seconds.
  importAddress: GUID: 50d5ff9fe4ab4477b7ea648da183e9d1 - Path: Packages/com.unity.multiplayer.center/Common/StyleConstants.cs - Importer: ScriptedImporter/UnityEditor.QuickSearchModule:UnityEditor.Search:ASIAI0B
Importing 'GUID: 50d5ff9fe4ab4477b7ea648da183e9d1 - Path: Packages/com.unity.multiplayer.center/Common/StyleConstants.cs - Importer: ScriptedImporter/UnityEditor.QuickSearchModule:UnityEditor.Search:ASIAI0B' with importer (ScriptedImporter : UnityEditor.QuickSearchModule:UnityEditor.Search:ASIAI0B)
Imported 'GUID: 50d5ff9fe4ab4477b7ea648da183e9d1' -> (Import Result ID: '74902e30f30b99e5f8667922d811d3f4') in 0.006 seconds [static and dynamic dependencies]. Details - ImportResultOutputID=21d20c8ac79740b7ee72026eac3c5a75 DependenciesID=4789aa3ae61b9ed8db970fea00b1a3fb StaticDependenciesID=a980a6f3abef16466f3ca6cb6efab113 
Number of updated asset objects reloaded before import = 0
Number of asset objects unloaded after import = 0
========================================================================
Received Import Request.
  Time of request: 2026-10-06T13:04:43.9285556Z
  Time since last request: 0.0005563 seconds.
  importAddress: GUID: 676a3852811f4199813ce7f6dbac6880 - Path: Packages/com.unity.multiplayer.center/Editor/Features/PackageManagement.cs - Importer: ScriptedImporter/UnityEditor.QuickSearchModule:UnityEditor.Search:ASIAI0B
Importing 'GUID: 676a3852811f4199813ce7f6dbac6880 - Path: Packages/com.unity.multiplayer.center/Editor/Features/PackageManagement.cs - Importer: ScriptedImporter/UnityEditor.QuickSearchModule:UnityEditor.Search:ASIAI0B' with importer (ScriptedImporter : UnityEditor.QuickSearchModule:UnityEditor.Search:ASIAI0B)
Imported 'GUID: 676a3852811f4199813ce7f6dbac6880' -> (Import Result ID: '9520ce5b47304946c4b213e0b0fa6131') in 0.007 seconds [static and dynamic dependencies]. Details - ImportResultOutputID=3a1c3838d4cf2dfd2a3b48e4edf84209 DependenciesID=20b83bab8845f56ba78a8b42f0e4a595 StaticDependenciesID=f714e5596de0fff63bb6e57d758d1a48 
Number of updated asset objects reloaded before import = 0
Number of asset objects unloaded after import = 0
========================================================================
Received Import Request.
  Time of request: 2026-10-06T13:04:43.936381Z
  Time since last request: 0.0008418 seconds.
  importAddress: GUID: c2c1cf24bea5410ea530b2c8a875b293 - Path: Packages/com.unity.multiplayer.center/Tests/Editor/AnalyticsUtilsTests.cs - Importer: ScriptedImporter/UnityEditor.QuickSearchModule:UnityEditor.Search:ASIAI0B
Importing 'GUID: c2c1cf24bea5410ea530b2c8a875b293 - Path: Packages/com.unity.multiplayer.center/Tests/Editor/AnalyticsUtilsTests.cs - Importer: ScriptedImporter/UnityEditor.QuickSearchModule:UnityEditor.Search:ASIAI0B' with importer (ScriptedImporter : UnityEditor.QuickSearchModule:UnityEditor.Search:ASIAI0B)
Imported 'GUID: c2c1cf24bea5410ea530b2c8a875b293' -> (Import Result ID: 'cde86554c8ab629ab47b873ac1993d0e') in 0.009 seconds [static and dynamic dependencies]. Details - ImportResultOutputID=5bf967f37785c80547b53b1ac201504b DependenciesID=caa37d15364da4f5a4051360d99747ee StaticDependenciesID=445335c174321691166478aa12c74272 
Number of updated asset objects reloaded before import = 0
Number of asset objects unloaded after import = 0
========================================================================
Received Import Request.
  Time of request: 2026-10-06T13:04:43.9462121Z
  Time since last request: 0.0006387 seconds.
  importAddress: GUID: fcbb62ff857b4cf49e74f5f9aca6e8d6 - Path: Packages/com.unity.multiplayer.center/Editor/OnBoarding/SectionsFinder.cs - Importer: ScriptedImporter/UnityEditor.QuickSearchModule:UnityEditor.Search:ASIAI0B
Importing 'GUID: fcbb62ff857b4cf49e74f5f9aca6e8d6 - Path: Packages/com.unity.multiplayer.center/Editor/OnBoarding/SectionsFinder.cs - Importer: ScriptedImporter/UnityEditor.QuickSearchModule:UnityEditor.Search:ASIAI0B' with importer (ScriptedImporter : UnityEditor.QuickSearchModule:UnityEditor.Search:ASIAI0B)
Imported 'GUID: fcbb62ff857b4cf49e74f5f9aca6e8d6' -> (Import Result ID: '03fdca0da5e2361835b065bd941ee0be') in 0.008 seconds [static and dynamic dependencies]. Details - ImportResultOutputID=bf5af539cd7d0c2164cba8a5166988c3 DependenciesID=4906c8633aac76ea55edccf0f3087fc9 StaticDependenciesID=f60bcf4ea36dafd1421e7f655d485025 
Number of updated asset objects reloaded before import = 0
Number of asset objects unloaded after import = 0
========================================================================
Received Import Request.
  Time of request: 2026-10-06T13:04:43.9547566Z
  Time since last request: 0.0006012 seconds.
  importAddress: GUID: 51566b3736df4282bbe76645014b0cc5 - Path: Packages/com.unity.multiplayer.center/Editor/AssemblyInfo.cs - Importer: ScriptedImporter/UnityEditor.QuickSearchModule:UnityEditor.Search:ASIAI0B
Importing 'GUID: 51566b3736df4282bbe76645014b0cc5 - Path: Packages/com.unity.multiplayer.center/Editor/AssemblyInfo.cs - Importer: ScriptedImporter/UnityEditor.QuickSearchModule:UnityEditor.Search:ASIAI0B' with importer (ScriptedImporter : UnityEditor.QuickSearchModule:UnityEditor.Search:ASIAI0B)
Imported 'GUID: 51566b3736df4282bbe76645014b0cc5' -> (Import Result ID: '5829ef80faac3cd9deb82384001f0f7c') in 0.008 seconds [static and dynamic dependencies]. Details - ImportResultOutputID=5446e214612673c7a09dc24580dd5446 DependenciesID=3ee774c3f2caa827f0bc10e9dbbceceb StaticDependenciesID=991c344acc7b04b98731622b67447235 
Number of updated asset objects reloaded before import = 0
Number of asset objects unloaded after import = 0
========================================================================
Received Import Request.
  Time of request: 2026-10-06T13:04:43.9633491Z
  Time since last request: 0.0006045 seconds.
  importAddress: GUID: 3bbd27b3dd7be4a74aeab8da6b0af5cc - Path: Packages/com.unity.multiplayer.center/CHANGELOG.md - Importer: ScriptedImporter/UnityEditor.QuickSearchModule:UnityEditor.Search:ASIAI0B
Importing 'GUID: 3bbd27b3dd7be4a74aeab8da6b0af5cc - Path: Packages/com.unity.multiplayer.center/CHANGELOG.md - Importer: ScriptedImporter/UnityEditor.QuickSearchModule:UnityEditor.Search:ASIAI0B' with importer (ScriptedImporter : UnityEditor.QuickSearchModule:UnityEditor.Search:ASIAI0B)
Imported 'GUID: 3bbd27b3dd7be4a74aeab8da6b0af5cc' -> (Import Result ID: '78e8cebe59412b65df9ec1ffb1db1cf6') in 0.009 seconds [static and dynamic dependencies]. Details - ImportResultOutputID=664431e88b556c0bb25e9f70a3095f21 DependenciesID=857fb73b9271d3419556cb433f612284 StaticDependenciesID=83a06dd8920033ed46ac346590fd3dff 
Number of updated asset objects reloaded before import = 0
Number of asset objects unloaded after import = 1
========================================================================
Received Import Request.
  Time of request: 2026-10-06T13:04:43.9730832Z
  Time since last request: 0.0007381 seconds.
  importAddress: GUID: 0ddc3b8a12c84454b04e4d6bdd88241c - Path: Packages/com.unity.multiplayer.center/Editor/Recommendations/RecommendationViewData.cs - Importer: ScriptedImporter/UnityEditor.QuickSearchModule:UnityEditor.Search:ASIAI0B
Importing 'GUID: 0ddc3b8a12c84454b04e4d6bdd88241c - Path: Packages/com.unity.multiplayer.center/Editor/Recommendations/RecommendationViewData.cs - Importer: ScriptedImporter/UnityEditor.QuickSearchModule:UnityEditor.Search:ASIAI0B' with importer (ScriptedImporter : UnityEditor.QuickSearchModule:UnityEditor.Search:ASIAI0B)
Imported 'GUID: 0ddc3b8a12c84454b04e4d6bdd88241c' -> (Import Result ID: '5f972e94940274ac98813a3257294aa8') in 0.007 seconds [static and dynamic dependencies]. Details - ImportResultOutputID=7f5883fb972687762c9d46a0992343b9 DependenciesID=313bcdd783916e37ccb2c610166661ba StaticDependenciesID=7b088d5abd726ff122ba338f0ecf76c6 
Number of updated asset objects reloaded before import = 0
Number of asset objects unloaded after import = 0
========================================================================
Received Import Request.
  Time of request: 2026-10-06T13:04:43.9806015Z
  Time since last request: 0.0006753 seconds.
  importAddress: GUID: 89b6d933e4994d0980f6b48dc2b8779c - Path: Packages/com.unity.multiplayer.center/Common/AnswerData.cs - Importer: ScriptedImporter/UnityEditor.QuickSearchModule:UnityEditor.Search:ASIAI0B
Importing 'GUID: 89b6d933e4994d0980f6b48dc2b8779c - Path: Packages/com.unity.multiplayer.center/Common/AnswerData.cs - Importer: ScriptedImporter/UnityEditor.QuickSearchModule:UnityEditor.Search:ASIAI0B' with importer (ScriptedImporter : UnityEditor.QuickSearchModule:UnityEditor.Search:ASIAI0B)
Imported 'GUID: 89b6d933e4994d0980f6b48dc2b8779c' -> (Import Result ID: '7f6a3a7c8935da365017f31a7e65bac9') in 0.008 seconds [static and dynamic dependencies]. Details - ImportResultOutputID=ae4db7845dfdfce5cc306289982ff020 DependenciesID=93ee737e7e9ebcf3f6322f10d8dacc80 StaticDependenciesID=9a09c9e775aef6df108beb883b249c97 
Number of updated asset objects reloaded before import = 0
Number of asset objects unloaded after import = 0
========================================================================
Received Import Request.
  Time of request: 2026-10-06T13:04:43.9889931Z
  Time since last request: 0.0005596 seconds.
  importAddress: GUID: c359bcaf4a0bc4040aac650bf14ec619 - Path: Packages/com.unity.multiplayer.center/README.md - Importer: ScriptedImporter/UnityEditor.QuickSearchModule:UnityEditor.Search:ASIAI0B
Importing 'GUID: c359bcaf4a0bc4040aac650bf14ec619 - Path: Packages/com.unity.multiplayer.center/README.md - Importer: ScriptedImporter/UnityEditor.QuickSearchModule:UnityEditor.Search:ASIAI0B' with importer (ScriptedImporter : UnityEditor.QuickSearchModule:UnityEditor.Search:ASIAI0B)
Imported 'GUID: c359bcaf4a0bc4040aac650bf14ec619' -> (Import Result ID: 'a8b80c1256700635cca49b62ff11e5e3') in 0.007 seconds [static and dynamic dependencies]. Details - ImportResultOutputID=b722c75ab644c67dee9844b685c6bb17 DependenciesID=f3b7bbc8b9e8c928deabb1593ce2cea4 StaticDependenciesID=6e14c4c77335b847d8abaed8e93f15bb 
Number of updated asset objects reloaded before import = 0
Number of asset objects unloaded after import = 1
========================================================================
Received Import Request.
  Time of request: 2026-10-06T13:04:43.9971211Z
  Time since last request: 0.0005883 seconds.
  importAddress: GUID: b46a48f780f84026b9d1e73ee1b0121d - Path: Packages/com.unity.multiplayer.center/Editor/Recommendations/RecommendationType.cs - Importer: ScriptedImporter/UnityEditor.QuickSearchModule:UnityEditor.Search:ASIAI0B
Importing 'GUID: b46a48f780f84026b9d1e73ee1b0121d - Path: Packages/com.unity.multiplayer.center/Editor/Recommendations/RecommendationType.cs - Importer: ScriptedImporter/UnityEditor.QuickSearchModule:UnityEditor.Search:ASIAI0B' with importer (ScriptedImporter : UnityEditor.QuickSearchModule:UnityEditor.Search:ASIAI0B)
Imported 'GUID: b46a48f780f84026b9d1e73ee1b0121d' -> (Import Result ID: '550d58158b754895202732012c94f258') in 0.005 seconds [static and dynamic dependencies]. Details - ImportResultOutputID=caad3cebe61c312b35fb63f3726c3db4 DependenciesID=d341e431c7552337c7c606fd9ac9c99d StaticDependenciesID=e8a2bd8b9f7e20f529a556a586753443 
Number of updated asset objects reloaded before import = 0
Number of asset objects unloaded after import = 0
========================================================================
Received Import Request.
  Time of request: 2026-10-06T13:04:44.0035448Z
  Time since last request: 0.0007086 seconds.
  importAddress: GUID: df0857f6a11054383be91b1f8e1b5800 - Path: Packages/com.unity.multiplayer.center/package.json - Importer: ScriptedImporter/UnityEditor.QuickSearchModule:UnityEditor.Search:ASIAI0B
Importing 'GUID: df0857f6a11054383be91b1f8e1b5800 - Path: Packages/com.unity.multiplayer.center/package.json - Importer: ScriptedImporter/UnityEditor.QuickSearchModule:UnityEditor.Search:ASIAI0B' with importer (ScriptedImporter : UnityEditor.QuickSearchModule:UnityEditor.Search:ASIAI0B)
Imported 'GUID: df0857f6a11054383be91b1f8e1b5800' -> (Import Result ID: '94ce6f198b723b6dc18fe9053ad75342') in 0.008 seconds [static and dynamic dependencies]. Details - ImportResultOutputID=e3861656c5371e9053cbfbda50f1e10d DependenciesID=21f2a2f375a15ce1a59dd963c480df8f StaticDependenciesID=20fb40fcd632027c3956c9fde0b57545 
Number of updated asset objects reloaded before import = 0
Number of asset objects unloaded after import = 1
========================================================================
Received Import Request.
  Time of request: 2026-10-06T13:04:44.0123416Z
  Time since last request: 0.0006815 seconds.
  importAddress: GUID: eb4fb871430ff484e9ee3850946c504d - Path: Packages/com.unity.ugui/Tests/Runtime/UGUI/EventSystem/InputModuleTests/PointerEnterCallbackCheck.cs - Importer: ScriptedImporter/UnityEditor.QuickSearchModule:UnityEditor.Search:ASIAI0B
Importing 'GUID: eb4fb871430ff484e9ee3850946c504d - Path: Packages/com.unity.ugui/Tests/Runtime/UGUI/EventSystem/InputModuleTests/PointerEnterCallbackCheck.cs - Importer: ScriptedImporter/UnityEditor.QuickSearchModule:UnityEditor.Search:ASIAI0B' with importer (ScriptedImporter : UnityEditor.QuickSearchModule:UnityEditor.Search:ASIAI0B)
Imported 'GUID: eb4fb871430ff484e9ee3850946c504d' -> (Import Result ID: '0eb5e32361c2b1da2ad47d98d885324c') in 0.008 seconds [static and dynamic dependencies]. Details - ImportResultOutputID=5cec602037e1dc516decab7eea0564c9 DependenciesID=d0849fb315a2b58d0042d38f49c6f3d2 StaticDependenciesID=4a5fe75f86290c5f8129f9da82d9565b 
Number of updated asset objects reloaded before import = 0
Number of asset objects unloaded after import = 0
========================================================================
Received Import Request.
  Time of request: 2026-10-06T13:04:44.0214733Z
  Time since last request: 0.0006532 seconds.
  importAddress: GUID: f526d484b0c04a1896c469f31c713786 - Path: Packages/com.unity.multiplayer.center/Editor/Recommendations/Scoring.cs - Importer: ScriptedImporter/UnityEditor.QuickSearchModule:UnityEditor.Search:ASIAI0B
Importing 'GUID: f526d484b0c04a1896c469f31c713786 - Path: Packages/com.unity.multiplayer.center/Editor/Recommendations/Scoring.cs - Importer: ScriptedImporter/UnityEditor.QuickSearchModule:UnityEditor.Search:ASIAI0B' with importer (ScriptedImporter : UnityEditor.QuickSearchModule:UnityEditor.Search:ASIAI0B)
Imported 'GUID: f526d484b0c04a1896c469f31c713786' -> (Import Result ID: 'c48bbf9047e340ca6c35b56123ffb2bf') in 0.006 seconds [static and dynamic dependencies]. Details - ImportResultOutputID=e4dae684570c8ee2f067d287e4f87c24 DependenciesID=6ef63c60dcaf52cd8e0a392ee08c15ef StaticDependenciesID=eb8d61be74a7a97786e6d698354a52e6 
Number of updated asset objects reloaded before import = 0
Number of asset objects unloaded after import = 0
========================================================================
Received Import Request.
  Time of request: 2026-10-06T13:04:44.0285666Z
  Time since last request: 0.0005678 seconds.
  importAddress: GUID: d1084186a4004823abee9b87c8ddf198 - Path: Packages/com.unity.multiplayer.center/Editor/MultiplayerCenterWindow/RecommendationViewBottomBar.cs - Importer: ScriptedImporter/UnityEditor.QuickSearchModule:UnityEditor.Search:ASIAI0B
Importing 'GUID: d1084186a4004823abee9b87c8ddf198 - Path: Packages/com.unity.multiplayer.center/Editor/MultiplayerCenterWindow/RecommendationViewBottomBar.cs - Importer: ScriptedImporter/UnityEditor.QuickSearchModule:UnityEditor.Search:ASIAI0B' with importer (ScriptedImporter : UnityEditor.QuickSearchModule:UnityEditor.Search:ASIAI0B)
Imported 'GUID: d1084186a4004823abee9b87c8ddf198' -> (Import Result ID: '6cbf7143cfcdf5dea36b7d9f4bef9481') in 0.007 seconds [static and dynamic dependencies]. Details - ImportResultOutputID=9700cb0931a8b5c28f53ca063d04b82e DependenciesID=45c105716ccbb34ff68ca2530e951116 StaticDependenciesID=17d0a1631d1dc741c13b832a73b7923e 
Number of updated asset objects reloaded before import = 0
Number of asset objects unloaded after import = 0
========================================================================
Received Import Request.
  Time of request: 2026-10-06T13:04:44.0365318Z
  Time since last request: 0.0006491 seconds.
  importAddress: GUID: ec737041edec4a5b93f7953a6ffe9f06 - Path: Packages/com.unity.multiplayer.center/Common/SelectedSolutionsData.cs - Importer: ScriptedImporter/UnityEditor.QuickSearchModule:UnityEditor.Search:ASIAI0B
Importing 'GUID: ec737041edec4a5b93f7953a6ffe9f06 - Path: Packages/com.unity.multiplayer.center/Common/SelectedSolutionsData.cs - Importer: ScriptedImporter/UnityEditor.QuickSearchModule:UnityEditor.Search:ASIAI0B' with importer (ScriptedImporter : UnityEditor.QuickSearchModule:UnityEditor.Search:ASIAI0B)
Imported 'GUID: ec737041edec4a5b93f7953a6ffe9f06' -> (Import Result ID: 'f80c7164c4b7545c070f95f2d3edd438') in 0.007 seconds [static and dynamic dependencies]. Details - ImportResultOutputID=d3624fdd563ff759f824c5c443732fa2 DependenciesID=a7996a0731b420d7b2ad6083ff3f1662 StaticDependenciesID=1a95b267593e5c71e03af3fb8924576e 
Number of updated asset objects reloaded before import = 0
Number of asset objects unloaded after import = 0
========================================================================
Received Import Request.
  Time of request: 2026-10-06T13:04:44.0441535Z
  Time since last request: 0.0005307 seconds.
  importAddress: GUID: 1b6246f2248883964991eac9e9b4817c - Path: Packages/com.unity.modules.umbra/package.ModuleCompilationTrigger - Importer: ScriptedImporter/UnityEditor.QuickSearchModule:UnityEditor.Search:ASIAI0B
Importing 'GUID: 1b6246f2248883964991eac9e9b4817c - Path: Packages/com.unity.modules.umbra/package.ModuleCompilationTrigger - Importer: ScriptedImporter/UnityEditor.QuickSearchModule:UnityEditor.Search:ASIAI0B' with importer (ScriptedImporter : UnityEditor.QuickSearchModule:UnityEditor.Search:ASIAI0B)
Imported 'GUID: 1b6246f2248883964991eac9e9b4817c' -> (Import Result ID: '6d4ab95b67fe754edb1f188fb5043263') in 0.007 seconds [static and dynamic dependencies]. Details - ImportResultOutputID=f7cc2a467d648b5c7d6f4afbfb4837d5 DependenciesID=9279a21be1e1edb4ab0f880ec58fd2e8 StaticDependenciesID=e06c91cb5e498cfc7dc997e5d37f5dba 
Number of updated asset objects reloaded before import = 0
Number of asset objects unloaded after import = 1
========================================================================
Received Import Request.
  Time of request: 2026-10-06T13:04:44.0524062Z
  Time since last request: 0.0005373 seconds.
  importAddress: GUID: dd20f32039084a12a8e48dffd4d58f48 - Path: Packages/com.unity.multiplayer.center/Editor/Analytics/DebugAnalytics.cs - Importer: ScriptedImporter/UnityEditor.QuickSearchModule:UnityEditor.Search:ASIAI0B
Importing 'GUID: dd20f32039084a12a8e48dffd4d58f48 - Path: Packages/com.unity.multiplayer.center/Editor/Analytics/DebugAnalytics.cs - Importer: ScriptedImporter/UnityEditor.QuickSearchModule:UnityEditor.Search:ASIAI0B' with importer (ScriptedImporter : UnityEditor.QuickSearchModule:UnityEditor.Search:ASIAI0B)
Imported 'GUID: dd20f32039084a12a8e48dffd4d58f48' -> (Import Result ID: 'ca3caf690ab5a6f51480fe58cc8ddf95') in 0.007 seconds [static and dynamic dependencies]. Details - ImportResultOutputID=016a96ce10c8506cec9da6c4ebeafe3d DependenciesID=315f8114095714e9fe2ee18520362805 StaticDependenciesID=8bac49e52ff77d061ffa2e91342259dc 
Number of updated asset objects reloaded before import = 0
Number of asset objects unloaded after import = 0
========================================================================
Received Import Request.
  Time of request: 2026-10-06T13:04:44.060317Z
  Time since last request: 0.0007623 seconds.
  importAddress: GUID: ea491f91a8b84866ad13371715bf90c8 - Path: Packages/com.unity.multiplayer.center/Tests/Editor/LogicTests.cs - Importer: ScriptedImporter/UnityEditor.QuickSearchModule:UnityEditor.Search:ASIAI0B
Importing 'GUID: ea491f91a8b84866ad13371715bf90c8 - Path: Packages/com.unity.multiplayer.center/Tests/Editor/LogicTests.cs - Importer: ScriptedImporter/UnityEditor.QuickSearchModule:UnityEditor.Search:ASIAI0B' with importer (ScriptedImporter : UnityEditor.QuickSearchModule:UnityEditor.Search:ASIAI0B)
Imported 'GUID: ea491f91a8b84866ad13371715bf90c8' -> (Import Result ID: 'a6f65d6d22bf2157aea661e34347be5e') in 0.006 seconds [static and dynamic dependencies]. Details - ImportResultOutputID=74335072e45b0004b16f8ce54038d0b3 DependenciesID=7f2afba13a56e00c91af188d8dcb0428 StaticDependenciesID=93c5ee8944326fc661df83ccec71a922 
Number of updated asset objects reloaded before import = 0
Number of asset objects unloaded after import = 0
========================================================================
Received Import Request.
  Time of request: 2026-10-06T13:04:44.0666878Z
  Time since last request: 0.000495 seconds.
  importAddress: GUID: 322b0121d39f45208a3d933e6926a9d8 - Path: Packages/com.unity.multiplayer.center/Editor/OnBoarding/QuickstartPackageHandling.cs - Importer: ScriptedImporter/UnityEditor.QuickSearchModule:UnityEditor.Search:ASIAI0B
Importing 'GUID: 322b0121d39f45208a3d933e6926a9d8 - Path: Packages/com.unity.multiplayer.center/Editor/OnBoarding/QuickstartPackageHandling.cs - Importer: ScriptedImporter/UnityEditor.QuickSearchModule:UnityEditor.Search:ASIAI0B' with importer (ScriptedImporter : UnityEditor.QuickSearchModule:UnityEditor.Search:ASIAI0B)
Imported 'GUID: 322b0121d39f45208a3d933e6926a9d8' -> (Import Result ID: '923219669d2ff0ca28c6d7487b3eec77') in 0.008 seconds [static and dynamic dependencies]. Details - ImportResultOutputID=c9c1e845babad044d7e439a83772597b DependenciesID=07fb9ab1c926ad1853f3d40c6a09328e StaticDependenciesID=ea30257ff9dc3b07aa9383d9cffff8a1 
Number of updated asset objects reloaded before import = 0
Number of asset objects unloaded after import = 0
========================================================================
Received Import Request.
  Time of request: 2026-10-06T13:04:44.0815258Z
  Time since last request: 0.0068623 seconds.
  importAddress: GUID: 525a6cca8dd9a4d28875a8fe824710d9 - Path: Packages/com.unity.multiplayer.center/Editor/MultiplayerCenterWindow/UI/Icons/d_Package.png - Importer: ScriptedImporter/UnityEditor.QuickSearchModule:UnityEditor.Search:ASIAI0B
Importing 'GUID: 525a6cca8dd9a4d28875a8fe824710d9 - Path: Packages/com.unity.multiplayer.center/Editor/MultiplayerCenterWindow/UI/Icons/d_Package.png - Importer: ScriptedImporter/UnityEditor.QuickSearchModule:UnityEditor.Search:ASIAI0B' with importer (ScriptedImporter : UnityEditor.QuickSearchModule:UnityEditor.Search:ASIAI0B)
Imported 'GUID: 525a6cca8dd9a4d28875a8fe824710d9' -> (Import Result ID: 'dfb59592432f6ea42c5615eac951e71b') in 0.012 seconds [static and dynamic dependencies]. Details - ImportResultOutputID=fb6faf4c5472924af31bc4e7945bd336 DependenciesID=897d635fd5054625c92b2367ae2be3f3 StaticDependenciesID=5416d9e8c5a79c4b56b91b3e674d8e70 
Number of updated asset objects reloaded before import = 0
Number of asset objects unloaded after import = 1
========================================================================
Received Import Request.
  Time of request: 2026-10-06T13:04:44.0946359Z
  Time since last request: 0.0005667 seconds.
  importAddress: GUID: 679f9999c6f8f497e806a2d5d0511879 - Path: Packages/com.unity.multiplayer.center/Editor/MultiplayerCenterWindow/UI/Icons/PackageManager.png - Importer: ScriptedImporter/UnityEditor.QuickSearchModule:UnityEditor.Search:ASIAI0B
Importing 'GUID: 679f9999c6f8f497e806a2d5d0511879 - Path: Packages/com.unity.multiplayer.center/Editor/MultiplayerCenterWindow/UI/Icons/PackageManager.png - Importer: ScriptedImporter/UnityEditor.QuickSearchModule:UnityEditor.Search:ASIAI0B' with importer (ScriptedImporter : UnityEditor.QuickSearchModule:UnityEditor.Search:ASIAI0B)
Imported 'GUID: 679f9999c6f8f497e806a2d5d0511879' -> (Import Result ID: 'dc439c30348ab53f0ffc37e3a9177c15') in 0.013 seconds [static and dynamic dependencies]. Details - ImportResultOutputID=0a07b0ba24dd1e2cc43cbf93995ce01d DependenciesID=dcf115bdf58ae090652d1fc6729df265 StaticDependenciesID=583aa5f31f73d70eff4bb3713d968ae3 
Number of updated asset objects reloaded before import = 0
Number of asset objects unloaded after import = 1
========================================================================
Received Import Request.
  Time of request: 2026-10-06T13:04:44.1084135Z
  Time since last request: 0.000498 seconds.
  importAddress: GUID: ad1d29f4654194951a3c8bf507914d05 - Path: Packages/com.unity.multiplayer.center/Editor/MultiplayerCenterWindow/UI/Icons/CloudCode.png - Importer: ScriptedImporter/UnityEditor.QuickSearchModule:UnityEditor.Search:ASIAI0B
Importing 'GUID: ad1d29f4654194951a3c8bf507914d05 - Path: Packages/com.unity.multiplayer.center/Editor/MultiplayerCenterWindow/UI/Icons/CloudCode.png - Importer: ScriptedImporter/UnityEditor.QuickSearchModule:UnityEditor.Search:ASIAI0B' with importer (ScriptedImporter : UnityEditor.QuickSearchModule:UnityEditor.Search:ASIAI0B)
Imported 'GUID: ad1d29f4654194951a3c8bf507914d05' -> (Import Result ID: '335db6f0dddcc8cba30a8b53832fdc75') in 0.013 seconds [static and dynamic dependencies]. Details - ImportResultOutputID=4f16a40ef0741f9f22b3cd7fa2e95f0c DependenciesID=62c451b92f1f10ea0bd9be2261a33cb7 StaticDependenciesID=ae7c9fcbc9de3a7d130f2b0db04bab73 
Number of updated asset objects reloaded before import = 0
Number of asset objects unloaded after import = 1
========================================================================
Received Import Request.
  Time of request: 2026-10-06T13:04:44.1223828Z
  Time since last request: 0.0005443 seconds.
  importAddress: GUID: d7711b0cc806d430b8a95f1e33ec3649 - Path: Packages/com.unity.multiplayer.center/Editor/MultiplayerCenterWindow/UI/Icons/CustomNetcode@2x.png - Importer: ScriptedImporter/UnityEditor.QuickSearchModule:UnityEditor.Search:ASIAI0B
Importing 'GUID: d7711b0cc806d430b8a95f1e33ec3649 - Path: Packages/com.unity.multiplayer.center/Editor/MultiplayerCenterWindow/UI/Icons/CustomNetcode@2x.png - Importer: ScriptedImporter/UnityEditor.QuickSearchModule:UnityEditor.Search:ASIAI0B' with importer (ScriptedImporter : UnityEditor.QuickSearchModule:UnityEditor.Search:ASIAI0B)
Imported 'GUID: d7711b0cc806d430b8a95f1e33ec3649' -> (Import Result ID: '5f9ef27a662d2b5db11a5708d61fe92f') in 0.011 seconds [static and dynamic dependencies]. Details - ImportResultOutputID=7c8b3de8773ad1fe5dbc46d1fef6c9d4 DependenciesID=b209ec864ebb2467cf38a2220d9b252b StaticDependenciesID=0b8c1015639ea8980a270defd400fd4e 
Number of updated asset objects reloaded before import = 0
Number of asset objects unloaded after import = 1
========================================================================
Received Import Request.
  Time of request: 2026-10-06T13:04:44.1347856Z
  Time since last request: 0.0005623 seconds.
  importAddress: GUID: 0d9328c739784454ad03d404f395a0ab - Path: Packages/com.unity.multiplayer.center/Editor/MultiplayerCenterWindow/UI/ViewUtils.cs - Importer: ScriptedImporter/UnityEditor.QuickSearchModule:UnityEditor.Search:ASIAI0B
Importing 'GUID: 0d9328c739784454ad03d404f395a0ab - Path: Packages/com.unity.multiplayer.center/Editor/MultiplayerCenterWindow/UI/ViewUtils.cs - Importer: ScriptedImporter/UnityEditor.QuickSearchModule:UnityEditor.Search:ASIAI0B' with importer (ScriptedImporter : UnityEditor.QuickSearchModule:UnityEditor.Search:ASIAI0B)
Imported 'GUID: 0d9328c739784454ad03d404f395a0ab' -> (Import Result ID: 'e0cee3c3a0a5f5ca372589c82e831731') in 0.006 seconds [static and dynamic dependencies]. Details - ImportResultOutputID=fd87d5f73c0c86bb1051a744befa2ecc DependenciesID=8a40d6cb17c552b6e35a6a3afd713781 StaticDependenciesID=5521d5118a6d6a726b18b4ae801a5723 
Number of updated asset objects reloaded before import = 0
Number of asset objects unloaded after import = 0
========================================================================
Received Import Request.
  Time of request: 2026-10-06T13:04:44.1420124Z
  Time since last request: 0.0005705 seconds.
  importAddress: GUID: 424a8de5def3b46dcb08edd00ad1c7bd - Path: Packages/com.unity.multiplayer.center/Editor/MultiplayerCenterWindow/UI/Icons/Loading.png - Importer: ScriptedImporter/UnityEditor.QuickSearchModule:UnityEditor.Search:ASIAI0B
Importing 'GUID: 424a8de5def3b46dcb08edd00ad1c7bd - Path: Packages/com.unity.multiplayer.center/Editor/MultiplayerCenterWindow/UI/Icons/Loading.png - Importer: ScriptedImporter/UnityEditor.QuickSearchModule:UnityEditor.Search:ASIAI0B' with importer (ScriptedImporter : UnityEditor.QuickSearchModule:UnityEditor.Search:ASIAI0B)
Imported 'GUID: 424a8de5def3b46dcb08edd00ad1c7bd' -> (Import Result ID: 'adfce6c88e145d7af4279fcf78942445') in 0.012 seconds [static and dynamic dependencies]. Details - ImportResultOutputID=0d9cf592c6b8ab38d10aa04ee0e12aad DependenciesID=9c9e1147231a76a1e866d51c75c4964b StaticDependenciesID=a113de49139d94e7b3d884910f075426 
Number of updated asset objects reloaded before import = 0
Number of asset objects unloaded after import = 1
========================================================================
Received Import Request.
  Time of request: 2026-10-06T13:04:44.154585Z
  Time since last request: 0.0005949 seconds.
  importAddress: GUID: c3d3226643b94888b02e25de0a9de55f - Path: Packages/com.unity.multiplayer.center/Tests/Editor/UserVisibleTextTests.cs - Importer: ScriptedImporter/UnityEditor.QuickSearchModule:UnityEditor.Search:ASIAI0B
Importing 'GUID: c3d3226643b94888b02e25de0a9de55f - Path: Packages/com.unity.multiplayer.center/Tests/Editor/UserVisibleTextTests.cs - Importer: ScriptedImporter/UnityEditor.QuickSearchModule:UnityEditor.Search:ASIAI0B' with importer (ScriptedImporter : UnityEditor.QuickSearchModule:UnityEditor.Search:ASIAI0B)
Imported 'GUID: c3d3226643b94888b02e25de0a9de55f' -> (Import Result ID: 'bece85526f0d82c2a9fccffc1a6198a6') in 0.006 seconds [static and dynamic dependencies]. Details - ImportResultOutputID=5dd1c411d8f03ac60419fe4531db990b DependenciesID=75721636b660d5b6881b952c9df2fbb8 StaticDependenciesID=d7da8d4842cb39b88ea2ac0bada9e21f 
Number of updated asset objects reloaded before import = 0
Number of asset objects unloaded after import = 0
========================================================================
Received Import Request.
  Time of request: 2026-10-06T13:04:44.1620036Z
  Time since last request: 0.0006955 seconds.
  importAddress: GUID: e4439b4b4bb24a5eb61c59c5a67aa5a0 - Path: Packages/com.unity.multiplayer.center/Editor/MultiplayerCenterWindow/UI/QuestionViewFactory.cs - Importer: ScriptedImporter/UnityEditor.QuickSearchModule:UnityEditor.Search:ASIAI0B
Importing 'GUID: e4439b4b4bb24a5eb61c59c5a67aa5a0 - Path: Packages/com.unity.multiplayer.center/Editor/MultiplayerCenterWindow/UI/QuestionViewFactory.cs - Importer: ScriptedImporter/UnityEditor.QuickSearchModule:UnityEditor.Search:ASIAI0B' with importer (ScriptedImporter : UnityEditor.QuickSearchModule:UnityEditor.Search:ASIAI0B)
Imported 'GUID: e4439b4b4bb24a5eb61c59c5a67aa5a0' -> (Import Result ID: 'f0646d02aee10b9f175bf96683810b14') in 0.007 seconds [static and dynamic dependencies]. Details - ImportResultOutputID=231cc072b813dedd84743df953726a34 DependenciesID=a47c1e6227d10336b727da1c250fb09c StaticDependenciesID=2f7a3fe5059dbafe349746b2832934ef 
Number of updated asset objects reloaded before import = 0
Number of asset objects unloaded after import = 0
========================================================================
Received Import Request.
  Time of request: 2026-10-06T13:04:44.1696703Z
  Time since last request: 0.0006702 seconds.
  importAddress: GUID: dd70cd654275d47db807e918055e004f - Path: Packages/com.unity.multiplayer.center/Editor/MultiplayerCenterWindow/UI/Icons/Questionnaire.png - Importer: ScriptedImporter/UnityEditor.QuickSearchModule:UnityEditor.Search:ASIAI0B
Importing 'GUID: dd70cd654275d47db807e918055e004f - Path: Packages/com.unity.multiplayer.center/Editor/MultiplayerCenterWindow/UI/Icons/Questionnaire.png - Importer: ScriptedImporter/UnityEditor.QuickSearchModule:UnityEditor.Search:ASIAI0B' with importer (ScriptedImporter : UnityEditor.QuickSearchModule:UnityEditor.Search:ASIAI0B)
Imported 'GUID: dd70cd654275d47db807e918055e004f' -> (Import Result ID: '2234af776aa44d7b16e0883e9ab9e2cb') in 0.012 seconds [static and dynamic dependencies]. Details - ImportResultOutputID=fb238cca50c3163af230f95b15f10b45 DependenciesID=5da5327a5040e98d13540d01071e51a4 StaticDependenciesID=f540ff7dd05132686cedd5dd4610aefe 
Number of updated asset objects reloaded before import = 0
Number of asset objects unloaded after import = 1
========================================================================
Received Import Request.
  Time of request: 2026-10-06T13:04:44.1833027Z
  Time since last request: 0.0005333 seconds.
  importAddress: GUID: 741761e72e6f24446bd8ba03ea3d0261 - Path: Packages/com.unity.multiplayer.center/Editor/MultiplayerCenterWindow/UI/Icons/d_Questionnaire.png - Importer: ScriptedImporter/UnityEditor.QuickSearchModule:UnityEditor.Search:ASIAI0B
Importing 'GUID: 741761e72e6f24446bd8ba03ea3d0261 - Path: Packages/com.unity.multiplayer.center/Editor/MultiplayerCenterWindow/UI/Icons/d_Questionnaire.png - Importer: ScriptedImporter/UnityEditor.QuickSearchModule:UnityEditor.Search:ASIAI0B' with importer (ScriptedImporter : UnityEditor.QuickSearchModule:UnityEditor.Search:ASIAI0B)
Imported 'GUID: 741761e72e6f24446bd8ba03ea3d0261' -> (Import Result ID: 'f1851dee05446e6dda784e5ba1c28777') in 0.014 seconds [static and dynamic dependencies]. Details - ImportResultOutputID=ff9833a628f2cdc2ec373334e8b8efc7 DependenciesID=c2a7a35e841e13ab55698b80b76987b0 StaticDependenciesID=7496da4d9c7aaddd5068213417030dea 
Number of updated asset objects reloaded before import = 0
Number of asset objects unloaded after import = 1
========================================================================
Received Import Request.
  Time of request: 2026-10-06T13:04:44.1981415Z
  Time since last request: 0.0006782 seconds.
  importAddress: GUID: f62135e79edb837b2d2ee3c524da864c - Path: Packages/com.unity.modules.video/package.ModuleCompilationTrigger - Importer: ScriptedImporter/UnityEditor.QuickSearchModule:UnityEditor.Search:ASIAI0B
Importing 'GUID: f62135e79edb837b2d2ee3c524da864c - Path: Packages/com.unity.modules.video/package.ModuleCompilationTrigger - Importer: ScriptedImporter/UnityEditor.QuickSearchModule:UnityEditor.Search:ASIAI0B' with importer (ScriptedImporter : UnityEditor.QuickSearchModule:UnityEditor.Search:ASIAI0B)
Imported 'GUID: f62135e79edb837b2d2ee3c524da864c' -> (Import Result ID: '22f666d8699f2685e45b71e4c6fcfb0f') in 0.007 seconds [static and dynamic dependencies]. Details - ImportResultOutputID=ec11654ab461b0d134783c55c37757df DependenciesID=706c3af2c691725a8b7b6aee4b13403a StaticDependenciesID=77f880c9639ef67321a05e3418e574a7 
Number of updated asset objects reloaded before import = 0
Number of asset objects unloaded after import = 1
========================================================================
Received Import Request.
  Time of request: 2026-10-06T13:04:44.2056712Z
  Time since last request: 0.0006178 seconds.
  importAddress: GUID: 29395f0639574c1fbc8b729aa257fb84 - Path: Packages/com.unity.multiplayer.center/Editor/MultiplayerCenterWindow/UI/Icons/d_Check.png - Importer: ScriptedImporter/UnityEditor.QuickSearchModule:UnityEditor.Search:ASIAI0B
Importing 'GUID: 29395f0639574c1fbc8b729aa257fb84 - Path: Packages/com.unity.multiplayer.center/Editor/MultiplayerCenterWindow/UI/Icons/d_Check.png - Importer: ScriptedImporter/UnityEditor.QuickSearchModule:UnityEditor.Search:ASIAI0B' with importer (ScriptedImporter : UnityEditor.QuickSearchModule:UnityEditor.Search:ASIAI0B)
Imported 'GUID: 29395f0639574c1fbc8b729aa257fb84' -> (Import Result ID: '4fea5fce4196e3964e2fb4445250274e') in 0.013 seconds [static and dynamic dependencies]. Details - ImportResultOutputID=1176b48aa38f1c2ff91a63591708a061 DependenciesID=5f8dad0fa84208ea45f7840cf17974fb StaticDependenciesID=1529c9cff821bc3881954648edb8e07a 
Number of updated asset objects reloaded before import = 0
Number of asset objects unloaded after import = 1
========================================================================
Received Import Request.
  Time of request: 2026-10-06T13:04:44.2194016Z
  Time since last request: 0.0005488 seconds.
  importAddress: GUID: e9669051ff70449b5923861e0e0b8838 - Path: Packages/com.unity.multiplayer.center/Editor/MultiplayerCenterWindow/UI/Icons/N4E.png - Importer: ScriptedImporter/UnityEditor.QuickSearchModule:UnityEditor.Search:ASIAI0B
Importing 'GUID: e9669051ff70449b5923861e0e0b8838 - Path: Packages/com.unity.multiplayer.center/Editor/MultiplayerCenterWindow/UI/Icons/N4E.png - Importer: ScriptedImporter/UnityEditor.QuickSearchModule:UnityEditor.Search:ASIAI0B' with importer (ScriptedImporter : UnityEditor.QuickSearchModule:UnityEditor.Search:ASIAI0B)
Imported 'GUID: e9669051ff70449b5923861e0e0b8838' -> (Import Result ID: '5ebc947f2d29285ccd7b75625ec25658') in 0.013 seconds [static and dynamic dependencies]. Details - ImportResultOutputID=b5e61117dd02743ab2a71cff58568cad DependenciesID=e720f457198695aa2b03f2888f1e1351 StaticDependenciesID=7e943d6bfe3718c548bd7a4742ae247a 
Number of updated asset objects reloaded before import = 0
Number of asset objects unloaded after import = 1
========================================================================
Received Import Request.
  Time of request: 2026-10-06T13:04:44.2327397Z
  Time since last request: 0.0004963 seconds.
  importAddress: GUID: db8e609a39b9b231fccc54e5fa4cbd1b - Path: Packages/com.unity.modules.animation/package.ModuleCompilationTrigger - Importer: ScriptedImporter/UnityEditor.QuickSearchModule:UnityEditor.Search:ASIAI0B
Importing 'GUID: db8e609a39b9b231fccc54e5fa4cbd1b - Path: Packages/com.unity.modules.animation/package.ModuleCompilationTrigger - Importer: ScriptedImporter/UnityEditor.QuickSearchModule:UnityEditor.Search:ASIAI0B' with importer (ScriptedImporter : UnityEditor.QuickSearchModule:UnityEditor.Search:ASIAI0B)
Imported 'GUID: db8e609a39b9b231fccc54e5fa4cbd1b' -> (Import Result ID: 'a3e0896eb7cdd9286b4e35e67905e206') in 0.006 seconds [static and dynamic dependencies]. Details - ImportResultOutputID=359f56e1ff72b16dc613ba15ba9888d3 DependenciesID=bbd9936e29c923d86187d9f4a6f6d835 StaticDependenciesID=18c559ea1b684bdd6c130f5af90cb966 
Number of updated asset objects reloaded before import = 0
Number of asset objects unloaded after import = 1
========================================================================
Received Import Request.
  Time of request: 2026-10-06T13:04:44.239659Z
  Time since last request: 0.0004886 seconds.
  importAddress: GUID: 15513aed5d41411c887ccfe14c103337 - Path: Packages/com.unity.multiplayer.center/Tests/Editor/UserChoicesMigrationTests.cs - Importer: ScriptedImporter/UnityEditor.QuickSearchModule:UnityEditor.Search:ASIAI0B
Importing 'GUID: 15513aed5d41411c887ccfe14c103337 - Path: Packages/com.unity.multiplayer.center/Tests/Editor/UserChoicesMigrationTests.cs - Importer: ScriptedImporter/UnityEditor.QuickSearchModule:UnityEditor.Search:ASIAI0B' with importer (ScriptedImporter : UnityEditor.QuickSearchModule:UnityEditor.Search:ASIAI0B)
Imported 'GUID: 15513aed5d41411c887ccfe14c103337' -> (Import Result ID: '8c2d15907cfaad414c19ab42c0d5c22d') in 0.008 seconds [static and dynamic dependencies]. Details - ImportResultOutputID=a3c1e8130cd8b09378ac33d11c834b3b DependenciesID=53076502f68cbdfa4e040f94b38058a4 StaticDependenciesID=2ec4e89d151905138095e4b983a02960 
Number of updated asset objects reloaded before import = 0
Number of asset objects unloaded after import = 0
========================================================================
Received Import Request.
  Time of request: 2026-10-06T13:04:44.248441Z
  Time since last request: 0.0004739 seconds.
  importAddress: GUID: 4f78a544322c742b89e63fb68557b1d2 - Path: Packages/com.unity.multiplayer.center/Editor/MultiplayerCenterWindow/UI/Icons/Check.png - Importer: ScriptedImporter/UnityEditor.QuickSearchModule:UnityEditor.Search:ASIAI0B
Importing 'GUID: 4f78a544322c742b89e63fb68557b1d2 - Path: Packages/com.unity.multiplayer.center/Editor/MultiplayerCenterWindow/UI/Icons/Check.png - Importer: ScriptedImporter/UnityEditor.QuickSearchModule:UnityEditor.Search:ASIAI0B' with importer (ScriptedImporter : UnityEditor.QuickSearchModule:UnityEditor.Search:ASIAI0B)
Imported 'GUID: 4f78a544322c742b89e63fb68557b1d2' -> (Import Result ID: '21ea06b6319cc5e585bbbbea92f8543b') in 0.013 seconds [static and dynamic dependencies]. Details - ImportResultOutputID=989b3828610ba8e0958ce0cd0385b7d1 DependenciesID=ad8569dc245a1939a1eb8230ce72a279 StaticDependenciesID=cd4151479c6272c469bc89541d04576c 
Number of updated asset objects reloaded before import = 0
Number of asset objects unloaded after import = 1
========================================================================
Received Import Request.
  Time of request: 2026-10-06T13:04:44.2621212Z
  Time since last request: 0.0005406 seconds.
  importAddress: GUID: b2ce704e56cc84fb3b347499263c6244 - Path: Packages/com.unity.multiplayer.center/Editor/MultiplayerCenterWindow/UI/Icons/ClientHosted.png - Importer: ScriptedImporter/UnityEditor.QuickSearchModule:UnityEditor.Search:ASIAI0B
Importing 'GUID: b2ce704e56cc84fb3b347499263c6244 - Path: Packages/com.unity.multiplayer.center/Editor/MultiplayerCenterWindow/UI/Icons/ClientHosted.png - Importer: ScriptedImporter/UnityEditor.QuickSearchModule:UnityEditor.Search:ASIAI0B' with importer (ScriptedImporter : UnityEditor.QuickSearchModule:UnityEditor.Search:ASIAI0B)
Imported 'GUID: b2ce704e56cc84fb3b347499263c6244' -> (Import Result ID: 'd4c67d4c46501e6b1b04bc000e1ae403') in 0.012 seconds [static and dynamic dependencies]. Details - ImportResultOutputID=ef50293b564cd2c477aedd21e680f0af DependenciesID=6f343b363b6707c45eabf19d11f7fdaf StaticDependenciesID=5dac54b1acf2be5a3f81b195119fcefd 
Number of updated asset objects reloaded before import = 0
Number of asset objects unloaded after import = 1
========================================================================
Received Import Request.
  Time of request: 2026-10-06T13:04:44.2744606Z
  Time since last request: 0.000533 seconds.
  importAddress: GUID: bac00d6e07f0b4305bb395363c89d92b - Path: Packages/com.unity.multiplayer.center/Editor/MultiplayerCenterWindow/UI/MultiplayerCenterWindow.uss - Importer: ScriptedImporter/UnityEditor.QuickSearchModule:UnityEditor.Search:ASIAI0B
Importing 'GUID: bac00d6e07f0b4305bb395363c89d92b - Path: Packages/com.unity.multiplayer.center/Editor/MultiplayerCenterWindow/UI/MultiplayerCenterWindow.uss - Importer: ScriptedImporter/UnityEditor.QuickSearchModule:UnityEditor.Search:ASIAI0B' with importer (ScriptedImporter : UnityEditor.QuickSearchModule:UnityEditor.Search:ASIAI0B)
Imported 'GUID: bac00d6e07f0b4305bb395363c89d92b' -> (Import Result ID: '058074967079008bc249ef6806e114b4') in 0.045 seconds [static and dynamic dependencies]. Details - ImportResultOutputID=72a50d780936b588f77ae5f1d74a4762 DependenciesID=4f68e5f4e85c30d1cb3e7d1cb01a394f StaticDependenciesID=dabd5ad7c445e3e9c5c0f4cfd9510713 
Number of updated asset objects reloaded before import = 0
Number of asset objects unloaded after import = 19
========================================================================
Received Import Request.
  Time of request: 2026-10-06T13:04:44.3204523Z
  Time since last request: 0.0000372 seconds.
  importAddress: GUID: bcf305fff4614e26a6979b63e954f6d6 - Path: Packages/com.unity.multiplayer.center/Editor/MultiplayerCenterWindow/UI/QuestionnaireView.cs - Importer: ScriptedImporter/UnityEditor.QuickSearchModule:UnityEditor.Search:ASIAI0B
Importing 'GUID: bcf305fff4614e26a6979b63e954f6d6 - Path: Packages/com.unity.multiplayer.center/Editor/MultiplayerCenterWindow/UI/QuestionnaireView.cs - Importer: ScriptedImporter/UnityEditor.QuickSearchModule:UnityEditor.Search:ASIAI0B' with importer (ScriptedImporter : UnityEditor.QuickSearchModule:UnityEditor.Search:ASIAI0B)
Imported 'GUID: bcf305fff4614e26a6979b63e954f6d6' -> (Import Result ID: 'bf092dd178802aa4fad627218a9a179d') in 0.007 seconds [static and dynamic dependencies]. Details - ImportResultOutputID=dfa1814683595d1b47b9c2d0cfc70c00 DependenciesID=d057689c475fc8f61c3304dc542c3934 StaticDependenciesID=fe92a2b779dec5c8f4d5aaa0472315f6 
Number of updated asset objects reloaded before import = 0
Number of asset objects unloaded after import = 0
========================================================================
Received Import Request.
  Time of request: 2026-10-06T13:04:44.3285883Z
  Time since last request: 0.0005638 seconds.
  importAddress: GUID: 9431e8221045c4af189b2fa7174b9e9f - Path: Packages/com.unity.multiplayer.center/Editor/MultiplayerCenterWindow/UI/Icons/PackageManager@2x.png - Importer: ScriptedImporter/UnityEditor.QuickSearchModule:UnityEditor.Search:ASIAI0B
Importing 'GUID: 9431e8221045c4af189b2fa7174b9e9f - Path: Packages/com.unity.multiplayer.center/Editor/MultiplayerCenterWindow/UI/Icons/PackageManager@2x.png - Importer: ScriptedImporter/UnityEditor.QuickSearchModule:UnityEditor.Search:ASIAI0B' with importer (ScriptedImporter : UnityEditor.QuickSearchModule:UnityEditor.Search:ASIAI0B)
Imported 'GUID: 9431e8221045c4af189b2fa7174b9e9f' -> (Import Result ID: '84c960dd79b7cad909678b6e28dd9c99') in 0.017 seconds [static and dynamic dependencies]. Details - ImportResultOutputID=124ac74de16c68e63ab56144e4fc7c43 DependenciesID=bf1020a9cbdf815931fe515a85dd82ce StaticDependenciesID=018a8aa4bf3148d4668c61b16611e9f3 
Number of updated asset objects reloaded before import = 0
Number of asset objects unloaded after import = 1
========================================================================
Received Import Request.
  Time of request: 2026-10-06T13:04:44.3460563Z
  Time since last request: 0.0004798 seconds.
  importAddress: GUID: c7a38e6eccbfc49778cb8b77f594a971 - Path: Packages/com.unity.multiplayer.center/Editor/MultiplayerCenterWindow/UI/Icons/ClientHosted@2x.png - Importer: ScriptedImporter/UnityEditor.QuickSearchModule:UnityEditor.Search:ASIAI0B
Importing 'GUID: c7a38e6eccbfc49778cb8b77f594a971 - Path: Packages/com.unity.multiplayer.center/Editor/MultiplayerCenterWindow/UI/Icons/ClientHosted@2x.png - Importer: ScriptedImporter/UnityEditor.QuickSearchModule:UnityEditor.Search:ASIAI0B' with importer (ScriptedImporter : UnityEditor.QuickSearchModule:UnityEditor.Search:ASIAI0B)
Imported 'GUID: c7a38e6eccbfc49778cb8b77f594a971' -> (Import Result ID: '64f4b0afc9c3a1988bafcc49ce54fd71') in 0.013 seconds [static and dynamic dependencies]. Details - ImportResultOutputID=69dea8fdf7f74c6c94db31663f5a54b8 DependenciesID=bf59a169fc247c5e088c991efe6f5ccd StaticDependenciesID=7687b4e7a78c54aa6a80cbdb018ddd20 
Number of updated asset objects reloaded before import = 0
Number of asset objects unloaded after import = 1
========================================================================
Received Import Request.
  Time of request: 2026-10-06T13:04:44.3711778Z
  Time since last request: 0.0113869 seconds.
  importAddress: GUID: 4745d06d5a7ca576dcf9e5e67b417652 - Path: Packages/com.unity.modules.accessibility/package.ModuleCompilationTrigger - Importer: ScriptedImporter/UnityEditor.QuickSearchModule:UnityEditor.Search:ASIAI0B
Importing 'GUID: 4745d06d5a7ca576dcf9e5e67b417652 - Path: Packages/com.unity.modules.accessibility/package.ModuleCompilationTrigger - Importer: ScriptedImporter/UnityEditor.QuickSearchModule:UnityEditor.Search:ASIAI0B' with importer (ScriptedImporter : UnityEditor.QuickSearchModule:UnityEditor.Search:ASIAI0B)
Imported 'GUID: 4745d06d5a7ca576dcf9e5e67b417652' -> (Import Result ID: '8b5e38db423b75b3bca9231523541a67') in 0.007 seconds [static and dynamic dependencies]. Details - ImportResultOutputID=813275b7721268dd4c2a8239f6cc665a DependenciesID=981cd5d76296a12fcfe1d943344811ff StaticDependenciesID=688c0e5efd6dd3e300a07c96635167d9 
Number of updated asset objects reloaded before import = 0
Number of asset objects unloaded after import = 1
========================================================================
Received Import Request.
  Time of request: 2026-10-06T13:04:44.3793641Z
  Time since last request: 0.0009058 seconds.
  importAddress: GUID: c82e859b16636ddd2ca4a1f63fd34938 - Path: Packages/com.unity.modules.androidjni/package.ModuleCompilationTrigger - Importer: ScriptedImporter/UnityEditor.QuickSearchModule:UnityEditor.Search:ASIAI0B
Importing 'GUID: c82e859b16636ddd2ca4a1f63fd34938 - Path: Packages/com.unity.modules.androidjni/package.ModuleCompilationTrigger - Importer: ScriptedImporter/UnityEditor.QuickSearchModule:UnityEditor.Search:ASIAI0B' with importer (ScriptedImporter : UnityEditor.QuickSearchModule:UnityEditor.Search:ASIAI0B)
Imported 'GUID: c82e859b16636ddd2ca4a1f63fd34938' -> (Import Result ID: 'fbf1d82d9aa8c315bc42372cad759d82') in 0.006 seconds [static and dynamic dependencies]. Details - ImportResultOutputID=e87c1fc8275ffbb3cc33a58f621ee98a DependenciesID=15ceb2d158639abc81ac6012baab6d32 StaticDependenciesID=3c85765e871405360eb6bfd56717e9d9 
Number of updated asset objects reloaded before import = 0
Number of asset objects unloaded after import = 1
========================================================================
Received Import Request.
  Time of request: 2026-10-06T13:04:44.3860343Z
  Time since last request: 0.0005328 seconds.
  importAddress: GUID: 8d4bc6bfa28760b29f13174d6b6ea710 - Path: Packages/com.unity.modules.subsystems/package.ModuleCompilationTrigger - Importer: ScriptedImporter/UnityEditor.QuickSearchModule:UnityEditor.Search:ASIAI0B
Importing 'GUID: 8d4bc6bfa28760b29f13174d6b6ea710 - Path: Packages/com.unity.modules.subsystems/package.ModuleCompilationTrigger - Importer: ScriptedImporter/UnityEditor.QuickSearchModule:UnityEditor.Search:ASIAI0B' with importer (ScriptedImporter : UnityEditor.QuickSearchModule:UnityEditor.Search:ASIAI0B)
Imported 'GUID: 8d4bc6bfa28760b29f13174d6b6ea710' -> (Import Result ID: 'b75b05fd898b62232adb2fa47562d078') in 0.007 seconds [static and dynamic dependencies]. Details - ImportResultOutputID=56c673c03f0f636e7c329d98f2e56d4a DependenciesID=e8246deba088f5278f08ba7a5f1bc462 StaticDependenciesID=569c3bbc6c705a7e74b59b6b04cd2a88 
Number of updated asset objects reloaded before import = 0
Number of asset objects unloaded after import = 1
========================================================================
Received Import Request.
  Time of request: 2026-10-06T13:04:44.393703Z
  Time since last request: 0.0007152 seconds.
  importAddress: GUID: 082fbee38a82835433261a5e9c00e267 - Path: Packages/com.unity.modules.cloth/package.ModuleCompilationTrigger - Importer: ScriptedImporter/UnityEditor.QuickSearchModule:UnityEditor.Search:ASIAI0B
Importing 'GUID: 082fbee38a82835433261a5e9c00e267 - Path: Packages/com.unity.modules.cloth/package.ModuleCompilationTrigger - Importer: ScriptedImporter/UnityEditor.QuickSearchModule:UnityEditor.Search:ASIAI0B' with importer (ScriptedImporter : UnityEditor.QuickSearchModule:UnityEditor.Search:ASIAI0B)
Imported 'GUID: 082fbee38a82835433261a5e9c00e267' -> (Import Result ID: '12d15f2062994a4597ad66c74cfa0e43') in 0.006 seconds [static and dynamic dependencies]. Details - ImportResultOutputID=e3b1dd6bac72205d55b295cc30d7b14c DependenciesID=6c464e779d573d558278c25ac805e934 StaticDependenciesID=88a1ddda8b89766c5359df6f48efd9a6 
Number of updated asset objects reloaded before import = 0
Number of asset objects unloaded after import = 1
========================================================================
Received Import Request.
  Time of request: 2026-10-06T13:04:44.4008298Z
  Time since last request: 0.000572 seconds.
  importAddress: GUID: 87d720faa37005c08600090e04d8c739 - Path: Packages/com.unity.modules.particlesystem/package.json - Importer: ScriptedImporter/UnityEditor.QuickSearchModule:UnityEditor.Search:ASIAI0B
Importing 'GUID: 87d720faa37005c08600090e04d8c739 - Path: Packages/com.unity.modules.particlesystem/package.json - Importer: ScriptedImporter/UnityEditor.QuickSearchModule:UnityEditor.Search:ASIAI0B' with importer (ScriptedImporter : UnityEditor.QuickSearchModule:UnityEditor.Search:ASIAI0B)
Imported 'GUID: 87d720faa37005c08600090e04d8c739' -> (Import Result ID: '3efbcc8fc21586a3622de6f5115f7c60') in 0.007 seconds [static and dynamic dependencies]. Details - ImportResultOutputID=df027498d5e38e9f9199765dcb76a9b0 DependenciesID=16601a0d583a68121c247125436b68be StaticDependenciesID=5ede4ba35b12b052d735c01b212ebba6 
Number of updated asset objects reloaded before import = 0
Number of asset objects unloaded after import = 1
========================================================================
Received Import Request.
  Time of request: 2026-10-06T13:04:44.4096155Z
  Time since last request: 0.0009936 seconds.
  importAddress: GUID: 906c12bc9cd95d3963c6d58f62522c78 - Path: Packages/com.unity.modules.cloth/package.json - Importer: ScriptedImporter/UnityEditor.QuickSearchModule:UnityEditor.Search:ASIAI0B
Importing 'GUID: 906c12bc9cd95d3963c6d58f62522c78 - Path: Packages/com.unity.modules.cloth/package.json - Importer: ScriptedImporter/UnityEditor.QuickSearchModule:UnityEditor.Search:ASIAI0B' with importer (ScriptedImporter : UnityEditor.QuickSearchModule:UnityEditor.Search:ASIAI0B)
Imported 'GUID: 906c12bc9cd95d3963c6d58f62522c78' -> (Import Result ID: '7c802c8c361dee2886e064a68491081c') in 0.008 seconds [static and dynamic dependencies]. Details - ImportResultOutputID=cb2ab737a953c3b88307763004410e07 DependenciesID=5af902cac4117455f8eef68c527b4efa StaticDependenciesID=8b26a6fd47f8403fbc39887a08c6c291 
Number of updated asset objects reloaded before import = 0
Number of asset objects unloaded after import = 1
========================================================================
Received Import Request.
  Time of request: 2026-10-06T13:04:44.4181458Z
  Time since last request: 0.0005124 seconds.
  importAddress: GUID: 3fdd83b151eb8d25c5e2f82fc39dcb04 - Path: Packages/com.unity.modules.unitywebrequest/package.json - Importer: ScriptedImporter/UnityEditor.QuickSearchModule:UnityEditor.Search:ASIAI0B
Importing 'GUID: 3fdd83b151eb8d25c5e2f82fc39dcb04 - Path: Packages/com.unity.modules.unitywebrequest/package.json - Importer: ScriptedImporter/UnityEditor.QuickSearchModule:UnityEditor.Search:ASIAI0B' with importer (ScriptedImporter : UnityEditor.QuickSearchModule:UnityEditor.Search:ASIAI0B)
Imported 'GUID: 3fdd83b151eb8d25c5e2f82fc39dcb04' -> (Import Result ID: 'a08fc1c191387fa63c17db0716b60f1b') in 0.008 seconds [static and dynamic dependencies]. Details - ImportResultOutputID=49b68f23d70623aec9afee817ebf478f DependenciesID=d4cc75172f3da45ca2d46b3898cd25b6 StaticDependenciesID=e8143ef487ce67fb30c5f06e4094016f 
Number of updated asset objects reloaded before import = 0
Number of asset objects unloaded after import = 1
========================================================================
Received Import Request.
  Time of request: 2026-10-06T13:04:44.4266895Z
  Time since last request: 0.0005578 seconds.
  importAddress: GUID: d104359075a97392b803d3d5aebc77f7 - Path: Packages/com.unity.modules.hierarchycore/package.ModuleCompilationTrigger - Importer: ScriptedImporter/UnityEditor.QuickSearchModule:UnityEditor.Search:ASIAI0B
Importing 'GUID: d104359075a97392b803d3d5aebc77f7 - Path: Packages/com.unity.modules.hierarchycore/package.ModuleCompilationTrigger - Importer: ScriptedImporter/UnityEditor.QuickSearchModule:UnityEditor.Search:ASIAI0B' with importer (ScriptedImporter : UnityEditor.QuickSearchModule:UnityEditor.Search:ASIAI0B)
Imported 'GUID: d104359075a97392b803d3d5aebc77f7' -> (Import Result ID: 'b2cfb6459ebdc314066b1a991b7d9a11') in 0.005 seconds [static and dynamic dependencies]. Details - ImportResultOutputID=a70591cb900c6d823c49d4ad7a5ad90f DependenciesID=83184813ffa13f062e2fc2ca9b238ad7 StaticDependenciesID=777bf9f5a809c118b4172931b316133a 
Number of updated asset objects reloaded before import = 0
Number of asset objects unloaded after import = 1
========================================================================
Received Import Request.
  Time of request: 2026-10-06T13:04:44.4330143Z
  Time since last request: 0.0005031 seconds.
  importAddress: GUID: 5c1ee4056d0ac7ad3c5a16597fcaa38a - Path: Packages/com.unity.modules.physics/package.ModuleCompilationTrigger - Importer: ScriptedImporter/UnityEditor.QuickSearchModule:UnityEditor.Search:ASIAI0B
Importing 'GUID: 5c1ee4056d0ac7ad3c5a16597fcaa38a - Path: Packages/com.unity.modules.physics/package.ModuleCompilationTrigger - Importer: ScriptedImporter/UnityEditor.QuickSearchModule:UnityEditor.Search:ASIAI0B' with importer (ScriptedImporter : UnityEditor.QuickSearchModule:UnityEditor.Search:ASIAI0B)
Imported 'GUID: 5c1ee4056d0ac7ad3c5a16597fcaa38a' -> (Import Result ID: 'b650e6c60c3c42a299fcbf0cedcdbff0') in 0.008 seconds [static and dynamic dependencies]. Details - ImportResultOutputID=39ddb2607d892eebfcdf2581d44f186c DependenciesID=cb934ef64b91b7f8225d1238d072ad7a StaticDependenciesID=a840f9a988ea0c472996846c059a3e0b 
Number of updated asset objects reloaded before import = 0
Number of asset objects unloaded after import = 1
========================================================================
Received Import Request.
  Time of request: 2026-10-06T13:04:44.4414736Z
  Time since last request: 0.0006312 seconds.
  importAddress: GUID: 830a36a23cf3ab1e61fa47940a6dc35e - Path: Packages/com.unity.modules.imageconversion/package.ModuleCompilationTrigger - Importer: ScriptedImporter/UnityEditor.QuickSearchModule:UnityEditor.Search:ASIAI0B
Importing 'GUID: 830a36a23cf3ab1e61fa47940a6dc35e - Path: Packages/com.unity.modules.imageconversion/package.ModuleCompilationTrigger - Importer: ScriptedImporter/UnityEditor.QuickSearchModule:UnityEditor.Search:ASIAI0B' with importer (ScriptedImporter : UnityEditor.QuickSearchModule:UnityEditor.Search:ASIAI0B)
Imported 'GUID: 830a36a23cf3ab1e61fa47940a6dc35e' -> (Import Result ID: '0a3e94507da7f41ab9fb042ba04a3379') in 0.007 seconds [static and dynamic dependencies]. Details - ImportResultOutputID=44a7584962bc54aa497b1ef50c0a03d8 DependenciesID=38cf82cb7ffa21beb1715c9f32c5d883 StaticDependenciesID=3b9ee5531ac2f847fc383679976b6cdb 
Number of updated asset objects reloaded before import = 0
Number of asset objects unloaded after import = 1
========================================================================
Received Import Request.
  Time of request: 2026-10-06T13:04:44.4490849Z
  Time since last request: 0.0006062 seconds.
  importAddress: GUID: 1a4266815e998967becf686f9c71f0a6 - Path: Packages/com.unity.modules.physics/package.json - Importer: ScriptedImporter/UnityEditor.QuickSearchModule:UnityEditor.Search:ASIAI0B
Importing 'GUID: 1a4266815e998967becf686f9c71f0a6 - Path: Packages/com.unity.modules.physics/package.json - Importer: ScriptedImporter/UnityEditor.QuickSearchModule:UnityEditor.Search:ASIAI0B' with importer (ScriptedImporter : UnityEditor.QuickSearchModule:UnityEditor.Search:ASIAI0B)
Imported 'GUID: 1a4266815e998967becf686f9c71f0a6' -> (Import Result ID: '0b9ccf0b0662f50f7d44ceb43e8a6326') in 0.007 seconds [static and dynamic dependencies]. Details - ImportResultOutputID=e8d8d3d0ca457a5653feb04bcd0d8d95 DependenciesID=95b674003f4c756a7acade05afc5a3dc StaticDependenciesID=274dac7d81e2b3adde6dd4102751edd5 
Number of updated asset objects reloaded before import = 0
Number of asset objects unloaded after import = 1
========================================================================
Received Import Request.
  Time of request: 2026-10-06T13:04:44.457116Z
  Time since last request: 0.0004925 seconds.
  importAddress: GUID: bd1af0a6633ee94ae21c7d1d702cdc12 - Path: Packages/com.unity.modules.androidjni/package.json - Importer: ScriptedImporter/UnityEditor.QuickSearchModule:UnityEditor.Search:ASIAI0B
Importing 'GUID: bd1af0a6633ee94ae21c7d1d702cdc12 - Path: Packages/com.unity.modules.androidjni/package.json - Importer: ScriptedImporter/UnityEditor.QuickSearchModule:UnityEditor.Search:ASIAI0B' with importer (ScriptedImporter : UnityEditor.QuickSearchModule:UnityEditor.Search:ASIAI0B)
Imported 'GUID: bd1af0a6633ee94ae21c7d1d702cdc12' -> (Import Result ID: '390ca211d2fa4864b463835b166ef65f') in 0.007 seconds [static and dynamic dependencies]. Details - ImportResultOutputID=afe1780fe31b5b1ca438bd60d5e2e589 DependenciesID=e5863674acb58382940b7481dead7769 StaticDependenciesID=dec2df146fdb7efdce1e5a2dc0156c94 
Number of updated asset objects reloaded before import = 0
Number of asset objects unloaded after import = 1
========================================================================
Received Import Request.
  Time of request: 2026-10-06T13:04:44.4652877Z
  Time since last request: 0.0005362 seconds.
  importAddress: GUID: b83f06ac0c0696e9563230865ca72b81 - Path: Packages/com.unity.modules.wind/package.json - Importer: ScriptedImporter/UnityEditor.QuickSearchModule:UnityEditor.Search:ASIAI0B
Importing 'GUID: b83f06ac0c0696e9563230865ca72b81 - Path: Packages/com.unity.modules.wind/package.json - Importer: ScriptedImporter/UnityEditor.QuickSearchModule:UnityEditor.Search:ASIAI0B' with importer (ScriptedImporter : UnityEditor.QuickSearchModule:UnityEditor.Search:ASIAI0B)
Imported 'GUID: b83f06ac0c0696e9563230865ca72b81' -> (Import Result ID: '203bb8094795a3fcef32aea76a59d1b2') in 0.008 seconds [static and dynamic dependencies]. Details - ImportResultOutputID=e367ac5836b46f21fb5056a1215b9664 DependenciesID=713e23b7998b60eb5844ebd440067582 StaticDependenciesID=bde6f6cda6f3a83dfed4758f57afa58b 
Number of updated asset objects reloaded before import = 0
Number of asset objects unloaded after import = 1
Editor requested this worker to shutdown with reason: Scaling down because of idle timeout
AcceleratorClientConnectionCallback - disconnected - :0
AssetImportWorker is now disconnected from the server
Process exiting
Exiting without the bug reporter. Application will terminate with return code 0