[Licensing::Module] Trying to connect to existing licensing client channel...
Built from '6000.5/staging' branch; Version is '6000.5.5f1 (d16e074b49fd) revision 13725191'; Using compiler version '194234433'; Build Type 'Release'
[Licensing::IpcConnector] Successfully connected to: "LicenseClient-sispu" at "2026-10-06T13:04:36.1394811Z"
OS: 'Windows 11  (10.0.26200) CoreCountrySpecific' Language: 'zh' Physical Memory: 31931 MB
BatchMode: 1, IsHumanControllingUs: 0, StartBugReporterOnCrash: 0, Is64bit: 1
System  architecture: x64
Process architecture: x64
Date: 2026-10-06T13:04:36Z

COMMAND LINE ARGUMENTS:
D:\Unity\6000.5.5f1\Editor\Unity.exe
-adb2
-batchMode
-noUpm
-name
AssetImportWorkerHW1
-projectPath
D:/游戏开发/Magnetic
-logFile
Logs/AssetImportWorkerHW1.log
-srvPort
58725
-parentPid
54716
-analyticsCloudUserId
anonymous
-analyticsLocalProjectId
41adef074c7cba842a3126e272eb0603
-licensingIpc
LicenseClient-sispu
-noDiagnosticSwitchPersistentStore
-job-worker-count
15
-background-job-worker-count
8
-asset-garbage-collectors
1
-force-d3d12
-name
AssetImport
Successfully changed project path to: D:/游戏开发/Magnetic
D:/游戏开发/Magnetic
[UnityMemory] Configuration Parameters - Can be set up in boot.config
    "memorysetup-temp-allocator-size-gi-baking-worker=262144"
    "memorysetup-temp-allocator-size-gi-baking-worker=262144"
    "memorysetup-temp-allocator-size-gi-baking-worker=262144"
    "memorysetup-temp-allocator-size-gi-baking-worker=262144"
    "memorysetup-temp-allocator-size-gi-baking-worker=262144"
    "memorysetup-temp-allocator-size-nav-mesh-worker=65536"
    "memorysetup-temp-allocator-size-audio-worker=65536"
    "memorysetup-temp-allocator-size-cloud-worker=32768"
    "memorysetup-temp-allocator-size-gfx=262144"
    "memorysetup-temp-allocator-size-preload-manager=33554432"
    "memorysetup-allocator-temp-initial-block-size-main=262144"
    "memorysetup-allocator-temp-initial-block-size-worker=262144"
    "memorysetup-temp-allocator-size-job-worker=262144"
    "memorysetup-temp-allocator-size-background-worker=32768"
    "memorysetup-bucket-allocator-granularity=16"
    "memorysetup-bucket-allocator-bucket-count=8"
    "memorysetup-bucket-allocator-block-size=33554432"
    "memorysetup-bucket-allocator-block-count=8"
    "memorysetup-main-allocator-block-size=16777216"
    "memorysetup-thread-allocator-block-size=16777216"
    "memorysetup-main-allocator-mimalloc-enabled=0"
    "memorysetup-gfx-main-allocator-block-size=16777216"
    "memorysetup-gfx-thread-allocator-block-size=16777216"
    "memorysetup-cache-allocator-block-size=4194304"
    "memorysetup-typetree-allocator-block-size=2097152"
    "memorysetup-profiler-bucket-allocator-granularity=16"
    "memorysetup-profiler-bucket-allocator-bucket-count=8"
    "memorysetup-profiler-bucket-allocator-block-size=33554432"
    "memorysetup-profiler-bucket-allocator-block-count=8"
    "memorysetup-profiler-allocator-block-size=16777216"
    "memorysetup-profiler-editor-allocator-block-size=1048576"
    "memorysetup-temp-allocator-size-main=16777216"
    "memorysetup-job-temp-allocator-block-size=2097152"
    "memorysetup-job-temp-allocator-block-size-background=1048576"
    "memorysetup-job-temp-allocator-reduction-small-platforms=262144"
Player connection [45820]  Target information:

Player connection [45820]  * "[IP] 192.168.2.44 [Port] 0 [Flags] 2 [Guid] 3613109520 [EditorId] 3613109520 [Version] 1048832 [Id] WindowsEditor(7,aishi) [Debug] 1 [PackageName] WindowsEditor [ProjectName] Editor" 

Player connection [45820] Host joined multi-casting on [225.0.0.222:54997]...
Player connection [45820] Host joined alternative multi-casting on [225.0.0.222:34997]...
JobSystem: Creating JobQueue using job-worker-count value 15
Input System module state changed to: Initialized.
[Physics::Module] Initialized fallback backend.
[Physics::Module] Id: 0xdecafbad
Library Redirect Path: Library/
[Physics::Module] Selected backend.
[Physics::Module] Name: PhysX
[Physics::Module] Id: 0xf2b8ea05
[Physics::Module] SDK Version: 4.1.2
[Physics::Module] Integration Version: 1.0.0
[Physics::Module] Threading Mode: Multi-Threaded
Initialize engine version: 6000.5.5f1 (d16e074b49fd)
[Subsystems] Discovering subsystems at path D:/Unity/6000.5.5f1/Editor/Data/Resources/UnitySubsystems
[Subsystems] Discovering subsystems at path D:/游戏开发/Magnetic/Assets
Forcing GfxDevice: Direct3D 12
GfxDevice: creating device client; kGfxThreadingModeNonThreaded
d3d12: failed to query info queue interface (0x80004002).
Direct3D:
    Version:         Direct3D 12 [level 12.2]
    Renderer:        NVIDIA GeForce RTX 5070 Laptop GPU (ID=0x2d58)
    Vendor:          NVIDIA
    VRAM:            7891 MB
    App VRAM Budget: 7123 MB
    Driver:          32.0.16.1071
Initialize mono
Mono path[0] = 'D:/Unity/6000.5.5f1/Editor/Data/Managed'
Mono path[1] = 'D:/Unity/6000.5.5f1/Editor/Data/BCLExtensions/runtime/netstandard2.1'
Mono path[2] = 'D:/Unity/6000.5.5f1/Editor/Data/MonoBleedingEdge/lib/mono/unityjit-win32'
Mono config path = 'D:/Unity/6000.5.5f1/Editor/Data/MonoBleedingEdge/etc'
Using monoOptions --debugger-agent=transport=dt_socket,embedding=1,server=y,suspend=n,address=127.0.0.1:56636
CodeReloadManager initialized
Begin MonoManager ReloadAssembly
Registering precompiled unity dll's ...
Register platform support module: D:/Unity/6000.5.5f1/Editor/Data/PlaybackEngines/WindowsStandaloneSupport/UnityEditor.WindowsStandalone.Extensions.dll
Registered in 0.006121 seconds.
Native extension for WindowsStandalone target not found
Package Manager log level set to [2]
[Package Manager] Failed to launch server process. Reason: Unity was launched with the -noUpm command-line argument
[Package Manager] Unable to send message (not connected to server process).
[Package Manager] Cannot connect to Unity Package Manager local server
ScheduleIndexationOnStartup MainProcess:False IndexOnStartup:True
Mono: successfully reloaded assembly
- Finished resetting the current domain, in  0.704 seconds
Domain Reload Profiling: 1815ms
	BeginReloadAssembly (314ms)
	RebuildCommonClasses (10ms)
	RebuildNativeTypeToScriptingClass (35ms)
	initialDomainReloadingComplete (155ms)
	LoadAllAssembliesAndSetupDomain (595ms)
		LoadAssemblies (300ms)
		AnalyzeDomain (430ms)
			TypeCache.Refresh (428ms)
				TypeCache.ScanAssembly (401ms)
	FinalizeReload (707ms)
		SetupLoadedEditorAssemblies (0ms)
			InitializePlatformSupportModulesInManaged (4ms)
			BeforeProcessingInitializeOnLoad (187ms)
			ProcessInitializeOnLoadAttributes (186ms)
			ProcessInitializeOnLoadMethodAttributes (198ms)
Initializing Unity extensions:
[Licensing::Module] Licensing is not yet initialized.
[Licensing::Client] Error: HandshakeResponse reported an error:
	ResponseCode: 505
	ResponseStatus: Unsupported protocol version '1.18.1'.
[Licensing::Module] Error: Failed to handshake to channel: "LicenseClient-sispu"
[Licensing::IpcConnector] LicenseClient-sispu channel disconnected successfully.
[Licensing::IpcConnector] Successfully connected to: "LicenseClient-sispu-6000.5.5" at "2026-10-06T13:04:40.2324069Z"
[Licensing::Client] Code 10 while verifying Licensing Client signature (process Id: 55280, path: "D:/Unity/6000.5.5f1/Editor/Data/Resources/Licensing/Client/Unity.Licensing.Client.exe")
[Licensing::Module] LicensingClient has failed validation; ignoring
[Licensing::Client] Handshaking with LicensingClient:
  Version:                 1.18.1+9fbee8e
  Session Id:              fbf7ad659f3446bd9357062a352288b7
  Correlation Id:          63100ff78090b3007ebb22070d233942
  External correlation Id: 5722180276695709599
  Machine Id:              jKSa9g6WzqcY9b9GLRjttsE4d1Y=
[Licensing::Module] Successfully connected to LicensingClient on channel: "LicenseClient-sispu-6000.5.5" (connect: 0.00s, validation: 0.00s, handshake: 0.01s)
[Licensing::IpcConnector] Successfully connected to: "LicenseClient-sispu-6000.5.5-notifications" at "2026-10-06T13:04:40.2511192Z"
[Licensing::Module] Licensing Background thread has ended after 4.11s
[Licensing::Module] Licensing is initialized (took 0.11s).
[Licensing::Client] Successfully resolved entitlement details
[Licensing::Module] License group:
  Id: ewogICJzdWJzR3JvdXAiIDogInVuaXR5IGVkaXRvciIsCiAgIm5hbWVzcGFjZSIgOiAidW5pdHlfZWRpdG9yIiwKICAidHlwZSIgOiAiRURJVE9SIiwKICAidGFnIiA6ICJVbml0eVBlcnNvbmFsXXXX
  Product: Unity Personal Version
  Type: Assigned
  Expiration: Unlimited
========================================================================
Worker process is ready to serve import requests
Import Worker Mode flag is 0x00
Begin MonoManager ReloadAssembly
Native extension for WindowsStandalone target not found
[Package Manager] Failed to launch server process. Reason: Unity was launched with the -noUpm command-line argument
[Package Manager] Unable to send message (not connected to server process).
[Package Manager] Cannot connect to Unity Package Manager local server
ScheduleIndexationOnStartup MainProcess:False IndexOnStartup:True
Mono: successfully reloaded assembly
- Finished resetting the current domain, in  0.715 seconds
Domain Reload Profiling: 1534ms
	BeginReloadAssembly (411ms)
		DisableScriptedObjects (9ms)
		CreateAndSetChildDomain (59ms)
	RebuildCommonClasses (17ms)
	RebuildNativeTypeToScriptingClass (35ms)
	initialDomainReloadingComplete (106ms)
	LoadAllAssembliesAndSetupDomain (247ms)
		LoadAssemblies (247ms)
		AnalyzeDomain (37ms)
			TypeCache.Refresh (20ms)
				TypeCache.ScanAssembly (12ms)
			BuildScriptInfoCaches (10ms)
			ResolveRequiredComponents (3ms)
	FinalizeReload (718ms)
		SetupLoadedEditorAssemblies (0ms)
			InitializePlatformSupportModulesInManaged (4ms)
			BeforeProcessingInitializeOnLoad (165ms)
			ProcessInitializeOnLoadAttributes (147ms)
			ProcessInitializeOnLoadMethodAttributes (129ms)
			AfterProcessingInitializeOnLoad (26ms)
		AwakeInstancesAfterBackupRestoration (5ms)
AcceleratorClientConnectionCallback - disconnected - :0
Launched and connected shader compiler UnityShaderCompiler.exe after 0.04 seconds
Unloading 0 Unused Serialized files (Serialized files now loaded: 0)
Curl error 3: URL rejected: Malformed input to a URL function
Unloading 445 unused Assets / (206.3 KB). Loaded Objects now: 1056.
Memory consumption went from 157.4 MB to 157.2 MB.
Total: 7.694200 ms (FindLiveObjects: 0.134300 ms CreateObjectMapping: 0.108300 ms MarkObjects: 7.054700 ms  DeleteObjects: 0.392300 ms)

========================================================================
Received Import Request.
  Time of request: 2026-10-06T13:04:42.394224Z
  Time since last request: 23594.29823759999999 seconds.
  importAddress: GUID: 8bb672b6df20893458c9aafd011ce040 - Path: Assets/Scenes/Level_1/LightingData.asset - Importer: ScriptedImporter/UnityEditor.QuickSearchModule:UnityEditor.Search:ASIAI0B
Importing 'GUID: 8bb672b6df20893458c9aafd011ce040 - Path: Assets/Scenes/Level_1/LightingData.asset - Importer: ScriptedImporter/UnityEditor.QuickSearchModule:UnityEditor.Search:ASIAI0B' with importer (ScriptedImporter : UnityEditor.QuickSearchModule:UnityEditor.Search:ASIAI0B)
Serialized files [version 17] before 2019.1 are deprecated. Open and re-save the file: "Assets/Scenes/Level_1/LightingData.asset"
UnityEngine.Debug:ExtractStackTraceNoAlloc (byte*,int,string)
UnityEngine.StackTraceUtility:ExtractStackTrace ()
UnityEditor.AssetDatabase:LoadMainAssetAtPath (string)
UnityEditor.Search.AssetIndexer:IndexProperties (int&,string&,bool&)
UnityEditor.Search.AssetIndexer:IndexDocument (string,bool)
UnityEditor.Search.SearchIndexArtifactImporter:OnImportAsset (UnityEditor.AssetImporters.AssetImportContext)
UnityEditor.AssetImporters.ScriptedImporter:GenerateAssetData (UnityEditor.AssetImporters.AssetImportContext)

[C:\build\output\unity\unity\Runtime\Serialize\SerializedFile.cpp line 835]

Lighting data asset ‘LightingData’ is incompatible with the current Unity version. Please use Generate Lighting to rebuild the lighting data. Realtime Global Illumination cannot be used until the lighting data is rebuilt.
UnityEngine.Debug:ExtractStackTraceNoAlloc (byte*,int,string)
UnityEngine.StackTraceUtility:ExtractStackTrace ()
UnityEditor.AssetDatabase:LoadMainAssetAtPath (string)
UnityEditor.Search.AssetIndexer:IndexProperties (int&,string&,bool&)
UnityEditor.Search.AssetIndexer:IndexDocument (string,bool)
UnityEditor.Search.SearchIndexArtifactImporter:OnImportAsset (UnityEditor.AssetImporters.AssetImportContext)
UnityEditor.AssetImporters.ScriptedImporter:GenerateAssetData (UnityEditor.AssetImporters.AssetImportContext)

[C:\build\output\unity\unity\Editor\Src\GI\Enlighten\LightingDataAsset.cpp line 469]

Lighting data asset ‘LightingData’ is incompatible with the current Unity version because the scene it was baked for was not serialized. Please use Generate Lighting to rebuild the lighting data, or assign the target scene to the Lighting Data Asset in the inspector.
UnityEngine.Debug:ExtractStackTraceNoAlloc (byte*,int,string)
UnityEngine.StackTraceUtility:ExtractStackTrace ()
UnityEditor.AssetDatabase:LoadMainAssetAtPath (string)
UnityEditor.Search.AssetIndexer:IndexProperties (int&,string&,bool&)
UnityEditor.Search.AssetIndexer:IndexDocument (string,bool)
UnityEditor.Search.SearchIndexArtifactImporter:OnImportAsset (UnityEditor.AssetImporters.AssetImportContext)
UnityEditor.AssetImporters.ScriptedImporter:GenerateAssetData (UnityEditor.AssetImporters.AssetImportContext)

[C:\build\output\unity\unity\Editor\Src\GI\Enlighten\LightingDataAsset.cpp line 479]

Serialized files [version 17] before 2019.1 are deprecated. Open and re-save the file: "Assets/Scenes/Level_1/LightingData.asset"
UnityEngine.Debug:ExtractStackTraceNoAlloc (byte*,int,string)
UnityEngine.StackTraceUtility:ExtractStackTrace ()
UnityEditor.AssetDatabase:GetDependencies (string,bool)
UnityEditor.Search.AssetIndexer:IndexDependencies (int&,string&)
UnityEditor.Search.AssetIndexer:IndexDocument (string,bool)
UnityEditor.Search.SearchIndexArtifactImporter:OnImportAsset (UnityEditor.AssetImporters.AssetImportContext)
UnityEditor.AssetImporters.ScriptedImporter:GenerateAssetData (UnityEditor.AssetImporters.AssetImportContext)

[C:\build\output\unity\unity\Runtime\Serialize\SerializedFile.cpp line 835]

Imported 'GUID: 8bb672b6df20893458c9aafd011ce040' -> (Import Result ID: '34b71d7e0980c0991769ea4dcad97b4f') in 0.122 seconds [static and dynamic dependencies]. Details - ImportResultOutputID=deec494f54bc2626566540775f019f99 DependenciesID=18f266fdd165d150a0f777a97f9b9f76 StaticDependenciesID=4893d153d98241f57ce2194d3973f089 
Number of updated asset objects reloaded before import = 0
Number of asset objects unloaded after import = 1
========================================================================
Received Import Request.
  Time of request: 2026-10-06T13:04:42.5181034Z
  Time since last request: 0.0003052 seconds.
  importAddress: GUID: 42fe78c8fe682715a2cb531422e6ccb3 - Path: Packages/com.unity.modules.imgui/package.json - Importer: ScriptedImporter/UnityEditor.QuickSearchModule:UnityEditor.Search:ASIAI0B
Importing 'GUID: 42fe78c8fe682715a2cb531422e6ccb3 - Path: Packages/com.unity.modules.imgui/package.json - Importer: ScriptedImporter/UnityEditor.QuickSearchModule:UnityEditor.Search:ASIAI0B' with importer (ScriptedImporter : UnityEditor.QuickSearchModule:UnityEditor.Search:ASIAI0B)
Imported 'GUID: 42fe78c8fe682715a2cb531422e6ccb3' -> (Import Result ID: '40d5a4232d26c24649312a38d501ea93') in 0.008 seconds [static and dynamic dependencies]. Details - ImportResultOutputID=969618591ca19d00ffc07068f2275ea7 DependenciesID=e18d6a231667cfc3de68a34912b270d9 StaticDependenciesID=04f3d155746ab74f90d33f1309b9cd3b 
Number of updated asset objects reloaded before import = 0
Number of asset objects unloaded after import = 1
========================================================================
Received Import Request.
  Time of request: 2026-10-06T13:04:42.5266871Z
  Time since last request: 0.0004816 seconds.
  importAddress: GUID: e0ae6629cc70b514889df37fccb76832 - Path: Packages/com.unity.ugui/README.md - Importer: ScriptedImporter/UnityEditor.QuickSearchModule:UnityEditor.Search:ASIAI0B
Importing 'GUID: e0ae6629cc70b514889df37fccb76832 - Path: Packages/com.unity.ugui/README.md - Importer: ScriptedImporter/UnityEditor.QuickSearchModule:UnityEditor.Search:ASIAI0B' with importer (ScriptedImporter : UnityEditor.QuickSearchModule:UnityEditor.Search:ASIAI0B)
Imported 'GUID: e0ae6629cc70b514889df37fccb76832' -> (Import Result ID: '66e8f3a6b068097a625acf731a126d91') in 0.009 seconds [static and dynamic dependencies]. Details - ImportResultOutputID=159cb59db20f380b1df7a65a6afa5cc5 DependenciesID=50d45a8136a37b23bcea1864b59a25e8 StaticDependenciesID=5dbc506ffa257804035488389aa52915 
Number of updated asset objects reloaded before import = 0
Number of asset objects unloaded after import = 1
========================================================================
Received Import Request.
  Time of request: 2026-10-06T13:04:42.5366405Z
  Time since last request: 0.0005413 seconds.
  importAddress: GUID: 44e1d646473a40178712cb2150f54cec - Path: Packages/com.unity.ugui/Editor/TMP/TMPro_ContextMenus.cs - Importer: ScriptedImporter/UnityEditor.QuickSearchModule:UnityEditor.Search:ASIAI0B
Importing 'GUID: 44e1d646473a40178712cb2150f54cec - Path: Packages/com.unity.ugui/Editor/TMP/TMPro_ContextMenus.cs - Importer: ScriptedImporter/UnityEditor.QuickSearchModule:UnityEditor.Search:ASIAI0B' with importer (ScriptedImporter : UnityEditor.QuickSearchModule:UnityEditor.Search:ASIAI0B)
Imported 'GUID: 44e1d646473a40178712cb2150f54cec' -> (Import Result ID: '16a1cc7e29601a197ebfffd5b418e591') in 0.021 seconds [static and dynamic dependencies]. Details - ImportResultOutputID=cb293cefd3707da6caf264b93fe9bb17 DependenciesID=7ee102afa86874156bd54a6145098bf6 StaticDependenciesID=a78139599d9c5236f4e2a3bd0c824b95 
Number of updated asset objects reloaded before import = 0
Number of asset objects unloaded after import = 0
========================================================================
Received Import Request.
  Time of request: 2026-10-06T13:04:42.5586889Z
  Time since last request: 0.0008798 seconds.
  importAddress: GUID: 92a378669877c05c6071d0fed687bb95 - Path: Packages/com.unity.modules.tilemap/package.json - Importer: ScriptedImporter/UnityEditor.QuickSearchModule:UnityEditor.Search:ASIAI0B
Importing 'GUID: 92a378669877c05c6071d0fed687bb95 - Path: Packages/com.unity.modules.tilemap/package.json - Importer: ScriptedImporter/UnityEditor.QuickSearchModule:UnityEditor.Search:ASIAI0B' with importer (ScriptedImporter : UnityEditor.QuickSearchModule:UnityEditor.Search:ASIAI0B)
Imported 'GUID: 92a378669877c05c6071d0fed687bb95' -> (Import Result ID: '902525f9a5c40cf029cde21a266a4fca') in 0.008 seconds [static and dynamic dependencies]. Details - ImportResultOutputID=f1cd9ed23a2343f6c3bde3cec63d6c9f DependenciesID=d143917abfed2b763dcea01b195ccf9c StaticDependenciesID=acc6563d362951178245b08d3f9d82ae 
Number of updated asset objects reloaded before import = 0
Number of asset objects unloaded after import = 1
========================================================================
Received Import Request.
  Time of request: 2026-10-06T13:04:42.6355256Z
  Time since last request: 0.0686071 seconds.
  importAddress: GUID: 35ff0937876540d3bd4b6a941df62a92 - Path: Packages/com.unity.ugui/Editor Resources/Textures/btn_AlignCenterGeo_Light.psd - Importer: ScriptedImporter/UnityEditor.QuickSearchModule:UnityEditor.Search:ASIAI0B
Importing 'GUID: 35ff0937876540d3bd4b6a941df62a92 - Path: Packages/com.unity.ugui/Editor Resources/Textures/btn_AlignCenterGeo_Light.psd - Importer: ScriptedImporter/UnityEditor.QuickSearchModule:UnityEditor.Search:ASIAI0B' with importer (ScriptedImporter : UnityEditor.QuickSearchModule:UnityEditor.Search:ASIAI0B)
Imported 'GUID: 35ff0937876540d3bd4b6a941df62a92' -> (Import Result ID: '9c22b86b6692621ad56dd26be957b327') in 0.096 seconds [static and dynamic dependencies]. Details - ImportResultOutputID=bf78483817736e9028bd551eeff137a4 DependenciesID=b3a1f123784f522c8d05aee4cb1e8aea StaticDependenciesID=49cffeeab088a82b4868f141f13153ab 
Number of updated asset objects reloaded before import = 0
Number of asset objects unloaded after import = 1
========================================================================
Received Import Request.
  Time of request: 2026-10-06T13:04:42.7323834Z
  Time since last request: 0.0006453 seconds.
  importAddress: GUID: dd2fe74169b54bf58fca17288513ef38 - Path: Packages/com.unity.ugui/Editor/TMP/TMP_SubMesh_Editor.cs - Importer: ScriptedImporter/UnityEditor.QuickSearchModule:UnityEditor.Search:ASIAI0B
Importing 'GUID: dd2fe74169b54bf58fca17288513ef38 - Path: Packages/com.unity.ugui/Editor/TMP/TMP_SubMesh_Editor.cs - Importer: ScriptedImporter/UnityEditor.QuickSearchModule:UnityEditor.Search:ASIAI0B' with importer (ScriptedImporter : UnityEditor.QuickSearchModule:UnityEditor.Search:ASIAI0B)
Imported 'GUID: dd2fe74169b54bf58fca17288513ef38' -> (Import Result ID: '05bf2d8b63d442eac74d1b183981ea97') in 0.006 seconds [static and dynamic dependencies]. Details - ImportResultOutputID=49b735af5ff94e49418084fd791d4d41 DependenciesID=ed745d8db622b81b5257d8357e28f2e9 StaticDependenciesID=86c10cb603bf2662cc9e56a6d5d52609 
Number of updated asset objects reloaded before import = 0
Number of asset objects unloaded after import = 0
========================================================================
Received Import Request.
  Time of request: 2026-10-06T13:04:42.7398552Z
  Time since last request: 0.0007629 seconds.
  importAddress: GUID: b09be1f217d34247af54863a2f5587e1 - Path: Packages/com.unity.ugui/Editor/TMP/TMP_SpriteAssetEditor.cs - Importer: ScriptedImporter/UnityEditor.QuickSearchModule:UnityEditor.Search:ASIAI0B
Importing 'GUID: b09be1f217d34247af54863a2f5587e1 - Path: Packages/com.unity.ugui/Editor/TMP/TMP_SpriteAssetEditor.cs - Importer: ScriptedImporter/UnityEditor.QuickSearchModule:UnityEditor.Search:ASIAI0B' with importer (ScriptedImporter : UnityEditor.QuickSearchModule:UnityEditor.Search:ASIAI0B)
Imported 'GUID: b09be1f217d34247af54863a2f5587e1' -> (Import Result ID: 'fa8a1d73b1a3a489530fcf8a292ea125') in 0.007 seconds [static and dynamic dependencies]. Details - ImportResultOutputID=7d2a9036cc42ff74dc0dedb094138b72 DependenciesID=79953ab17e1a49e4349bed50d8e0691c StaticDependenciesID=896f8a7dd72520f3ce1e3b86d46b9f38 
Number of updated asset objects reloaded before import = 0
Number of asset objects unloaded after import = 0
========================================================================
Received Import Request.
  Time of request: 2026-10-06T13:04:42.7480061Z
  Time since last request: 0.0008849 seconds.
  importAddress: GUID: 41b96614b2e6494ba995ddcd252d11ae - Path: Packages/com.unity.ugui/Editor Resources/Textures/btn_AlignMiddle.psd - Importer: ScriptedImporter/UnityEditor.QuickSearchModule:UnityEditor.Search:ASIAI0B
Importing 'GUID: 41b96614b2e6494ba995ddcd252d11ae - Path: Packages/com.unity.ugui/Editor Resources/Textures/btn_AlignMiddle.psd - Importer: ScriptedImporter/UnityEditor.QuickSearchModule:UnityEditor.Search:ASIAI0B' with importer (ScriptedImporter : UnityEditor.QuickSearchModule:UnityEditor.Search:ASIAI0B)
Imported 'GUID: 41b96614b2e6494ba995ddcd252d11ae' -> (Import Result ID: 'a381785a349dd847aade7891b6dbe37d') in 0.012 seconds [static and dynamic dependencies]. Details - ImportResultOutputID=40379260066cdc7b472b5cb41c66e5a7 DependenciesID=382fa1d563d1661b5812fa2e18ec4264 StaticDependenciesID=7dcab359f3ee80f3688d7a1af074d0a4 
Number of updated asset objects reloaded before import = 0
Number of asset objects unloaded after import = 1
========================================================================
Received Import Request.
  Time of request: 2026-10-06T13:04:42.7609014Z
  Time since last request: 0.0006112 seconds.
  importAddress: GUID: 9c442dc870b456e48b615cd8add0e9ef - Path: Packages/com.unity.ugui/Editor Resources/Shaders/TMP_SDF Internal Editor.shader - Importer: ScriptedImporter/UnityEditor.QuickSearchModule:UnityEditor.Search:ASIAI0B
Importing 'GUID: 9c442dc870b456e48b615cd8add0e9ef - Path: Packages/com.unity.ugui/Editor Resources/Shaders/TMP_SDF Internal Editor.shader - Importer: ScriptedImporter/UnityEditor.QuickSearchModule:UnityEditor.Search:ASIAI0B' with importer (ScriptedImporter : UnityEditor.QuickSearchModule:UnityEditor.Search:ASIAI0B)
Imported 'GUID: 9c442dc870b456e48b615cd8add0e9ef' -> (Import Result ID: '3ec0b37cbcc69d543ee9c12ad3c52089') in 0.017 seconds [static and dynamic dependencies]. Details - ImportResultOutputID=d2b1227a582f26e5711e0606d9ebbfb9 DependenciesID=e0e05ca2ee1e213f2894be67519b97ad StaticDependenciesID=8c16d7321999e43099cdb5997f17ad14 
Number of updated asset objects reloaded before import = 0
Number of asset objects unloaded after import = 1
========================================================================
Received Import Request.
  Time of request: 2026-10-06T13:04:42.779224Z
  Time since last request: 0.0006595 seconds.
  importAddress: GUID: fb5730e24283d0c489e5c7d0bee023d9 - Path: Packages/com.unity.ugui/Editor Resources/Textures/SectionHeader_Dark.psd - Importer: ScriptedImporter/UnityEditor.QuickSearchModule:UnityEditor.Search:ASIAI0B
Importing 'GUID: fb5730e24283d0c489e5c7d0bee023d9 - Path: Packages/com.unity.ugui/Editor Resources/Textures/SectionHeader_Dark.psd - Importer: ScriptedImporter/UnityEditor.QuickSearchModule:UnityEditor.Search:ASIAI0B' with importer (ScriptedImporter : UnityEditor.QuickSearchModule:UnityEditor.Search:ASIAI0B)
Imported 'GUID: fb5730e24283d0c489e5c7d0bee023d9' -> (Import Result ID: '2f37afba3a5d810717979b6919e8b5b8') in 0.015 seconds [static and dynamic dependencies]. Details - ImportResultOutputID=939a25ce020636a44cdb64d1560f8081 DependenciesID=cf38c5e8b3c6a6ccf305d0dfc86ef66b StaticDependenciesID=172c35671385c2080a1a8ef958208b29 
Number of updated asset objects reloaded before import = 0
Number of asset objects unloaded after import = 1
========================================================================
Received Import Request.
  Time of request: 2026-10-06T13:04:42.7954711Z
  Time since last request: 0.0005923 seconds.
  importAddress: GUID: 0d9a36012a224080966c7b55896aa0f9 - Path: Packages/com.unity.ugui/Editor Resources/Textures/btn_AlignCapLine.psd - Importer: ScriptedImporter/UnityEditor.QuickSearchModule:UnityEditor.Search:ASIAI0B
Importing 'GUID: 0d9a36012a224080966c7b55896aa0f9 - Path: Packages/com.unity.ugui/Editor Resources/Textures/btn_AlignCapLine.psd - Importer: ScriptedImporter/UnityEditor.QuickSearchModule:UnityEditor.Search:ASIAI0B' with importer (ScriptedImporter : UnityEditor.QuickSearchModule:UnityEditor.Search:ASIAI0B)
Imported 'GUID: 0d9a36012a224080966c7b55896aa0f9' -> (Import Result ID: 'd6273ab9047279ad19e64715c4965c32') in 0.016 seconds [static and dynamic dependencies]. Details - ImportResultOutputID=d2491008ca3da91032a70d4829e4f29a DependenciesID=0756874e103bb4dcf4fe4d63158c4374 StaticDependenciesID=5218854ee76c4118d03995fd534ef9b7 
Number of updated asset objects reloaded before import = 0
Number of asset objects unloaded after import = 1
========================================================================
Received Import Request.
  Time of request: 2026-10-06T13:04:42.8126346Z
  Time since last request: 0.0006307 seconds.
  importAddress: GUID: ed041e68439749a69d0efa0e3d896c2e - Path: Packages/com.unity.ugui/Editor Resources/Textures/btn_AlignTop_Light.psd - Importer: ScriptedImporter/UnityEditor.QuickSearchModule:UnityEditor.Search:ASIAI0B
Importing 'GUID: ed041e68439749a69d0efa0e3d896c2e - Path: Packages/com.unity.ugui/Editor Resources/Textures/btn_AlignTop_Light.psd - Importer: ScriptedImporter/UnityEditor.QuickSearchModule:UnityEditor.Search:ASIAI0B' with importer (ScriptedImporter : UnityEditor.QuickSearchModule:UnityEditor.Search:ASIAI0B)
Imported 'GUID: ed041e68439749a69d0efa0e3d896c2e' -> (Import Result ID: '22975280019db41bdb5be49140271ac1') in 0.013 seconds [static and dynamic dependencies]. Details - ImportResultOutputID=acf8ce647186fb1b9fd0924f56c5c8bb DependenciesID=b0ac7ab61fb820a4c7b4edeba846438c StaticDependenciesID=56125e8ebb2178f13e86ffe16ffabf07 
Number of updated asset objects reloaded before import = 0
Number of asset objects unloaded after import = 1
========================================================================
Received Import Request.
  Time of request: 2026-10-06T13:04:42.8265309Z
  Time since last request: 0.0005657 seconds.
  importAddress: GUID: 18775b51e3bd42299fd30bd036ea982f - Path: Packages/com.unity.ugui/Editor Resources/Textures/btn_AlignBaseLine_Light.psd - Importer: ScriptedImporter/UnityEditor.QuickSearchModule:UnityEditor.Search:ASIAI0B
Importing 'GUID: 18775b51e3bd42299fd30bd036ea982f - Path: Packages/com.unity.ugui/Editor Resources/Textures/btn_AlignBaseLine_Light.psd - Importer: ScriptedImporter/UnityEditor.QuickSearchModule:UnityEditor.Search:ASIAI0B' with importer (ScriptedImporter : UnityEditor.QuickSearchModule:UnityEditor.Search:ASIAI0B)
Imported 'GUID: 18775b51e3bd42299fd30bd036ea982f' -> (Import Result ID: '5164b29a195d6b542d1366200291ce4a') in 0.016 seconds [static and dynamic dependencies]. Details - ImportResultOutputID=6775fdd78752cecf2760852016578be7 DependenciesID=14b8d930f3ae9a1a40b94ca19b157568 StaticDependenciesID=a68799cb0820c3d1c6698bc8c167e05a 
Number of updated asset objects reloaded before import = 0
Number of asset objects unloaded after import = 1
========================================================================
Received Import Request.
  Time of request: 2026-10-06T13:04:42.8436149Z
  Time since last request: 0.0006388 seconds.
  importAddress: GUID: f1ea944dcf8849ebab391e461b99ccb7 - Path: Packages/com.unity.ugui/Editor/TMP/TMP_SpriteAssetImporter.cs - Importer: ScriptedImporter/UnityEditor.QuickSearchModule:UnityEditor.Search:ASIAI0B
Importing 'GUID: f1ea944dcf8849ebab391e461b99ccb7 - Path: Packages/com.unity.ugui/Editor/TMP/TMP_SpriteAssetImporter.cs - Importer: ScriptedImporter/UnityEditor.QuickSearchModule:UnityEditor.Search:ASIAI0B' with importer (ScriptedImporter : UnityEditor.QuickSearchModule:UnityEditor.Search:ASIAI0B)
Imported 'GUID: f1ea944dcf8849ebab391e461b99ccb7' -> (Import Result ID: 'b1043de47685ca6ec642ab8002c2e5a3') in 0.007 seconds [static and dynamic dependencies]. Details - ImportResultOutputID=9c6020b43bfa08273d01b59a25744df2 DependenciesID=23a36a1f8d1c56202433fd8cba77e5a9 StaticDependenciesID=1c567c054acc53bd67c51cefd9b8c021 
Number of updated asset objects reloaded before import = 0
Number of asset objects unloaded after import = 0
========================================================================
Received Import Request.
  Time of request: 2026-10-06T13:04:42.8515817Z
  Time since last request: 0.0006328 seconds.
  importAddress: GUID: e05ace3bd15740cda0bad60d89092a5b - Path: Packages/com.unity.ugui/Editor Resources/Textures/btn_AlignRight_Light.psd - Importer: ScriptedImporter/UnityEditor.QuickSearchModule:UnityEditor.Search:ASIAI0B
Importing 'GUID: e05ace3bd15740cda0bad60d89092a5b - Path: Packages/com.unity.ugui/Editor Resources/Textures/btn_AlignRight_Light.psd - Importer: ScriptedImporter/UnityEditor.QuickSearchModule:UnityEditor.Search:ASIAI0B' with importer (ScriptedImporter : UnityEditor.QuickSearchModule:UnityEditor.Search:ASIAI0B)
Imported 'GUID: e05ace3bd15740cda0bad60d89092a5b' -> (Import Result ID: 'dffd2e6d0816e57a11f3071874f87c43') in 0.012 seconds [static and dynamic dependencies]. Details - ImportResultOutputID=cda04fac0baba086b64739f1e1444d1f DependenciesID=0715b5ab4ec9818d23485b19e3bc3c41 StaticDependenciesID=87f30f52c82550e9973c2a8ba925e794 
Number of updated asset objects reloaded before import = 0
Number of asset objects unloaded after import = 1
========================================================================
Received Import Request.
  Time of request: 2026-10-06T13:04:42.8643866Z
  Time since last request: 0.0005872 seconds.
  importAddress: GUID: 0e751e877ed14d71a6b8e63ac54949cf - Path: Packages/com.unity.ugui/Editor/TMP/TMP_ProjectTextSettings.cs - Importer: ScriptedImporter/UnityEditor.QuickSearchModule:UnityEditor.Search:ASIAI0B
Importing 'GUID: 0e751e877ed14d71a6b8e63ac54949cf - Path: Packages/com.unity.ugui/Editor/TMP/TMP_ProjectTextSettings.cs - Importer: ScriptedImporter/UnityEditor.QuickSearchModule:UnityEditor.Search:ASIAI0B' with importer (ScriptedImporter : UnityEditor.QuickSearchModule:UnityEditor.Search:ASIAI0B)
Imported 'GUID: 0e751e877ed14d71a6b8e63ac54949cf' -> (Import Result ID: 'ed4ec299b1f2e837b83619e26f85aba8') in 0.008 seconds [static and dynamic dependencies]. Details - ImportResultOutputID=3da816c7fcfa8b4bfbf1d8c82e418382 DependenciesID=c2cf84856279d8784d51215b112d6dfe StaticDependenciesID=0be10f2751c50fae08b1e8bd8dc2ebe4 
Number of updated asset objects reloaded before import = 0
Number of asset objects unloaded after import = 0
========================================================================
Received Import Request.
  Time of request: 2026-10-06T13:04:42.8734819Z
  Time since last request: 0.0007169 seconds.
  importAddress: GUID: 12736c98af174f91827a26b66d2b01b9 - Path: Packages/com.unity.ugui/Editor Resources/Textures/btn_AlignLeft_Light.psd - Importer: ScriptedImporter/UnityEditor.QuickSearchModule:UnityEditor.Search:ASIAI0B
Importing 'GUID: 12736c98af174f91827a26b66d2b01b9 - Path: Packages/com.unity.ugui/Editor Resources/Textures/btn_AlignLeft_Light.psd - Importer: ScriptedImporter/UnityEditor.QuickSearchModule:UnityEditor.Search:ASIAI0B' with importer (ScriptedImporter : UnityEditor.QuickSearchModule:UnityEditor.Search:ASIAI0B)
Imported 'GUID: 12736c98af174f91827a26b66d2b01b9' -> (Import Result ID: '5e80d687834b66b50c13f3bef4c71ab5') in 0.013 seconds [static and dynamic dependencies]. Details - ImportResultOutputID=a297d21cd411c9b2347ccc47019a09c1 DependenciesID=8c14ca511a5f89027c99f138826dff3b StaticDependenciesID=d5dae82ac2804330017850d2dcd6fc3a 
Number of updated asset objects reloaded before import = 0
Number of asset objects unloaded after import = 1
========================================================================
Received Import Request.
  Time of request: 2026-10-06T13:04:42.888071Z
  Time since last request: 0.0007802 seconds.
  importAddress: GUID: 34f6695d37a94370a3697f6b068f5d5e - Path: Packages/com.unity.ugui/Editor/TMP/TMP_EditorPanel.cs - Importer: ScriptedImporter/UnityEditor.QuickSearchModule:UnityEditor.Search:ASIAI0B
Importing 'GUID: 34f6695d37a94370a3697f6b068f5d5e - Path: Packages/com.unity.ugui/Editor/TMP/TMP_EditorPanel.cs - Importer: ScriptedImporter/UnityEditor.QuickSearchModule:UnityEditor.Search:ASIAI0B' with importer (ScriptedImporter : UnityEditor.QuickSearchModule:UnityEditor.Search:ASIAI0B)
Imported 'GUID: 34f6695d37a94370a3697f6b068f5d5e' -> (Import Result ID: 'b1799c5882a06de835108c5e79288230') in 0.011 seconds [static and dynamic dependencies]. Details - ImportResultOutputID=2648f7f4b8893427ad17bd27c71e60cb DependenciesID=fbc2ebae499544d369b288177e8d2a71 StaticDependenciesID=00ba487e0f565e3ff7e770ee52e65e8f 
Number of updated asset objects reloaded before import = 0
Number of asset objects unloaded after import = 0
========================================================================
Received Import Request.
  Time of request: 2026-10-06T13:04:42.9001098Z
  Time since last request: 0.0008401 seconds.
  importAddress: GUID: 2fd6421f253b4ef1a19526541f9ffc0c - Path: Packages/com.unity.ugui/Editor Resources/Gizmos/TMP - Text Component Icon.psd - Importer: ScriptedImporter/UnityEditor.QuickSearchModule:UnityEditor.Search:ASIAI0B
Importing 'GUID: 2fd6421f253b4ef1a19526541f9ffc0c - Path: Packages/com.unity.ugui/Editor Resources/Gizmos/TMP - Text Component Icon.psd - Importer: ScriptedImporter/UnityEditor.QuickSearchModule:UnityEditor.Search:ASIAI0B' with importer (ScriptedImporter : UnityEditor.QuickSearchModule:UnityEditor.Search:ASIAI0B)
Imported 'GUID: 2fd6421f253b4ef1a19526541f9ffc0c' -> (Import Result ID: '583d4e48ef4c464ffce435c4f910121d') in 0.015 seconds [static and dynamic dependencies]. Details - ImportResultOutputID=a536fc429f95b611d9f6f2767d114cad DependenciesID=4ef1bee602ef1c99e4dfc675c5691379 StaticDependenciesID=a94ad2c6cd7b10ba9269487ef444bc48 
Number of updated asset objects reloaded before import = 0
Number of asset objects unloaded after import = 1
========================================================================
Received Import Request.
  Time of request: 2026-10-06T13:04:42.9156442Z
  Time since last request: 0.000518 seconds.
  importAddress: GUID: fa6bd40a216346b783a4cce741d277a5 - Path: Packages/com.unity.ugui/Editor Resources/Textures/btn_AlignJustified_Light.psd - Importer: ScriptedImporter/UnityEditor.QuickSearchModule:UnityEditor.Search:ASIAI0B
Importing 'GUID: fa6bd40a216346b783a4cce741d277a5 - Path: Packages/com.unity.ugui/Editor Resources/Textures/btn_AlignJustified_Light.psd - Importer: ScriptedImporter/UnityEditor.QuickSearchModule:UnityEditor.Search:ASIAI0B' with importer (ScriptedImporter : UnityEditor.QuickSearchModule:UnityEditor.Search:ASIAI0B)
Imported 'GUID: fa6bd40a216346b783a4cce741d277a5' -> (Import Result ID: '2ac659028509f07238e2e75974272fae') in 0.014 seconds [static and dynamic dependencies]. Details - ImportResultOutputID=044f8f279d2b140fe2c2d6e9f4b03370 DependenciesID=05de8ce423aa0ac2e442019a35766b72 StaticDependenciesID=25a4214198ced0c4a0d5841131aa9880 
Number of updated asset objects reloaded before import = 0
Number of asset objects unloaded after import = 1
========================================================================
Received Import Request.
  Time of request: 2026-10-06T13:04:42.9303189Z
  Time since last request: 0.0007026 seconds.
  importAddress: GUID: bb42b2d967d6427983c901a4ffc8ecd9 - Path: Packages/com.unity.ugui/Editor Resources/Textures/btn_AlignMidline_Light.psd - Importer: ScriptedImporter/UnityEditor.QuickSearchModule:UnityEditor.Search:ASIAI0B
Importing 'GUID: bb42b2d967d6427983c901a4ffc8ecd9 - Path: Packages/com.unity.ugui/Editor Resources/Textures/btn_AlignMidline_Light.psd - Importer: ScriptedImporter/UnityEditor.QuickSearchModule:UnityEditor.Search:ASIAI0B' with importer (ScriptedImporter : UnityEditor.QuickSearchModule:UnityEditor.Search:ASIAI0B)
Imported 'GUID: bb42b2d967d6427983c901a4ffc8ecd9' -> (Import Result ID: '21703da17a31dd8265add1f66ea7bbd6') in 0.014 seconds [static and dynamic dependencies]. Details - ImportResultOutputID=7620f3ffc507b296cf1c01da72266512 DependenciesID=75c2f0e4be879b89931ca8f0c929eaf5 StaticDependenciesID=31637b4c72b7ed0a730d8758f466300e 
Number of updated asset objects reloaded before import = 0
Number of asset objects unloaded after import = 1
========================================================================
Received Import Request.
  Time of request: 2026-10-06T13:04:42.9604085Z
  Time since last request: 0.0157688 seconds.
  importAddress: GUID: 326e2b1b31fc06d4fa884c803b27b46a - Path: Packages/com.unity.ugui/Runtime/TMP/FontFeatureCommon.cs - Importer: ScriptedImporter/UnityEditor.QuickSearchModule:UnityEditor.Search:ASIAI0B
Importing 'GUID: 326e2b1b31fc06d4fa884c803b27b46a - Path: Packages/com.unity.ugui/Runtime/TMP/FontFeatureCommon.cs - Importer: ScriptedImporter/UnityEditor.QuickSearchModule:UnityEditor.Search:ASIAI0B' with importer (ScriptedImporter : UnityEditor.QuickSearchModule:UnityEditor.Search:ASIAI0B)
Imported 'GUID: 326e2b1b31fc06d4fa884c803b27b46a' -> (Import Result ID: '082f0cc1411cb4d58547dd856f21474e') in 0.008 seconds [static and dynamic dependencies]. Details - ImportResultOutputID=c3de2d09404ba3ded32711ff5c8e94f6 DependenciesID=fbfb8458e516c65b55628591146ccc69 StaticDependenciesID=3720dbea317fce2bcd4b7c4341977c83 
Number of updated asset objects reloaded before import = 0
Number of asset objects unloaded after import = 0
========================================================================
Received Import Request.
  Time of request: 2026-10-06T13:04:42.969385Z
  Time since last request: 0.0008323 seconds.
  importAddress: GUID: aaf9006568d76504f982305b517fb490 - Path: Packages/com.unity.ugui/Runtime/TMP/TMP_DynamicFontAssetUtilities.cs - Importer: ScriptedImporter/UnityEditor.QuickSearchModule:UnityEditor.Search:ASIAI0B
Importing 'GUID: aaf9006568d76504f982305b517fb490 - Path: Packages/com.unity.ugui/Runtime/TMP/TMP_DynamicFontAssetUtilities.cs - Importer: ScriptedImporter/UnityEditor.QuickSearchModule:UnityEditor.Search:ASIAI0B' with importer (ScriptedImporter : UnityEditor.QuickSearchModule:UnityEditor.Search:ASIAI0B)
Imported 'GUID: aaf9006568d76504f982305b517fb490' -> (Import Result ID: 'cd44574b7ba027b599292b66d9fcae31') in 0.007 seconds [static and dynamic dependencies]. Details - ImportResultOutputID=ac028ab322efc1845bd6e879aadfdb49 DependenciesID=efa8d20879a3bcd2fab981bac090b127 StaticDependenciesID=a8c865130332965da11e2554259531a9 
Number of updated asset objects reloaded before import = 0
Number of asset objects unloaded after import = 0
========================================================================
Received Import Request.
  Time of request: 2026-10-06T13:04:42.9769017Z
  Time since last request: 0.0006241 seconds.
  importAddress: GUID: 27df3b12f30d0b74a9b10a3968c402ff - Path: Packages/com.unity.ugui/Runtime/TMP/TMP_FontFeaturesCommon.cs - Importer: ScriptedImporter/UnityEditor.QuickSearchModule:UnityEditor.Search:ASIAI0B
Importing 'GUID: 27df3b12f30d0b74a9b10a3968c402ff - Path: Packages/com.unity.ugui/Runtime/TMP/TMP_FontFeaturesCommon.cs - Importer: ScriptedImporter/UnityEditor.QuickSearchModule:UnityEditor.Search:ASIAI0B' with importer (ScriptedImporter : UnityEditor.QuickSearchModule:UnityEditor.Search:ASIAI0B)
Imported 'GUID: 27df3b12f30d0b74a9b10a3968c402ff' -> (Import Result ID: 'fdc295bbd73de1d7d7c837515361b5e3') in 0.006 seconds [static and dynamic dependencies]. Details - ImportResultOutputID=e87b04c8c78acc6036c996cb32d42625 DependenciesID=2a5487ccf41ef97f4d3e7810b0652670 StaticDependenciesID=1bb76ffccc23356e348bac93dac42c86 
Number of updated asset objects reloaded before import = 0
Number of asset objects unloaded after import = 0
========================================================================
Received Import Request.
  Time of request: 2026-10-06T13:04:42.9837331Z
  Time since last request: 0.0004093 seconds.
  importAddress: GUID: 96e9072453a441618754c478755b3028 - Path: Packages/com.unity.ugui/Runtime/TMP/TMPro_EventManager.cs - Importer: ScriptedImporter/UnityEditor.QuickSearchModule:UnityEditor.Search:ASIAI0B
Importing 'GUID: 96e9072453a441618754c478755b3028 - Path: Packages/com.unity.ugui/Runtime/TMP/TMPro_EventManager.cs - Importer: ScriptedImporter/UnityEditor.QuickSearchModule:UnityEditor.Search:ASIAI0B' with importer (ScriptedImporter : UnityEditor.QuickSearchModule:UnityEditor.Search:ASIAI0B)
Imported 'GUID: 96e9072453a441618754c478755b3028' -> (Import Result ID: 'ee7c9a2149e9ab978426ed4eb948a2e6') in 0.007 seconds [static and dynamic dependencies]. Details - ImportResultOutputID=01201b6559c322949188523101498864 DependenciesID=e06b875ac1f7509e65a5ef35a65efc0e StaticDependenciesID=302cc83be453a6de98c3e5bd61c9f8b5 
Number of updated asset objects reloaded before import = 0
Number of asset objects unloaded after import = 0
========================================================================
Received Import Request.
  Time of request: 2026-10-06T13:04:42.9918956Z
  Time since last request: 0.000469 seconds.
  importAddress: GUID: 84a92b25f83d49b9bc132d206b370281 - Path: Packages/com.unity.ugui/Runtime/TMP/TMP_SpriteAsset.cs - Importer: ScriptedImporter/UnityEditor.QuickSearchModule:UnityEditor.Search:ASIAI0B
Importing 'GUID: 84a92b25f83d49b9bc132d206b370281 - Path: Packages/com.unity.ugui/Runtime/TMP/TMP_SpriteAsset.cs - Importer: ScriptedImporter/UnityEditor.QuickSearchModule:UnityEditor.Search:ASIAI0B' with importer (ScriptedImporter : UnityEditor.QuickSearchModule:UnityEditor.Search:ASIAI0B)
Imported 'GUID: 84a92b25f83d49b9bc132d206b370281' -> (Import Result ID: 'f12fe724c756642feab71179f1e3fff1') in 0.009 seconds [static and dynamic dependencies]. Details - ImportResultOutputID=847acd0ae07752b9ccb554014cc7d716 DependenciesID=702cc1a5d111275b1ccef3377ea7b21f StaticDependenciesID=756d07c73843af6fe7a1bf660e4ab8dd 
Number of updated asset objects reloaded before import = 0
Number of asset objects unloaded after import = 1
========================================================================
Received Import Request.
  Time of request: 2026-10-06T13:04:43.0013745Z
  Time since last request: 0.0004858 seconds.
  importAddress: GUID: 322392995be44d23a3c86cfd972f838f - Path: Packages/com.unity.ugui/Runtime/TMP/TMP_DefaultControls.cs - Importer: ScriptedImporter/UnityEditor.QuickSearchModule:UnityEditor.Search:ASIAI0B
Importing 'GUID: 322392995be44d23a3c86cfd972f838f - Path: Packages/com.unity.ugui/Runtime/TMP/TMP_DefaultControls.cs - Importer: ScriptedImporter/UnityEditor.QuickSearchModule:UnityEditor.Search:ASIAI0B' with importer (ScriptedImporter : UnityEditor.QuickSearchModule:UnityEditor.Search:ASIAI0B)
Imported 'GUID: 322392995be44d23a3c86cfd972f838f' -> (Import Result ID: 'b98074e8d4c936bfb640d47808cc553e') in 0.007 seconds [static and dynamic dependencies]. Details - ImportResultOutputID=68e2150cfa7944b3e7d7da3800592c8c DependenciesID=6ce73c685568da8eebfa8befbe61acd6 StaticDependenciesID=9c8f98901e83e69fb41ff79b8dada66e 
Number of updated asset objects reloaded before import = 0
Number of asset objects unloaded after import = 0
========================================================================
Received Import Request.
  Time of request: 2026-10-06T13:04:43.0089707Z
  Time since last request: 0.0006347 seconds.
  importAddress: GUID: afc31ad767318c9488de260c166cd21d - Path: Packages/com.unity.ugui/Runtime/TMP/ITextPreProcessor.cs - Importer: ScriptedImporter/UnityEditor.QuickSearchModule:UnityEditor.Search:ASIAI0B
Importing 'GUID: afc31ad767318c9488de260c166cd21d - Path: Packages/com.unity.ugui/Runtime/TMP/ITextPreProcessor.cs - Importer: ScriptedImporter/UnityEditor.QuickSearchModule:UnityEditor.Search:ASIAI0B' with importer (ScriptedImporter : UnityEditor.QuickSearchModule:UnityEditor.Search:ASIAI0B)
Imported 'GUID: afc31ad767318c9488de260c166cd21d' -> (Import Result ID: '88d7658dbe85b0e755124c4129ed7e81') in 0.008 seconds [static and dynamic dependencies]. Details - ImportResultOutputID=0c0fae9fb5723baf14cdddb1ea300b1d DependenciesID=b7c9ef933afc34de9651146e7e73f47e StaticDependenciesID=ecd2b1d4aeca51cb19a3cdab7ba48b00 
Number of updated asset objects reloaded before import = 0
Number of asset objects unloaded after import = 0
========================================================================
Received Import Request.
  Time of request: 2026-10-06T13:04:43.0175443Z
  Time since last request: 0.0005667 seconds.
  importAddress: GUID: b6e75d7f429a4e7e9e1ffb4f85cff49f - Path: Packages/com.unity.ugui/Runtime/TMP/TMP_LineInfo.cs - Importer: ScriptedImporter/UnityEditor.QuickSearchModule:UnityEditor.Search:ASIAI0B
Importing 'GUID: b6e75d7f429a4e7e9e1ffb4f85cff49f - Path: Packages/com.unity.ugui/Runtime/TMP/TMP_LineInfo.cs - Importer: ScriptedImporter/UnityEditor.QuickSearchModule:UnityEditor.Search:ASIAI0B' with importer (ScriptedImporter : UnityEditor.QuickSearchModule:UnityEditor.Search:ASIAI0B)
Imported 'GUID: b6e75d7f429a4e7e9e1ffb4f85cff49f' -> (Import Result ID: 'dac9907ea2bcdea479c01a47a73c4991') in 0.007 seconds [static and dynamic dependencies]. Details - ImportResultOutputID=71f2b93e5acc18c348845b977aa9f472 DependenciesID=cb7c5620ba1831bc9c34a9fa9f1d071b StaticDependenciesID=ab5ad4e24cc0e1656a37f72f4c7ae3de 
Number of updated asset objects reloaded before import = 0
Number of asset objects unloaded after import = 0
========================================================================
Received Import Request.
  Time of request: 2026-10-06T13:04:43.0251574Z
  Time since last request: 0.0006069 seconds.
  importAddress: GUID: 54d21f6ece3b46479f0c328f8c6007e0 - Path: Packages/com.unity.ugui/Runtime/TMP/TMP_ColorGradient.cs - Importer: ScriptedImporter/UnityEditor.QuickSearchModule:UnityEditor.Search:ASIAI0B
Importing 'GUID: 54d21f6ece3b46479f0c328f8c6007e0 - Path: Packages/com.unity.ugui/Runtime/TMP/TMP_ColorGradient.cs - Importer: ScriptedImporter/UnityEditor.QuickSearchModule:UnityEditor.Search:ASIAI0B' with importer (ScriptedImporter : UnityEditor.QuickSearchModule:UnityEditor.Search:ASIAI0B)
Imported 'GUID: 54d21f6ece3b46479f0c328f8c6007e0' -> (Import Result ID: '9dcd3ec934d15e660bef900cd3bfb18e') in 0.006 seconds [static and dynamic dependencies]. Details - ImportResultOutputID=2b490fba068f0d68f5fcbedee75091c0 DependenciesID=c99b75a4434b5f839da9a6ba43cbfe57 StaticDependenciesID=0afaefdc51386b4a6e43dd4cae1697d0 
Number of updated asset objects reloaded before import = 0
Number of asset objects unloaded after import = 0
========================================================================
Received Import Request.
  Time of request: 2026-10-06T13:04:43.0323303Z
  Time since last request: 0.0005411 seconds.
  importAddress: GUID: 58c9792f08de21b4194eb2f9d862dc22 - Path: Packages/com.unity.ugui/Runtime/UGUI/AssemblyInfo.cs - Importer: ScriptedImporter/UnityEditor.QuickSearchModule:UnityEditor.Search:ASIAI0B
Importing 'GUID: 58c9792f08de21b4194eb2f9d862dc22 - Path: Packages/com.unity.ugui/Runtime/UGUI/AssemblyInfo.cs - Importer: ScriptedImporter/UnityEditor.QuickSearchModule:UnityEditor.Search:ASIAI0B' with importer (ScriptedImporter : UnityEditor.QuickSearchModule:UnityEditor.Search:ASIAI0B)
Imported 'GUID: 58c9792f08de21b4194eb2f9d862dc22' -> (Import Result ID: 'b602ac379db0fb59f291f460719d9371') in 0.006 seconds [static and dynamic dependencies]. Details - ImportResultOutputID=f5b1ec35fab8c56a74a193758511918f DependenciesID=3253df28815572a5a20f5d90bc6aab07 StaticDependenciesID=ce36cf212c2c99e5eb32f71f98bf4265 
Number of updated asset objects reloaded before import = 0
Number of asset objects unloaded after import = 0
========================================================================
Received Import Request.
  Time of request: 2026-10-06T13:04:43.0396229Z
  Time since last request: 0.000495 seconds.
  importAddress: GUID: 4f0ca6874aa74540bb3d4fe5a0f86bcc - Path: Packages/com.unity.ugui/Runtime/TMP/TMP_TextUtilities.cs - Importer: ScriptedImporter/UnityEditor.QuickSearchModule:UnityEditor.Search:ASIAI0B
Importing 'GUID: 4f0ca6874aa74540bb3d4fe5a0f86bcc - Path: Packages/com.unity.ugui/Runtime/TMP/TMP_TextUtilities.cs - Importer: ScriptedImporter/UnityEditor.QuickSearchModule:UnityEditor.Search:ASIAI0B' with importer (ScriptedImporter : UnityEditor.QuickSearchModule:UnityEditor.Search:ASIAI0B)
Imported 'GUID: 4f0ca6874aa74540bb3d4fe5a0f86bcc' -> (Import Result ID: 'f1e39b93872bcd72db9894d1099b7e1a') in 0.007 seconds [static and dynamic dependencies]. Details - ImportResultOutputID=307fd1df918eea35b1885a77f444a9ff DependenciesID=4484f027c12c50d64efb2e60d12b1325 StaticDependenciesID=5a22d75c002b2b657921499dc9e1e96c 
Number of updated asset objects reloaded before import = 0
Number of asset objects unloaded after import = 0
========================================================================
Received Import Request.
  Time of request: 2026-10-06T13:04:43.0476715Z
  Time since last request: 0.0004692 seconds.
  importAddress: GUID: 87ab1bebe13f41f89d5427e7d2c34d58 - Path: Packages/com.unity.ugui/Runtime/TMP/TMP_TextElement_Legacy.cs - Importer: ScriptedImporter/UnityEditor.QuickSearchModule:UnityEditor.Search:ASIAI0B
Importing 'GUID: 87ab1bebe13f41f89d5427e7d2c34d58 - Path: Packages/com.unity.ugui/Runtime/TMP/TMP_TextElement_Legacy.cs - Importer: ScriptedImporter/UnityEditor.QuickSearchModule:UnityEditor.Search:ASIAI0B' with importer (ScriptedImporter : UnityEditor.QuickSearchModule:UnityEditor.Search:ASIAI0B)
Imported 'GUID: 87ab1bebe13f41f89d5427e7d2c34d58' -> (Import Result ID: '9044fc12ab0e6fc2608b1b0a1547b25d') in 0.008 seconds [static and dynamic dependencies]. Details - ImportResultOutputID=8c24002f7a5043ff946f1562b6136bcd DependenciesID=1ada1990d239453ff9ba524a9f186ac6 StaticDependenciesID=73dc4dc4e07a00892f306c566a442b42 
Number of updated asset objects reloaded before import = 0
Number of asset objects unloaded after import = 0
========================================================================
Received Import Request.
  Time of request: 2026-10-06T13:04:43.0569988Z
  Time since last request: 0.000686 seconds.
  importAddress: GUID: 71c1514a6bd24e1e882cebbe1904ce04 - Path: Packages/com.unity.ugui/Runtime/TMP/TMP_FontAsset.cs - Importer: ScriptedImporter/UnityEditor.QuickSearchModule:UnityEditor.Search:ASIAI0B
Importing 'GUID: 71c1514a6bd24e1e882cebbe1904ce04 - Path: Packages/com.unity.ugui/Runtime/TMP/TMP_FontAsset.cs - Importer: ScriptedImporter/UnityEditor.QuickSearchModule:UnityEditor.Search:ASIAI0B' with importer (ScriptedImporter : UnityEditor.QuickSearchModule:UnityEditor.Search:ASIAI0B)
Imported 'GUID: 71c1514a6bd24e1e882cebbe1904ce04' -> (Import Result ID: 'b361194b145b94ccc70647406f2ab80b') in 0.008 seconds [static and dynamic dependencies]. Details - ImportResultOutputID=c1614f861ee94463221d67ecbbf1ce4a DependenciesID=e3848bdd1ac839b2f6d76dc8329a4d1b StaticDependenciesID=ae5ae004f82194b3f806728235a415d1 
Number of updated asset objects reloaded before import = 0
Number of asset objects unloaded after import = 1
========================================================================
Received Import Request.
  Time of request: 2026-10-06T13:04:43.066296Z
  Time since last request: 0.0004517 seconds.
  importAddress: GUID: 20a9b557a46149dfbfa04a3a7080f5aa - Path: Packages/com.unity.ugui/Runtime/TMP/TMP_TextProcessingStack.cs - Importer: ScriptedImporter/UnityEditor.QuickSearchModule:UnityEditor.Search:ASIAI0B
Importing 'GUID: 20a9b557a46149dfbfa04a3a7080f5aa - Path: Packages/com.unity.ugui/Runtime/TMP/TMP_TextProcessingStack.cs - Importer: ScriptedImporter/UnityEditor.QuickSearchModule:UnityEditor.Search:ASIAI0B' with importer (ScriptedImporter : UnityEditor.QuickSearchModule:UnityEditor.Search:ASIAI0B)
Imported 'GUID: 20a9b557a46149dfbfa04a3a7080f5aa' -> (Import Result ID: '3b4f8f29aebd72e56b8bbd3c74d02b7e') in 0.008 seconds [static and dynamic dependencies]. Details - ImportResultOutputID=c0ba0a7efae6e585b66190d1e76c0928 DependenciesID=af0f550407bb4f4ae29c57d8e6481cfb StaticDependenciesID=0a2d1b26e9fb89840f1c339afa2ae222 
Number of updated asset objects reloaded before import = 0
Number of asset objects unloaded after import = 0
========================================================================
Received Import Request.
  Time of request: 2026-10-06T13:04:43.0747698Z
  Time since last request: 0.0005862 seconds.
  importAddress: GUID: 07994bfe8b0e4adb97d706de5dea48d5 - Path: Packages/com.unity.ugui/Runtime/TMP/TMP_SubMesh.cs - Importer: ScriptedImporter/UnityEditor.QuickSearchModule:UnityEditor.Search:ASIAI0B
Importing 'GUID: 07994bfe8b0e4adb97d706de5dea48d5 - Path: Packages/com.unity.ugui/Runtime/TMP/TMP_SubMesh.cs - Importer: ScriptedImporter/UnityEditor.QuickSearchModule:UnityEditor.Search:ASIAI0B' with importer (ScriptedImporter : UnityEditor.QuickSearchModule:UnityEditor.Search:ASIAI0B)
Imported 'GUID: 07994bfe8b0e4adb97d706de5dea48d5' -> (Import Result ID: '96f21b0ace11d1f19f1079a646998d2c') in 0.006 seconds [static and dynamic dependencies]. Details - ImportResultOutputID=af55b43c6dd2685e501386abfd09f5d6 DependenciesID=482f3d840354af819be488e3ffec9ee5 StaticDependenciesID=ec6abfd9cb919309263f0f0546c1e02d 
Number of updated asset objects reloaded before import = 0
Number of asset objects unloaded after import = 0
========================================================================
Received Import Request.
  Time of request: 2026-10-06T13:04:43.081945Z
  Time since last request: 0.0005828 seconds.
  importAddress: GUID: 543674eec776b1442a192c932e6cd9b3 - Path: Packages/com.unity.ugui/Runtime/TMP/TMP_TextElement.cs - Importer: ScriptedImporter/UnityEditor.QuickSearchModule:UnityEditor.Search:ASIAI0B
Importing 'GUID: 543674eec776b1442a192c932e6cd9b3 - Path: Packages/com.unity.ugui/Runtime/TMP/TMP_TextElement.cs - Importer: ScriptedImporter/UnityEditor.QuickSearchModule:UnityEditor.Search:ASIAI0B' with importer (ScriptedImporter : UnityEditor.QuickSearchModule:UnityEditor.Search:ASIAI0B)
Imported 'GUID: 543674eec776b1442a192c932e6cd9b3' -> (Import Result ID: '5c83ac60440dc596ed13152e4efb147e') in 0.007 seconds [static and dynamic dependencies]. Details - ImportResultOutputID=2b2e68d4e8555aace28cde4e3b18ac86 DependenciesID=1fb9a516f5e4c54cfed2169e3f9d0e13 StaticDependenciesID=6f034fbd085aef5083424fec1c1fbf29 
Number of updated asset objects reloaded before import = 0
Number of asset objects unloaded after import = 0
========================================================================
Received Import Request.
  Time of request: 2026-10-06T13:04:43.0893932Z
  Time since last request: 0.0005056 seconds.
  importAddress: GUID: 77b2d47bca9376f4a8ae69084a485957 - Path: Packages/com.unity.ugui/Runtime/TMP/FontFeatureCommonGSUB.cs - Importer: ScriptedImporter/UnityEditor.QuickSearchModule:UnityEditor.Search:ASIAI0B
Importing 'GUID: 77b2d47bca9376f4a8ae69084a485957 - Path: Packages/com.unity.ugui/Runtime/TMP/FontFeatureCommonGSUB.cs - Importer: ScriptedImporter/UnityEditor.QuickSearchModule:UnityEditor.Search:ASIAI0B' with importer (ScriptedImporter : UnityEditor.QuickSearchModule:UnityEditor.Search:ASIAI0B)
Imported 'GUID: 77b2d47bca9376f4a8ae69084a485957' -> (Import Result ID: 'dc1167c03a3025a07f55070cc191055e') in 0.007 seconds [static and dynamic dependencies]. Details - ImportResultOutputID=3a404ab826ab87673225660435178020 DependenciesID=f52ffb701d2fc479135575c216c4736e StaticDependenciesID=534dbbbfcb714f3be9ab4df5d80a5b07 
Number of updated asset objects reloaded before import = 0
Number of asset objects unloaded after import = 0
========================================================================
Received Import Request.
  Time of request: 2026-10-06T13:04:43.0968581Z
  Time since last request: 0.0005327 seconds.
  importAddress: GUID: a4bbbb1fed4e2b7448af9313d6d00536 - Path: Packages/com.unity.ugui/Runtime/TMP/FontFeatureCommonGPOS.cs - Importer: ScriptedImporter/UnityEditor.QuickSearchModule:UnityEditor.Search:ASIAI0B
Importing 'GUID: a4bbbb1fed4e2b7448af9313d6d00536 - Path: Packages/com.unity.ugui/Runtime/TMP/FontFeatureCommonGPOS.cs - Importer: ScriptedImporter/UnityEditor.QuickSearchModule:UnityEditor.Search:ASIAI0B' with importer (ScriptedImporter : UnityEditor.QuickSearchModule:UnityEditor.Search:ASIAI0B)
Imported 'GUID: a4bbbb1fed4e2b7448af9313d6d00536' -> (Import Result ID: 'a14fa82686ba65f8c911413bedc17502') in 0.007 seconds [static and dynamic dependencies]. Details - ImportResultOutputID=f0f32032ab750abf16728f9b244bc7b0 DependenciesID=272342f097da855cf81f057f42865daa StaticDependenciesID=53c62d747552894df79daea212c1817b 
Number of updated asset objects reloaded before import = 0
Number of asset objects unloaded after import = 0
========================================================================
Received Import Request.
  Time of request: 2026-10-06T13:04:43.1043676Z
  Time since last request: 0.0006023 seconds.
  importAddress: GUID: 0a017569bfe174e4890797b4d64cbabc - Path: Packages/com.unity.ugui/Runtime/TMP/TMP_FontAssetUtilities.cs - Importer: ScriptedImporter/UnityEditor.QuickSearchModule:UnityEditor.Search:ASIAI0B
Importing 'GUID: 0a017569bfe174e4890797b4d64cbabc - Path: Packages/com.unity.ugui/Runtime/TMP/TMP_FontAssetUtilities.cs - Importer: ScriptedImporter/UnityEditor.QuickSearchModule:UnityEditor.Search:ASIAI0B' with importer (ScriptedImporter : UnityEditor.QuickSearchModule:UnityEditor.Search:ASIAI0B)
Imported 'GUID: 0a017569bfe174e4890797b4d64cbabc' -> (Import Result ID: 'da296235e53c103019accaa7b7a2e6db') in 0.006 seconds [static and dynamic dependencies]. Details - ImportResultOutputID=b2af4dc71616ff074d44754e3b9799d4 DependenciesID=4198ee07fa6babc9f26e63fc609eebd1 StaticDependenciesID=b8f3772364813a63ae127df43f571ebf 
Number of updated asset objects reloaded before import = 0
Number of asset objects unloaded after import = 0
========================================================================
Received Import Request.
  Time of request: 2026-10-06T13:04:43.1107513Z
  Time since last request: 0.0004592 seconds.
  importAddress: GUID: 4877f87131635e6408f8c44e5d86791e - Path: Packages/com.unity.ugui/Runtime/TMP/TMP_ResourcesManager.cs - Importer: ScriptedImporter/UnityEditor.QuickSearchModule:UnityEditor.Search:ASIAI0B
Importing 'GUID: 4877f87131635e6408f8c44e5d86791e - Path: Packages/com.unity.ugui/Runtime/TMP/TMP_ResourcesManager.cs - Importer: ScriptedImporter/UnityEditor.QuickSearchModule:UnityEditor.Search:ASIAI0B' with importer (ScriptedImporter : UnityEditor.QuickSearchModule:UnityEditor.Search:ASIAI0B)
Imported 'GUID: 4877f87131635e6408f8c44e5d86791e' -> (Import Result ID: 'd22cb9c79bbb67cc369268c6ac5bd28b') in 0.007 seconds [static and dynamic dependencies]. Details - ImportResultOutputID=4b71e06f7b78915867c2c3e11b3d475c DependenciesID=4c7841b09acbc26a29f2c7f5b4ce5843 StaticDependenciesID=cfd8a5d3769ad3f23427ee554a94d353 
Number of updated asset objects reloaded before import = 0
Number of asset objects unloaded after import = 0
========================================================================
Received Import Request.
  Time of request: 2026-10-06T13:04:43.1190068Z
  Time since last request: 0.0006309 seconds.
  importAddress: GUID: f695b5f9415c40b39ae877eaff41c96e - Path: Packages/com.unity.ugui/Runtime/TMP/TMP_FontAssetCommon.cs - Importer: ScriptedImporter/UnityEditor.QuickSearchModule:UnityEditor.Search:ASIAI0B
Importing 'GUID: f695b5f9415c40b39ae877eaff41c96e - Path: Packages/com.unity.ugui/Runtime/TMP/TMP_FontAssetCommon.cs - Importer: ScriptedImporter/UnityEditor.QuickSearchModule:UnityEditor.Search:ASIAI0B' with importer (ScriptedImporter : UnityEditor.QuickSearchModule:UnityEditor.Search:ASIAI0B)
Imported 'GUID: f695b5f9415c40b39ae877eaff41c96e' -> (Import Result ID: '01e6a7683e89f97ffc04b9bf887bfbe2') in 0.007 seconds [static and dynamic dependencies]. Details - ImportResultOutputID=678b7c2e0e84e1392ce4eac52791400c DependenciesID=075f949f50e59b17f74d4b3a4489aeb9 StaticDependenciesID=21d6cb2423c2cd48e26432cc280f5463 
Number of updated asset objects reloaded before import = 0
Number of asset objects unloaded after import = 0
========================================================================
Received Import Request.
  Time of request: 2026-10-06T13:04:43.1271069Z
  Time since last request: 0.0005324 seconds.
  importAddress: GUID: 34e150112c1c42ac83170b52d898e322 - Path: Packages/com.unity.ugui/Runtime/TMP/TMP_ScrollbarEventHandler.cs - Importer: ScriptedImporter/UnityEditor.QuickSearchModule:UnityEditor.Search:ASIAI0B
Importing 'GUID: 34e150112c1c42ac83170b52d898e322 - Path: Packages/com.unity.ugui/Runtime/TMP/TMP_ScrollbarEventHandler.cs - Importer: ScriptedImporter/UnityEditor.QuickSearchModule:UnityEditor.Search:ASIAI0B' with importer (ScriptedImporter : UnityEditor.QuickSearchModule:UnityEditor.Search:ASIAI0B)
Imported 'GUID: 34e150112c1c42ac83170b52d898e322' -> (Import Result ID: '6665d75bd583e8bdfcc46ba4fd4bfa95') in 0.006 seconds [static and dynamic dependencies]. Details - ImportResultOutputID=dceac229c4a07114d630d82736b45c74 DependenciesID=74677c578a2ecc875ca08820591e0597 StaticDependenciesID=381c214f25880f32a5be767e8516ffdb 
Number of updated asset objects reloaded before import = 0
Number of asset objects unloaded after import = 0
========================================================================
Received Import Request.
  Time of request: 2026-10-06T13:04:43.140612Z
  Time since last request: 0.0068531 seconds.
  importAddress: GUID: d0b148fe25e99eb48b9724523833bab1 - Path: Packages/com.unity.ugui/Runtime/UGUI/EventSystem/EventTrigger.cs - Importer: ScriptedImporter/UnityEditor.QuickSearchModule:UnityEditor.Search:ASIAI0B
Importing 'GUID: d0b148fe25e99eb48b9724523833bab1 - Path: Packages/com.unity.ugui/Runtime/UGUI/EventSystem/EventTrigger.cs - Importer: ScriptedImporter/UnityEditor.QuickSearchModule:UnityEditor.Search:ASIAI0B' with importer (ScriptedImporter : UnityEditor.QuickSearchModule:UnityEditor.Search:ASIAI0B)
Imported 'GUID: d0b148fe25e99eb48b9724523833bab1' -> (Import Result ID: '88622ecab2711113e2b6a48101a4b60a') in 0.010 seconds [static and dynamic dependencies]. Details - ImportResultOutputID=9e2794f8dabdb52e9ee84b2a05538c79 DependenciesID=05e3029cf754485f6269b26f65208d0f StaticDependenciesID=e02eb45725cc8e9bcc211aee81a6370c 
Number of updated asset objects reloaded before import = 0
Number of asset objects unloaded after import = 0
========================================================================
Received Import Request.
  Time of request: 2026-10-06T13:04:43.1510724Z
  Time since last request: 0.0004721 seconds.
  importAddress: GUID: 35d143b352678294ab0f5feb97b67f88 - Path: Packages/com.unity.ugui/Editor/UGUI/UI/ContentSizeFitterEditor.cs - Importer: ScriptedImporter/UnityEditor.QuickSearchModule:UnityEditor.Search:ASIAI0B
Importing 'GUID: 35d143b352678294ab0f5feb97b67f88 - Path: Packages/com.unity.ugui/Editor/UGUI/UI/ContentSizeFitterEditor.cs - Importer: ScriptedImporter/UnityEditor.QuickSearchModule:UnityEditor.Search:ASIAI0B' with importer (ScriptedImporter : UnityEditor.QuickSearchModule:UnityEditor.Search:ASIAI0B)
Imported 'GUID: 35d143b352678294ab0f5feb97b67f88' -> (Import Result ID: '815b279c31cb8efe56b834cb2394ba31') in 0.009 seconds [static and dynamic dependencies]. Details - ImportResultOutputID=0a37e966c124f2457c40d375b269ed73 DependenciesID=a0d65ba5f12b7ba20f6f4d61d06f972e StaticDependenciesID=bc4c17ea6cfb2fc99b8e48229e69fd16 
Number of updated asset objects reloaded before import = 0
Number of asset objects unloaded after import = 0
========================================================================
Received Import Request.
  Time of request: 2026-10-06T13:04:43.160893Z
  Time since last request: 0.0004864 seconds.
  importAddress: GUID: d256fa541faf5d4409992c631adb98a1 - Path: Packages/com.unity.ugui/Editor/TMP/PropertyDrawers/GlyphPairAdjustmentRecordPropertyDrawer.cs - Importer: ScriptedImporter/UnityEditor.QuickSearchModule:UnityEditor.Search:ASIAI0B
Importing 'GUID: d256fa541faf5d4409992c631adb98a1 - Path: Packages/com.unity.ugui/Editor/TMP/PropertyDrawers/GlyphPairAdjustmentRecordPropertyDrawer.cs - Importer: ScriptedImporter/UnityEditor.QuickSearchModule:UnityEditor.Search:ASIAI0B' with importer (ScriptedImporter : UnityEditor.QuickSearchModule:UnityEditor.Search:ASIAI0B)
Imported 'GUID: d256fa541faf5d4409992c631adb98a1' -> (Import Result ID: '34bdc70fe4009778b51e4dabba1e2514') in 0.007 seconds [static and dynamic dependencies]. Details - ImportResultOutputID=eb44aabece6f0053da3912ddaaa89ce8 DependenciesID=4d9cdda2d8ff9bd957abce08fdaa3415 StaticDependenciesID=56c2137cea9f58e887aa7ef28603e71d 
Number of updated asset objects reloaded before import = 0
Number of asset objects unloaded after import = 0
========================================================================
Received Import Request.
  Time of request: 2026-10-06T13:04:43.1683052Z
  Time since last request: 0.0005354 seconds.
  importAddress: GUID: 3550d8ec6f29ab34d895ae9a43d560c2 - Path: Packages/com.unity.ugui/Runtime/UGUI/EventSystem/RaycastResult.cs - Importer: ScriptedImporter/UnityEditor.QuickSearchModule:UnityEditor.Search:ASIAI0B
Importing 'GUID: 3550d8ec6f29ab34d895ae9a43d560c2 - Path: Packages/com.unity.ugui/Runtime/UGUI/EventSystem/RaycastResult.cs - Importer: ScriptedImporter/UnityEditor.QuickSearchModule:UnityEditor.Search:ASIAI0B' with importer (ScriptedImporter : UnityEditor.QuickSearchModule:UnityEditor.Search:ASIAI0B)
Imported 'GUID: 3550d8ec6f29ab34d895ae9a43d560c2' -> (Import Result ID: 'a74e6eeb7db90e77b51bcd3415dfa777') in 0.007 seconds [static and dynamic dependencies]. Details - ImportResultOutputID=6ed8329289429b19273fad8e04a559f7 DependenciesID=dd89fdd63b5308ca108266d42d1ee192 StaticDependenciesID=a7c9e25175676743e937436cb5e6f788 
Number of updated asset objects reloaded before import = 0
Number of asset objects unloaded after import = 0
========================================================================
Received Import Request.
  Time of request: 2026-10-06T13:04:43.1759739Z
  Time since last request: 0.0006697 seconds.
  importAddress: GUID: 9545c9eb3bf94265810463794fec8334 - Path: Packages/com.unity.ugui/Editor/TMP/PropertyDrawers/DropdownOptionListDrawer.cs - Importer: ScriptedImporter/UnityEditor.QuickSearchModule:UnityEditor.Search:ASIAI0B
Importing 'GUID: 9545c9eb3bf94265810463794fec8334 - Path: Packages/com.unity.ugui/Editor/TMP/PropertyDrawers/DropdownOptionListDrawer.cs - Importer: ScriptedImporter/UnityEditor.QuickSearchModule:UnityEditor.Search:ASIAI0B' with importer (ScriptedImporter : UnityEditor.QuickSearchModule:UnityEditor.Search:ASIAI0B)
Imported 'GUID: 9545c9eb3bf94265810463794fec8334' -> (Import Result ID: '220152ab7d104e0748705d369fb8e1e5') in 0.007 seconds [static and dynamic dependencies]. Details - ImportResultOutputID=cd58dcd2ad5312e496d028105a4fa700 DependenciesID=8dddfffb435124e3cd18505df8a7f04f StaticDependenciesID=fa58ee0a9ee180dfc477d3016dce038a 
Number of updated asset objects reloaded before import = 0
Number of asset objects unloaded after import = 0
========================================================================
Received Import Request.
  Time of request: 2026-10-06T13:04:43.1840423Z
  Time since last request: 0.0005889 seconds.
  importAddress: GUID: d36a7c7a1ed377c4b8008e53032d7dcf - Path: Packages/com.unity.ugui/Editor/UGUI/UI/ToggleEditor.cs - Importer: ScriptedImporter/UnityEditor.QuickSearchModule:UnityEditor.Search:ASIAI0B
Importing 'GUID: d36a7c7a1ed377c4b8008e53032d7dcf - Path: Packages/com.unity.ugui/Editor/UGUI/UI/ToggleEditor.cs - Importer: ScriptedImporter/UnityEditor.QuickSearchModule:UnityEditor.Search:ASIAI0B' with importer (ScriptedImporter : UnityEditor.QuickSearchModule:UnityEditor.Search:ASIAI0B)
Imported 'GUID: d36a7c7a1ed377c4b8008e53032d7dcf' -> (Import Result ID: 'f02604dc88713da5ce5861253429f818') in 0.010 seconds [static and dynamic dependencies]. Details - ImportResultOutputID=32420976a9853e8da5d98c875e526a7a DependenciesID=3507227041bb4ef8a69c2caa9d6688a4 StaticDependenciesID=e32f4da294cdcacbd9decc584b364679 
Number of updated asset objects reloaded before import = 0
Number of asset objects unloaded after import = 0
========================================================================
Received Import Request.
  Time of request: 2026-10-06T13:04:43.1949543Z
  Time since last request: 0.0009974 seconds.
  importAddress: GUID: cb319974ad8ebd44aa1e1fbb02640b5b - Path: Packages/com.unity.ugui/Editor/UGUI/UI/HorizontalOrVerticalLayoutGroupEditor.cs - Importer: ScriptedImporter/UnityEditor.QuickSearchModule:UnityEditor.Search:ASIAI0B
Importing 'GUID: cb319974ad8ebd44aa1e1fbb02640b5b - Path: Packages/com.unity.ugui/Editor/UGUI/UI/HorizontalOrVerticalLayoutGroupEditor.cs - Importer: ScriptedImporter/UnityEditor.QuickSearchModule:UnityEditor.Search:ASIAI0B' with importer (ScriptedImporter : UnityEditor.QuickSearchModule:UnityEditor.Search:ASIAI0B)
Imported 'GUID: cb319974ad8ebd44aa1e1fbb02640b5b' -> (Import Result ID: 'c2957f9ec9f043a5356c0d57eeaa91f8') in 0.008 seconds [static and dynamic dependencies]. Details - ImportResultOutputID=c80754ca31ed791aedcc4ddada568b14 DependenciesID=5997daa906d9c9dedb5748131125474e StaticDependenciesID=4a483f3fa3b8c551ec4500b77bc73166 
Number of updated asset objects reloaded before import = 0
Number of asset objects unloaded after import = 0
========================================================================
Received Import Request.
  Time of request: 2026-10-06T13:04:43.2037232Z
  Time since last request: 0.0005551 seconds.
  importAddress: GUID: 26570be2af04195458e6f1ac1f5c48e0 - Path: Packages/com.unity.ugui/Runtime/UGUI/EventSystem/RaycasterManager.cs - Importer: ScriptedImporter/UnityEditor.QuickSearchModule:UnityEditor.Search:ASIAI0B
Importing 'GUID: 26570be2af04195458e6f1ac1f5c48e0 - Path: Packages/com.unity.ugui/Runtime/UGUI/EventSystem/RaycasterManager.cs - Importer: ScriptedImporter/UnityEditor.QuickSearchModule:UnityEditor.Search:ASIAI0B' with importer (ScriptedImporter : UnityEditor.QuickSearchModule:UnityEditor.Search:ASIAI0B)
Imported 'GUID: 26570be2af04195458e6f1ac1f5c48e0' -> (Import Result ID: 'a37a5b95549fe6521a47632a25a3864c') in 0.006 seconds [static and dynamic dependencies]. Details - ImportResultOutputID=ef516970734cac2e8457b3169746a853 DependenciesID=431fec1d95b0c96313eff29797ecc317 StaticDependenciesID=f9212b6d1c1f6985d5f492493ff643b4 
Number of updated asset objects reloaded before import = 0
Number of asset objects unloaded after import = 0
========================================================================
Received Import Request.
  Time of request: 2026-10-06T13:04:43.2111437Z
  Time since last request: 0.0005841 seconds.
  importAddress: GUID: 6f72aa6eab9392548b9e9d92eb6b2ef8 - Path: Packages/com.unity.ugui/Editor/UGUI/EventSystem/EventSystemEditor.cs - Importer: ScriptedImporter/UnityEditor.QuickSearchModule:UnityEditor.Search:ASIAI0B
Importing 'GUID: 6f72aa6eab9392548b9e9d92eb6b2ef8 - Path: Packages/com.unity.ugui/Editor/UGUI/EventSystem/EventSystemEditor.cs - Importer: ScriptedImporter/UnityEditor.QuickSearchModule:UnityEditor.Search:ASIAI0B' with importer (ScriptedImporter : UnityEditor.QuickSearchModule:UnityEditor.Search:ASIAI0B)
Imported 'GUID: 6f72aa6eab9392548b9e9d92eb6b2ef8' -> (Import Result ID: 'c5c0b44afa4b2e99e6466f4fd1a0ada8') in 0.007 seconds [static and dynamic dependencies]. Details - ImportResultOutputID=4c6a61356b94dba6c0430de1c9f11766 DependenciesID=10f97ca91a9a4d2625b9a13ecb0b5e70 StaticDependenciesID=56688beacff288eafe50927f19e0b8cc 
Number of updated asset objects reloaded before import = 0
Number of asset objects unloaded after import = 0
========================================================================
Received Import Request.
  Time of request: 2026-10-06T13:04:43.2189481Z
  Time since last request: 0.0005762 seconds.
  importAddress: GUID: d51458b261e0ecc4a98904e53924dc1c - Path: Packages/com.unity.ugui/Editor/UGUI/Properties/AssemblyInfo.cs - Importer: ScriptedImporter/UnityEditor.QuickSearchModule:UnityEditor.Search:ASIAI0B
Importing 'GUID: d51458b261e0ecc4a98904e53924dc1c - Path: Packages/com.unity.ugui/Editor/UGUI/Properties/AssemblyInfo.cs - Importer: ScriptedImporter/UnityEditor.QuickSearchModule:UnityEditor.Search:ASIAI0B' with importer (ScriptedImporter : UnityEditor.QuickSearchModule:UnityEditor.Search:ASIAI0B)
Imported 'GUID: d51458b261e0ecc4a98904e53924dc1c' -> (Import Result ID: '8ebbd4861bdcb7ed68393416afe97ef7') in 0.007 seconds [static and dynamic dependencies]. Details - ImportResultOutputID=8ec45901836c2dd598ce4092cb31dce2 DependenciesID=71345249cbc8c877b0ccf84154f21ca3 StaticDependenciesID=5011a7255d734226153f9592f3fee1ae 
Number of updated asset objects reloaded before import = 0
Number of asset objects unloaded after import = 0
========================================================================
Received Import Request.
  Time of request: 2026-10-06T13:04:43.2268641Z
  Time since last request: 0.000564 seconds.
  importAddress: GUID: e9253e696cd45794d9aec6d4de366b6e - Path: Packages/com.unity.ugui/Editor/UGUI/UI/SelectableEditor.cs - Importer: ScriptedImporter/UnityEditor.QuickSearchModule:UnityEditor.Search:ASIAI0B
Importing 'GUID: e9253e696cd45794d9aec6d4de366b6e - Path: Packages/com.unity.ugui/Editor/UGUI/UI/SelectableEditor.cs - Importer: ScriptedImporter/UnityEditor.QuickSearchModule:UnityEditor.Search:ASIAI0B' with importer (ScriptedImporter : UnityEditor.QuickSearchModule:UnityEditor.Search:ASIAI0B)
Imported 'GUID: e9253e696cd45794d9aec6d4de366b6e' -> (Import Result ID: '4d61fb10a840a3ba9e75c0c709ebc20a') in 0.007 seconds [static and dynamic dependencies]. Details - ImportResultOutputID=a86952d1d108b7092f87b7cd889c8ff5 DependenciesID=7196d6c88c1a4cccaa17dc606c5ad170 StaticDependenciesID=4ea3cd1decb04de5bd39909a81798254 
Number of updated asset objects reloaded before import = 0
Number of asset objects unloaded after import = 0
========================================================================
Received Import Request.
  Time of request: 2026-10-06T13:04:43.2352529Z
  Time since last request: 0.0006497 seconds.
  importAddress: GUID: e976a5e755c7016418f66e15223c1b90 - Path: Packages/com.unity.ugui/Editor/UGUI/EventSystem/PhysicsRaycasterEditor.cs - Importer: ScriptedImporter/UnityEditor.QuickSearchModule:UnityEditor.Search:ASIAI0B
Importing 'GUID: e976a5e755c7016418f66e15223c1b90 - Path: Packages/com.unity.ugui/Editor/UGUI/EventSystem/PhysicsRaycasterEditor.cs - Importer: ScriptedImporter/UnityEditor.QuickSearchModule:UnityEditor.Search:ASIAI0B' with importer (ScriptedImporter : UnityEditor.QuickSearchModule:UnityEditor.Search:ASIAI0B)
Imported 'GUID: e976a5e755c7016418f66e15223c1b90' -> (Import Result ID: 'adbd79b9e651c7550cbeb7612344b95e') in 0.006 seconds [static and dynamic dependencies]. Details - ImportResultOutputID=c651fd73a3156f7b2cd451c61b0dafb5 DependenciesID=d60aaaa287eeae7b3a029550df9e0d6e StaticDependenciesID=d96f6188cfee77f12212889eea2115b6 
Number of updated asset objects reloaded before import = 0
Number of asset objects unloaded after import = 0
========================================================================
Received Import Request.
  Time of request: 2026-10-06T13:04:43.2416525Z
  Time since last request: 0.0005166 seconds.
  importAddress: GUID: c4777500b5da6094e956c3d4f04de4db - Path: Packages/com.unity.ugui/Editor/TMP/PropertyDrawers/TMP_GlyphPropertyDrawer.cs - Importer: ScriptedImporter/UnityEditor.QuickSearchModule:UnityEditor.Search:ASIAI0B
Importing 'GUID: c4777500b5da6094e956c3d4f04de4db - Path: Packages/com.unity.ugui/Editor/TMP/PropertyDrawers/TMP_GlyphPropertyDrawer.cs - Importer: ScriptedImporter/UnityEditor.QuickSearchModule:UnityEditor.Search:ASIAI0B' with importer (ScriptedImporter : UnityEditor.QuickSearchModule:UnityEditor.Search:ASIAI0B)
Imported 'GUID: c4777500b5da6094e956c3d4f04de4db' -> (Import Result ID: '4140e969dae43f4e59681a07b8eb04f5') in 0.006 seconds [static and dynamic dependencies]. Details - ImportResultOutputID=7c1766ec6d5251c038a3a58b943dee10 DependenciesID=6872d7e7f2004fdaf77d4ecf6c60c8cb StaticDependenciesID=1670fbc8405d17bea8bfb65b63d30482 
Number of updated asset objects reloaded before import = 0
Number of asset objects unloaded after import = 0
========================================================================
Received Import Request.
  Time of request: 2026-10-06T13:04:43.2489345Z
  Time since last request: 0.0004913 seconds.
  importAddress: GUID: 3bce033ee26244e419b3bb3bba95a37d - Path: Packages/com.unity.ugui/Editor/UGUI/UI/CanvasScalerEditor.cs - Importer: ScriptedImporter/UnityEditor.QuickSearchModule:UnityEditor.Search:ASIAI0B
Importing 'GUID: 3bce033ee26244e419b3bb3bba95a37d - Path: Packages/com.unity.ugui/Editor/UGUI/UI/CanvasScalerEditor.cs - Importer: ScriptedImporter/UnityEditor.QuickSearchModule:UnityEditor.Search:ASIAI0B' with importer (ScriptedImporter : UnityEditor.QuickSearchModule:UnityEditor.Search:ASIAI0B)
Imported 'GUID: 3bce033ee26244e419b3bb3bba95a37d' -> (Import Result ID: 'd889573deb87eccd5a3c76880fbe386f') in 0.007 seconds [static and dynamic dependencies]. Details - ImportResultOutputID=9d99daf4c5eaab9600c463ad5d136c87 DependenciesID=0aef0e8a93073f2b6f8f2c5c9e07c191 StaticDependenciesID=6c11963de5741cc888c5b81900946d71 
Number of updated asset objects reloaded before import = 0
Number of asset objects unloaded after import = 0
========================================================================
Received Import Request.
  Time of request: 2026-10-06T13:04:43.257243Z
  Time since last request: 0.0007124 seconds.
  importAddress: GUID: b5f70efd2f7b286498ca6c00adbb4a13 - Path: Packages/com.unity.ugui/Editor/UGUI/UI/AspectRatioFitterEditor.cs - Importer: ScriptedImporter/UnityEditor.QuickSearchModule:UnityEditor.Search:ASIAI0B
Importing 'GUID: b5f70efd2f7b286498ca6c00adbb4a13 - Path: Packages/com.unity.ugui/Editor/UGUI/UI/AspectRatioFitterEditor.cs - Importer: ScriptedImporter/UnityEditor.QuickSearchModule:UnityEditor.Search:ASIAI0B' with importer (ScriptedImporter : UnityEditor.QuickSearchModule:UnityEditor.Search:ASIAI0B)
Imported 'GUID: b5f70efd2f7b286498ca6c00adbb4a13' -> (Import Result ID: '9117561c311ba8613da65d7007a0b6cd') in 0.008 seconds [static and dynamic dependencies]. Details - ImportResultOutputID=f8416f9690878aaf634e023c61a75c3f DependenciesID=15690729de755629435ceddd902555cd StaticDependenciesID=4afeea878e3eefe8ce3619c823873a0a 
Number of updated asset objects reloaded before import = 0
Number of asset objects unloaded after import = 0
========================================================================
Received Import Request.
  Time of request: 2026-10-06T13:04:43.2664041Z
  Time since last request: 0.0005726 seconds.
  importAddress: GUID: 4d2250412b81fe34abf39f246e274479 - Path: Packages/com.unity.ugui/Runtime/UGUI/EventSystem/MoveDirection.cs - Importer: ScriptedImporter/UnityEditor.QuickSearchModule:UnityEditor.Search:ASIAI0B
Importing 'GUID: 4d2250412b81fe34abf39f246e274479 - Path: Packages/com.unity.ugui/Runtime/UGUI/EventSystem/MoveDirection.cs - Importer: ScriptedImporter/UnityEditor.QuickSearchModule:UnityEditor.Search:ASIAI0B' with importer (ScriptedImporter : UnityEditor.QuickSearchModule:UnityEditor.Search:ASIAI0B)
Imported 'GUID: 4d2250412b81fe34abf39f246e274479' -> (Import Result ID: 'a1cd5fae5bcb3ed1781d39cf5dccf721') in 0.007 seconds [static and dynamic dependencies]. Details - ImportResultOutputID=410a9afcc282674c9aec7edff7e3d68d DependenciesID=ddeff2fba12ee5e9d16701271308e3a6 StaticDependenciesID=0e60ffdd2db40a6b7dab19ff4482fac9 
Number of updated asset objects reloaded before import = 0
Number of asset objects unloaded after import = 0
========================================================================
Received Import Request.
  Time of request: 2026-10-06T13:04:43.2745195Z
  Time since last request: 0.0005799 seconds.
  importAddress: GUID: bc98484caab3b6d4facbcff38be93380 - Path: Packages/com.unity.ugui/Editor/UGUI/UI/SliderEditor.cs - Importer: ScriptedImporter/UnityEditor.QuickSearchModule:UnityEditor.Search:ASIAI0B
Importing 'GUID: bc98484caab3b6d4facbcff38be93380 - Path: Packages/com.unity.ugui/Editor/UGUI/UI/SliderEditor.cs - Importer: ScriptedImporter/UnityEditor.QuickSearchModule:UnityEditor.Search:ASIAI0B' with importer (ScriptedImporter : UnityEditor.QuickSearchModule:UnityEditor.Search:ASIAI0B)
Imported 'GUID: bc98484caab3b6d4facbcff38be93380' -> (Import Result ID: '73fd3544e126248371287bc2a6c1cd55') in 0.005 seconds [static and dynamic dependencies]. Details - ImportResultOutputID=ab60771675024e105683cbb5c3fe62cf DependenciesID=8f32a452cff5ef648f5957a689d7cb70 StaticDependenciesID=10f2a52846d2b5fbb628b7573fcb3ee5 
Number of updated asset objects reloaded before import = 0
Number of asset objects unloaded after import = 0
========================================================================
Received Import Request.
  Time of request: 2026-10-06T13:04:43.2809229Z
  Time since last request: 0.0006279 seconds.
  importAddress: GUID: 7b6c2e51603686247afd5ab620c490e6 - Path: Packages/com.unity.ugui/Editor/TMP/PropertyDrawers/LigatureSubstitutionRecordPropertyDrawer.cs - Importer: ScriptedImporter/UnityEditor.QuickSearchModule:UnityEditor.Search:ASIAI0B
Importing 'GUID: 7b6c2e51603686247afd5ab620c490e6 - Path: Packages/com.unity.ugui/Editor/TMP/PropertyDrawers/LigatureSubstitutionRecordPropertyDrawer.cs - Importer: ScriptedImporter/UnityEditor.QuickSearchModule:UnityEditor.Search:ASIAI0B' with importer (ScriptedImporter : UnityEditor.QuickSearchModule:UnityEditor.Search:ASIAI0B)
Imported 'GUID: 7b6c2e51603686247afd5ab620c490e6' -> (Import Result ID: '80c98f1f91c925a67329d6aac4da5222') in 0.007 seconds [static and dynamic dependencies]. Details - ImportResultOutputID=9e0bd8444b8220b72a581b3b65fb62e1 DependenciesID=5b3a7319e72bb7c785e5ff70e539b0ea StaticDependenciesID=9f2274c1a080247316e49ebfe7976d33 
Number of updated asset objects reloaded before import = 0
Number of asset objects unloaded after import = 0
========================================================================
Received Import Request.
  Time of request: 2026-10-06T13:04:43.288527Z
  Time since last request: 0.0006068 seconds.
  importAddress: GUID: 7693972390a4ed841a986c0c452c1058 - Path: Packages/com.unity.ugui/Editor/UGUI/UI/LayoutElementEditor.cs - Importer: ScriptedImporter/UnityEditor.QuickSearchModule:UnityEditor.Search:ASIAI0B
Importing 'GUID: 7693972390a4ed841a986c0c452c1058 - Path: Packages/com.unity.ugui/Editor/UGUI/UI/LayoutElementEditor.cs - Importer: ScriptedImporter/UnityEditor.QuickSearchModule:UnityEditor.Search:ASIAI0B' with importer (ScriptedImporter : UnityEditor.QuickSearchModule:UnityEditor.Search:ASIAI0B)
Imported 'GUID: 7693972390a4ed841a986c0c452c1058' -> (Import Result ID: 'd2d6bc4b9d3f487d83cde222be1521f0') in 0.007 seconds [static and dynamic dependencies]. Details - ImportResultOutputID=acf0eb32e7d12e51e8203bb3ab06ef6a DependenciesID=e2c2579d9517c1fa3ea5154a0b6e95d6 StaticDependenciesID=ee23171dc8a714d9d134b779cc2daa28 
Number of updated asset objects reloaded before import = 0
Number of asset objects unloaded after import = 0
========================================================================
Received Import Request.
  Time of request: 2026-10-06T13:04:43.2964082Z
  Time since last request: 0.0005307 seconds.
  importAddress: GUID: 472a6f18dd2f97c41af72271d22db869 - Path: Packages/com.unity.ugui/Editor/UGUI/UI/ButtonEditor.cs - Importer: ScriptedImporter/UnityEditor.QuickSearchModule:UnityEditor.Search:ASIAI0B
Importing 'GUID: 472a6f18dd2f97c41af72271d22db869 - Path: Packages/com.unity.ugui/Editor/UGUI/UI/ButtonEditor.cs - Importer: ScriptedImporter/UnityEditor.QuickSearchModule:UnityEditor.Search:ASIAI0B' with importer (ScriptedImporter : UnityEditor.QuickSearchModule:UnityEditor.Search:ASIAI0B)
Imported 'GUID: 472a6f18dd2f97c41af72271d22db869' -> (Import Result ID: '43cfa2cd4f154452a03dc4225b090dda') in 0.007 seconds [static and dynamic dependencies]. Details - ImportResultOutputID=e16acfe29b8c09d7469e6a95451f043a DependenciesID=efc3573aca77ab5dc3f4979f6614f151 StaticDependenciesID=acb1959050b7df96347ec8d5087de0c5 
Number of updated asset objects reloaded before import = 0
Number of asset objects unloaded after import = 0
========================================================================
Received Import Request.
  Time of request: 2026-10-06T13:04:43.3041857Z
  Time since last request: 0.0006469 seconds.
  importAddress: GUID: e6413f4090046814d802ddbff9890878 - Path: Packages/com.unity.ugui/Editor/UGUI/UI/RawImageEditor.cs - Importer: ScriptedImporter/UnityEditor.QuickSearchModule:UnityEditor.Search:ASIAI0B
Importing 'GUID: e6413f4090046814d802ddbff9890878 - Path: Packages/com.unity.ugui/Editor/UGUI/UI/RawImageEditor.cs - Importer: ScriptedImporter/UnityEditor.QuickSearchModule:UnityEditor.Search:ASIAI0B' with importer (ScriptedImporter : UnityEditor.QuickSearchModule:UnityEditor.Search:ASIAI0B)
Imported 'GUID: e6413f4090046814d802ddbff9890878' -> (Import Result ID: 'a6fe0f7fd974a166cf3f9e68fd0b2630') in 0.009 seconds [static and dynamic dependencies]. Details - ImportResultOutputID=539c8c2e81c4f8447f1e0985e1da41e3 DependenciesID=a805d73559bef818ca92e8b360ed25d4 StaticDependenciesID=3afd614962ee3f95c1ab00872cebe8fc 
Number of updated asset objects reloaded before import = 0
Number of asset objects unloaded after import = 0
========================================================================
Received Import Request.
  Time of request: 2026-10-06T13:04:43.3246035Z
  Time since last request: 0.011539 seconds.
  importAddress: GUID: bf87e20fb5440ec498f441167b5291f8 - Path: Packages/com.unity.ugui/Runtime/UGUI/UI/Core/DefaultControls.cs - Importer: ScriptedImporter/UnityEditor.QuickSearchModule:UnityEditor.Search:ASIAI0B
Importing 'GUID: bf87e20fb5440ec498f441167b5291f8 - Path: Packages/com.unity.ugui/Runtime/UGUI/UI/Core/DefaultControls.cs - Importer: ScriptedImporter/UnityEditor.QuickSearchModule:UnityEditor.Search:ASIAI0B' with importer (ScriptedImporter : UnityEditor.QuickSearchModule:UnityEditor.Search:ASIAI0B)
Imported 'GUID: bf87e20fb5440ec498f441167b5291f8' -> (Import Result ID: 'da3c318246d519492599231838891fc1') in 0.014 seconds [static and dynamic dependencies]. Details - ImportResultOutputID=f20d1dd7fad0546326f4d7c1e8025b45 DependenciesID=ffb88bc17b42c5fc94a73fe0f19c4adc StaticDependenciesID=b76819c45f8d1047a7587f3b5f222e53 
Number of updated asset objects reloaded before import = 0
Number of asset objects unloaded after import = 0
========================================================================
Received Import Request.
  Time of request: 2026-10-06T13:04:43.3418298Z
  Time since last request: 0.0023609 seconds.
  importAddress: GUID: 8a410b213209442fb15a69799f0240a5 - Path: Packages/com.unity.ugui/Runtime/UGUI/EventSystem/UIElements/PanelEventHandler.cs - Importer: ScriptedImporter/UnityEditor.QuickSearchModule:UnityEditor.Search:ASIAI0B
Importing 'GUID: 8a410b213209442fb15a69799f0240a5 - Path: Packages/com.unity.ugui/Runtime/UGUI/EventSystem/UIElements/PanelEventHandler.cs - Importer: ScriptedImporter/UnityEditor.QuickSearchModule:UnityEditor.Search:ASIAI0B' with importer (ScriptedImporter : UnityEditor.QuickSearchModule:UnityEditor.Search:ASIAI0B)
Imported 'GUID: 8a410b213209442fb15a69799f0240a5' -> (Import Result ID: '252bbd620e00c7ba08b2f5ef20296b6e') in 0.010 seconds [static and dynamic dependencies]. Details - ImportResultOutputID=d7ee596b66e0374c7f9d331916f6de73 DependenciesID=25bc02e4946fe9e9b141d1bf57f3609e StaticDependenciesID=62411831a6405a3afcdd2634e066b065 
Number of updated asset objects reloaded before import = 0
Number of asset objects unloaded after import = 0
========================================================================
Received Import Request.
  Time of request: 2026-10-06T13:04:43.353024Z
  Time since last request: 0.0006755 seconds.
  importAddress: GUID: bfb788a43e03363419155b8af77da971 - Path: Packages/com.unity.ugui/Runtime/UGUI/UI/Core/CanvasUpdateRegistry.cs - Importer: ScriptedImporter/UnityEditor.QuickSearchModule:UnityEditor.Search:ASIAI0B
Importing 'GUID: bfb788a43e03363419155b8af77da971 - Path: Packages/com.unity.ugui/Runtime/UGUI/UI/Core/CanvasUpdateRegistry.cs - Importer: ScriptedImporter/UnityEditor.QuickSearchModule:UnityEditor.Search:ASIAI0B' with importer (ScriptedImporter : UnityEditor.QuickSearchModule:UnityEditor.Search:ASIAI0B)
Imported 'GUID: bfb788a43e03363419155b8af77da971' -> (Import Result ID: '2402838abe33c34178bf849474cf0844') in 0.007 seconds [static and dynamic dependencies]. Details - ImportResultOutputID=871bf7e93e97bc6f5bc12bc39f0a262b DependenciesID=c7e9b0532aeb9278566cc2e4de5d4cd1 StaticDependenciesID=ccd006eb3aa4cd7341c9ea9e1e03e2ba 
Number of updated asset objects reloaded before import = 0
Number of asset objects unloaded after import = 0
========================================================================
Received Import Request.
  Time of request: 2026-10-06T13:04:43.3613634Z
  Time since last request: 0.0005896 seconds.
  importAddress: GUID: 69e3979b7029e8a4da2d96b714ba5c3a - Path: Packages/com.unity.ugui/Runtime/UGUI/UI/Core/GraphicRegistry.cs - Importer: ScriptedImporter/UnityEditor.QuickSearchModule:UnityEditor.Search:ASIAI0B
Importing 'GUID: 69e3979b7029e8a4da2d96b714ba5c3a - Path: Packages/com.unity.ugui/Runtime/UGUI/UI/Core/GraphicRegistry.cs - Importer: ScriptedImporter/UnityEditor.QuickSearchModule:UnityEditor.Search:ASIAI0B' with importer (ScriptedImporter : UnityEditor.QuickSearchModule:UnityEditor.Search:ASIAI0B)
Imported 'GUID: 69e3979b7029e8a4da2d96b714ba5c3a' -> (Import Result ID: '149259de28bd51d7de5451a796a51477') in 0.007 seconds [static and dynamic dependencies]. Details - ImportResultOutputID=efad0f90fbe685e0c977c0eb901e7d28 DependenciesID=22da83a943fa943381ea3f22378a8e9a StaticDependenciesID=70eeca8c487beea3c7ec7a62c208602f 
Number of updated asset objects reloaded before import = 0
Number of asset objects unloaded after import = 0
========================================================================
Received Import Request.
  Time of request: 2026-10-06T13:04:43.3692143Z
  Time since last request: 0.0005667 seconds.
  importAddress: GUID: cbab8835092323a4389f2dc7d8f6c781 - Path: Packages/com.unity.ugui/Runtime/UGUI/EventSystem/InputModules/PointerInputModule.cs - Importer: ScriptedImporter/UnityEditor.QuickSearchModule:UnityEditor.Search:ASIAI0B
Importing 'GUID: cbab8835092323a4389f2dc7d8f6c781 - Path: Packages/com.unity.ugui/Runtime/UGUI/EventSystem/InputModules/PointerInputModule.cs - Importer: ScriptedImporter/UnityEditor.QuickSearchModule:UnityEditor.Search:ASIAI0B' with importer (ScriptedImporter : UnityEditor.QuickSearchModule:UnityEditor.Search:ASIAI0B)
Imported 'GUID: cbab8835092323a4389f2dc7d8f6c781' -> (Import Result ID: '34eb05a8a4d9179a40e8482c6d6e49a1') in 0.008 seconds [static and dynamic dependencies]. Details - ImportResultOutputID=1a860f2c2781b9fac9fc683e9a0f7f90 DependenciesID=0ccfe47e6756ecab03daec4583e13f7b StaticDependenciesID=419f6c0d4857f7fa90a2fba86ef4d1bc 
Number of updated asset objects reloaded before import = 0
Number of asset objects unloaded after import = 0
========================================================================
Received Import Request.
  Time of request: 2026-10-06T13:04:43.378291Z
  Time since last request: 0.0006094 seconds.
  importAddress: GUID: 0d0b652f32a2cc243917e4028fa0f046 - Path: Packages/com.unity.ugui/Runtime/UGUI/UI/Core/Dropdown.cs - Importer: ScriptedImporter/UnityEditor.QuickSearchModule:UnityEditor.Search:ASIAI0B
Importing 'GUID: 0d0b652f32a2cc243917e4028fa0f046 - Path: Packages/com.unity.ugui/Runtime/UGUI/UI/Core/Dropdown.cs - Importer: ScriptedImporter/UnityEditor.QuickSearchModule:UnityEditor.Search:ASIAI0B' with importer (ScriptedImporter : UnityEditor.QuickSearchModule:UnityEditor.Search:ASIAI0B)
Imported 'GUID: 0d0b652f32a2cc243917e4028fa0f046' -> (Import Result ID: '5859384d53a664598a5c9237152fb6ae') in 0.009 seconds [static and dynamic dependencies]. Details - ImportResultOutputID=0712e87f67082d01748eb88de764245b DependenciesID=495486694608b5ef8b48eacac42a5b95 StaticDependenciesID=bdc1a66bf818558a96795b2bf21c1433 
Number of updated asset objects reloaded before import = 0
Number of asset objects unloaded after import = 0
========================================================================
Received Import Request.
  Time of request: 2026-10-06T13:04:43.3880977Z
  Time since last request: 0.0005648 seconds.
  importAddress: GUID: 61a20120cddc53849bbc10fc805ffe3e - Path: Packages/com.unity.ugui/Runtime/UGUI/UI/Core/IMaskable.cs - Importer: ScriptedImporter/UnityEditor.QuickSearchModule:UnityEditor.Search:ASIAI0B
Importing 'GUID: 61a20120cddc53849bbc10fc805ffe3e - Path: Packages/com.unity.ugui/Runtime/UGUI/UI/Core/IMaskable.cs - Importer: ScriptedImporter/UnityEditor.QuickSearchModule:UnityEditor.Search:ASIAI0B' with importer (ScriptedImporter : UnityEditor.QuickSearchModule:UnityEditor.Search:ASIAI0B)
Imported 'GUID: 61a20120cddc53849bbc10fc805ffe3e' -> (Import Result ID: '0e80793e8e3cf488abda190040294d6e') in 0.008 seconds [static and dynamic dependencies]. Details - ImportResultOutputID=ff291cc47e42459d73ee7f9aecced694 DependenciesID=dcf4f918af90f379a9d04ccd5b287a23 StaticDependenciesID=ad3f50982ec14a69dc73fd016a832af9 
Number of updated asset objects reloaded before import = 0
Number of asset objects unloaded after import = 0
========================================================================
Received Import Request.
  Time of request: 2026-10-06T13:04:43.3966237Z
  Time since last request: 0.0005909 seconds.
  importAddress: GUID: b180fd8310805e44dbbef545d0231418 - Path: Packages/com.unity.ugui/Runtime/UGUI/EventSystem/EventData/AxisEventData.cs - Importer: ScriptedImporter/UnityEditor.QuickSearchModule:UnityEditor.Search:ASIAI0B
Importing 'GUID: b180fd8310805e44dbbef545d0231418 - Path: Packages/com.unity.ugui/Runtime/UGUI/EventSystem/EventData/AxisEventData.cs - Importer: ScriptedImporter/UnityEditor.QuickSearchModule:UnityEditor.Search:ASIAI0B' with importer (ScriptedImporter : UnityEditor.QuickSearchModule:UnityEditor.Search:ASIAI0B)
Imported 'GUID: b180fd8310805e44dbbef545d0231418' -> (Import Result ID: 'd1c331364d25af1b7c5be9d14bd1b138') in 0.007 seconds [static and dynamic dependencies]. Details - ImportResultOutputID=ecd5e6d36c6bbf33c0d7577ce95002e8 DependenciesID=1a9281982e4b9122b612ee48889ddd34 StaticDependenciesID=cd43821e8e20a8cf77e168d3a01ca57c 
Number of updated asset objects reloaded before import = 0
Number of asset objects unloaded after import = 0
========================================================================
Received Import Request.
  Time of request: 2026-10-06T13:04:43.4043781Z
  Time since last request: 0.000468 seconds.
  importAddress: GUID: 3312d7739989d2b4e91e6319e9a96d76 - Path: Packages/com.unity.ugui/Runtime/UGUI/UI/Core/RectMask2D.cs - Importer: ScriptedImporter/UnityEditor.QuickSearchModule:UnityEditor.Search:ASIAI0B
Importing 'GUID: 3312d7739989d2b4e91e6319e9a96d76 - Path: Packages/com.unity.ugui/Runtime/UGUI/UI/Core/RectMask2D.cs - Importer: ScriptedImporter/UnityEditor.QuickSearchModule:UnityEditor.Search:ASIAI0B' with importer (ScriptedImporter : UnityEditor.QuickSearchModule:UnityEditor.Search:ASIAI0B)
Imported 'GUID: 3312d7739989d2b4e91e6319e9a96d76' -> (Import Result ID: 'e05e5fcda68f20bc323c9bc1ac32a77b') in 0.007 seconds [static and dynamic dependencies]. Details - ImportResultOutputID=56e50704721aad8b5091db368f1c2f31 DependenciesID=0623e3de872e0763d51e12ceaec991f2 StaticDependenciesID=f78ed48473d5fccee8dc4e4ef0040449 
Number of updated asset objects reloaded before import = 0
Number of asset objects unloaded after import = 0
========================================================================
Received Import Request.
  Time of request: 2026-10-06T13:04:43.4125772Z
  Time since last request: 0.0005039 seconds.
  importAddress: GUID: fe87c0e1cc204ed48ad3b37840f39efc - Path: Packages/com.unity.ugui/Runtime/UGUI/UI/Core/Image.cs - Importer: ScriptedImporter/UnityEditor.QuickSearchModule:UnityEditor.Search:ASIAI0B
Importing 'GUID: fe87c0e1cc204ed48ad3b37840f39efc - Path: Packages/com.unity.ugui/Runtime/UGUI/UI/Core/Image.cs - Importer: ScriptedImporter/UnityEditor.QuickSearchModule:UnityEditor.Search:ASIAI0B' with importer (ScriptedImporter : UnityEditor.QuickSearchModule:UnityEditor.Search:ASIAI0B)
Imported 'GUID: fe87c0e1cc204ed48ad3b37840f39efc' -> (Import Result ID: '1d91080fed8ec441797880978b077fe1') in 0.007 seconds [static and dynamic dependencies]. Details - ImportResultOutputID=5ab2d02b92c8ad178bde126243f95094 DependenciesID=8d0ea02d0355be887cd133f2ba7db62d StaticDependenciesID=5c55fc7d44a6ae993de89debcd01e6e5 
Number of updated asset objects reloaded before import = 0
Number of asset objects unloaded after import = 0
========================================================================
Received Import Request.
  Time of request: 2026-10-06T13:04:43.4202171Z
  Time since last request: 0.0006039 seconds.
  importAddress: GUID: dc42784cf147c0c48a680349fa168899 - Path: Packages/com.unity.ugui/Runtime/UGUI/UI/Core/GraphicRaycaster.cs - Importer: ScriptedImporter/UnityEditor.QuickSearchModule:UnityEditor.Search:ASIAI0B
Importing 'GUID: dc42784cf147c0c48a680349fa168899 - Path: Packages/com.unity.ugui/Runtime/UGUI/UI/Core/GraphicRaycaster.cs - Importer: ScriptedImporter/UnityEditor.QuickSearchModule:UnityEditor.Search:ASIAI0B' with importer (ScriptedImporter : UnityEditor.QuickSearchModule:UnityEditor.Search:ASIAI0B)
Imported 'GUID: dc42784cf147c0c48a680349fa168899' -> (Import Result ID: 'a4e1f0ce56ee6c0ee05f89cb7121544b') in 0.008 seconds [static and dynamic dependencies]. Details - ImportResultOutputID=f98eed9db4b3293ef8470a81855b009a DependenciesID=b427f4ff83f5b2e09a148b858ba984a0 StaticDependenciesID=ba84d9152e7fcfc50023713c6cf059ce 
Number of updated asset objects reloaded before import = 0
Number of asset objects unloaded after import = 0
========================================================================
Received Import Request.
  Time of request: 2026-10-06T13:04:43.4293975Z
  Time since last request: 0.000641 seconds.
  importAddress: GUID: ec4b2559effa72e42a09339d71efef3d - Path: Packages/com.unity.ugui/Tests/Editor/TMP/FontEngineTests.cs - Importer: ScriptedImporter/UnityEditor.QuickSearchModule:UnityEditor.Search:ASIAI0B
Importing 'GUID: ec4b2559effa72e42a09339d71efef3d - Path: Packages/com.unity.ugui/Tests/Editor/TMP/FontEngineTests.cs - Importer: ScriptedImporter/UnityEditor.QuickSearchModule:UnityEditor.Search:ASIAI0B' with importer (ScriptedImporter : UnityEditor.QuickSearchModule:UnityEditor.Search:ASIAI0B)
Imported 'GUID: ec4b2559effa72e42a09339d71efef3d' -> (Import Result ID: '39452393d8e3ea4291a739ba45f7fc88') in 0.006 seconds [static and dynamic dependencies]. Details - ImportResultOutputID=99d679c213490310e69c93e06dbf01d6 DependenciesID=da7df056eaae7f5719f973771f23a37c StaticDependenciesID=85cbf1e943dfcf79382d40d2ebb376a1 
Number of updated asset objects reloaded before import = 0
Number of asset objects unloaded after import = 0
========================================================================
Received Import Request.
  Time of request: 2026-10-06T13:04:43.4365978Z
  Time since last request: 0.0005707 seconds.
  importAddress: GUID: 592f7288ed0df2c4b884e2cd9baac023 - Path: Packages/com.unity.ugui/Tests/Editor/TMP/TMP_EditorTests.cs - Importer: ScriptedImporter/UnityEditor.QuickSearchModule:UnityEditor.Search:ASIAI0B
Importing 'GUID: 592f7288ed0df2c4b884e2cd9baac023 - Path: Packages/com.unity.ugui/Tests/Editor/TMP/TMP_EditorTests.cs - Importer: ScriptedImporter/UnityEditor.QuickSearchModule:UnityEditor.Search:ASIAI0B' with importer (ScriptedImporter : UnityEditor.QuickSearchModule:UnityEditor.Search:ASIAI0B)
Imported 'GUID: 592f7288ed0df2c4b884e2cd9baac023' -> (Import Result ID: '6a4aa514fe83a9188f1ca7953211e599') in 0.007 seconds [static and dynamic dependencies]. Details - ImportResultOutputID=569031a090ffb61f4c0992d43c6ca045 DependenciesID=677e07eae8557bd4325f238aa9d7ced8 StaticDependenciesID=bd36cf8f7b9278dbffb345c271170eed 
Number of updated asset objects reloaded before import = 0
Number of asset objects unloaded after import = 0
========================================================================
Received Import Request.
  Time of request: 2026-10-06T13:04:43.4443494Z
  Time since last request: 0.0006734 seconds.
  importAddress: GUID: 656e461844099ae43a609ff6109b0877 - Path: Packages/com.unity.ugui/Tests/Editor/TMP/Unity.TextMeshPro.Editor.Tests.asmdef - Importer: ScriptedImporter/UnityEditor.QuickSearchModule:UnityEditor.Search:ASIAI0B
Importing 'GUID: 656e461844099ae43a609ff6109b0877 - Path: Packages/com.unity.ugui/Tests/Editor/TMP/Unity.TextMeshPro.Editor.Tests.asmdef - Importer: ScriptedImporter/UnityEditor.QuickSearchModule:UnityEditor.Search:ASIAI0B' with importer (ScriptedImporter : UnityEditor.QuickSearchModule:UnityEditor.Search:ASIAI0B)
Imported 'GUID: 656e461844099ae43a609ff6109b0877' -> (Import Result ID: 'ac11d24302173fa73385437526e9da43') in 0.010 seconds [static and dynamic dependencies]. Details - ImportResultOutputID=9d076c60b0f00b6ac2faff98cbc9a554 DependenciesID=7eba8418aa7679c9481065a5a37d0ecd StaticDependenciesID=7dc65bf4a723f30832a853483d1e10d1 
Number of updated asset objects reloaded before import = 0
Number of asset objects unloaded after import = 1
========================================================================
Received Import Request.
  Time of request: 2026-10-06T13:04:43.4550831Z
  Time since last request: 0.0006236 seconds.
  importAddress: GUID: a6238e9452bfc704f82ff36791fe1a45 - Path: Packages/com.unity.ugui/Runtime/UGUI/UI/Core/Graphic.cs - Importer: ScriptedImporter/UnityEditor.QuickSearchModule:UnityEditor.Search:ASIAI0B
Importing 'GUID: a6238e9452bfc704f82ff36791fe1a45 - Path: Packages/com.unity.ugui/Runtime/UGUI/UI/Core/Graphic.cs - Importer: ScriptedImporter/UnityEditor.QuickSearchModule:UnityEditor.Search:ASIAI0B' with importer (ScriptedImporter : UnityEditor.QuickSearchModule:UnityEditor.Search:ASIAI0B)
Imported 'GUID: a6238e9452bfc704f82ff36791fe1a45' -> (Import Result ID: '6b81d1b132869ba0a6c65a61a67c7c7c') in 0.007 seconds [static and dynamic dependencies]. Details - ImportResultOutputID=deebd89f6707a5669c05bf25a2e71569 DependenciesID=8e0d2c7ff3e94177c9fe5cba6b9db139 StaticDependenciesID=bb7c1922013923fe4ef79536fd45747b 
Number of updated asset objects reloaded before import = 0
Number of asset objects unloaded after import = 0
========================================================================
Received Import Request.
  Time of request: 2026-10-06T13:04:43.462744Z
  Time since last request: 0.0005969 seconds.
  importAddress: GUID: 1ea10891dd782154ca0fb67bce9e6f72 - Path: Packages/com.unity.ugui/Runtime/UGUI/EventSystem/InputModules/BaseInputModule.cs - Importer: ScriptedImporter/UnityEditor.QuickSearchModule:UnityEditor.Search:ASIAI0B
Importing 'GUID: 1ea10891dd782154ca0fb67bce9e6f72 - Path: Packages/com.unity.ugui/Runtime/UGUI/EventSystem/InputModules/BaseInputModule.cs - Importer: ScriptedImporter/UnityEditor.QuickSearchModule:UnityEditor.Search:ASIAI0B' with importer (ScriptedImporter : UnityEditor.QuickSearchModule:UnityEditor.Search:ASIAI0B)
Imported 'GUID: 1ea10891dd782154ca0fb67bce9e6f72' -> (Import Result ID: 'e1c1356961edcc251d189e4ec22b8c10') in 0.006 seconds [static and dynamic dependencies]. Details - ImportResultOutputID=0ce9ae771a0203621abfbac76cb006b8 DependenciesID=b92204391fd6132fe8a00b0df3fe9ccf StaticDependenciesID=f81c49be633efa3814688772ace49245 
Number of updated asset objects reloaded before import = 0
Number of asset objects unloaded after import = 0
========================================================================
Received Import Request.
  Time of request: 2026-10-06T13:04:43.4697433Z
  Time since last request: 0.0006796 seconds.
  importAddress: GUID: 1385bc74f3945c943be16ecbb1381063 - Path: Packages/com.unity.ugui/Editor/UGUI/UI/PropertyDrawers/DropdownOptionListDrawer.cs - Importer: ScriptedImporter/UnityEditor.QuickSearchModule:UnityEditor.Search:ASIAI0B
Importing 'GUID: 1385bc74f3945c943be16ecbb1381063 - Path: Packages/com.unity.ugui/Editor/UGUI/UI/PropertyDrawers/DropdownOptionListDrawer.cs - Importer: ScriptedImporter/UnityEditor.QuickSearchModule:UnityEditor.Search:ASIAI0B' with importer (ScriptedImporter : UnityEditor.QuickSearchModule:UnityEditor.Search:ASIAI0B)
Imported 'GUID: 1385bc74f3945c943be16ecbb1381063' -> (Import Result ID: '0e45245c628d245dad7c820fdf12c4a0') in 0.007 seconds [static and dynamic dependencies]. Details - ImportResultOutputID=a400d4be2973b6e681b98ac56e392abd DependenciesID=5d9c0df93b8485420892f7f0f3872b01 StaticDependenciesID=7a209030518f4e100addaa57af6d7edb 
Number of updated asset objects reloaded before import = 0
Number of asset objects unloaded after import = 0
========================================================================
Received Import Request.
  Time of request: 2026-10-06T13:04:43.4780842Z
  Time since last request: 0.0005134 seconds.
  importAddress: GUID: 83088ba2132cbc940b7ca0c679a02b0d - Path: Packages/com.unity.ugui/Runtime/UGUI/UI/Core/ColorBlock.cs - Importer: ScriptedImporter/UnityEditor.QuickSearchModule:UnityEditor.Search:ASIAI0B
Importing 'GUID: 83088ba2132cbc940b7ca0c679a02b0d - Path: Packages/com.unity.ugui/Runtime/UGUI/UI/Core/ColorBlock.cs - Importer: ScriptedImporter/UnityEditor.QuickSearchModule:UnityEditor.Search:ASIAI0B' with importer (ScriptedImporter : UnityEditor.QuickSearchModule:UnityEditor.Search:ASIAI0B)
Imported 'GUID: 83088ba2132cbc940b7ca0c679a02b0d' -> (Import Result ID: '294a1ab9915f8a3a1e9fddc44a93368a') in 0.007 seconds [static and dynamic dependencies]. Details - ImportResultOutputID=7c78030c5d25847b2b34ef2723e92578 DependenciesID=94cab78e5ea057356a8e3a418133f5df StaticDependenciesID=01446f0e466c2afbe6d4285919497eda 
Number of updated asset objects reloaded before import = 0
Number of asset objects unloaded after import = 0
========================================================================
Received Import Request.
  Time of request: 2026-10-06T13:04:43.4867718Z
  Time since last request: 0.000863 seconds.
  importAddress: GUID: 7a79c4e23d4d4b64bfa5fa9e6671a460 - Path: Packages/com.unity.ugui/Runtime/UGUI/EventSystem/UIElements/PanelRaycaster.cs - Importer: ScriptedImporter/UnityEditor.QuickSearchModule:UnityEditor.Search:ASIAI0B
Importing 'GUID: 7a79c4e23d4d4b64bfa5fa9e6671a460 - Path: Packages/com.unity.ugui/Runtime/UGUI/EventSystem/UIElements/PanelRaycaster.cs - Importer: ScriptedImporter/UnityEditor.QuickSearchModule:UnityEditor.Search:ASIAI0B' with importer (ScriptedImporter : UnityEditor.QuickSearchModule:UnityEditor.Search:ASIAI0B)
Imported 'GUID: 7a79c4e23d4d4b64bfa5fa9e6671a460' -> (Import Result ID: 'e7e346b3eced8973a36cb778d088582f') in 0.009 seconds [static and dynamic dependencies]. Details - ImportResultOutputID=791fda927b21a9f73e5052ba6dfbc4a3 DependenciesID=ccd00a13a8d7f394851a86ad6869ff25 StaticDependenciesID=16b10a194363d06bc2354233e2523363 
Number of updated asset objects reloaded before import = 0
Number of asset objects unloaded after import = 0
========================================================================
Received Import Request.
  Time of request: 2026-10-06T13:04:43.4965955Z
  Time since last request: 0.0006104 seconds.
  importAddress: GUID: c67ac6e40bbb6fe47a095b949b609ce0 - Path: Packages/com.unity.ugui/Runtime/UGUI/UI/Core/AnimationTriggers.cs - Importer: ScriptedImporter/UnityEditor.QuickSearchModule:UnityEditor.Search:ASIAI0B
Importing 'GUID: c67ac6e40bbb6fe47a095b949b609ce0 - Path: Packages/com.unity.ugui/Runtime/UGUI/UI/Core/AnimationTriggers.cs - Importer: ScriptedImporter/UnityEditor.QuickSearchModule:UnityEditor.Search:ASIAI0B' with importer (ScriptedImporter : UnityEditor.QuickSearchModule:UnityEditor.Search:ASIAI0B)
Imported 'GUID: c67ac6e40bbb6fe47a095b949b609ce0' -> (Import Result ID: '9ce1e03a0e47d5f13a4b9610ae1ed2cf') in 0.008 seconds [static and dynamic dependencies]. Details - ImportResultOutputID=b863be12d3820d38ef4e4f5043ff6175 DependenciesID=70f964c6d26c7de91ee556d03b4f9658 StaticDependenciesID=21ce01c19f597afccaebeb920c2da269 
Number of updated asset objects reloaded before import = 0
Number of asset objects unloaded after import = 0
========================================================================
Received Import Request.
  Time of request: 2026-10-06T13:04:43.5054344Z
  Time since last request: 0.0006597 seconds.
  importAddress: GUID: 5c221dffa89042038c946376c731c918 - Path: Packages/com.unity.ugui/Tests/Editor/TMP/TMP_ControlTests.cs - Importer: ScriptedImporter/UnityEditor.QuickSearchModule:UnityEditor.Search:ASIAI0B
Importing 'GUID: 5c221dffa89042038c946376c731c918 - Path: Packages/com.unity.ugui/Tests/Editor/TMP/TMP_ControlTests.cs - Importer: ScriptedImporter/UnityEditor.QuickSearchModule:UnityEditor.Search:ASIAI0B' with importer (ScriptedImporter : UnityEditor.QuickSearchModule:UnityEditor.Search:ASIAI0B)
Imported 'GUID: 5c221dffa89042038c946376c731c918' -> (Import Result ID: '0843e34eef83e39c0650dea8e212c81c') in 0.008 seconds [static and dynamic dependencies]. Details - ImportResultOutputID=b118483fedd9a5b7ebb803c3117b425d DependenciesID=107f9bc9e8c97c99d21fb32daae2224d StaticDependenciesID=f9e0c98393c2b23b3b87307a30724228 
Number of updated asset objects reloaded before import = 0
Number of asset objects unloaded after import = 0
========================================================================
Received Import Request.
  Time of request: 2026-10-06T13:04:43.5392473Z
  Time since last request: 0.0259244 seconds.
  importAddress: GUID: 9c21cfda3336137438c3001d40564be0 - Path: Packages/com.unity.ugui/Tests/Runtime/UGUI/Canvas/NoActiveCameraInSceneDoesNotCrashEditor.cs - Importer: ScriptedImporter/UnityEditor.QuickSearchModule:UnityEditor.Search:ASIAI0B
Importing 'GUID: 9c21cfda3336137438c3001d40564be0 - Path: Packages/com.unity.ugui/Tests/Runtime/UGUI/Canvas/NoActiveCameraInSceneDoesNotCrashEditor.cs - Importer: ScriptedImporter/UnityEditor.QuickSearchModule:UnityEditor.Search:ASIAI0B' with importer (ScriptedImporter : UnityEditor.QuickSearchModule:UnityEditor.Search:ASIAI0B)
Imported 'GUID: 9c21cfda3336137438c3001d40564be0' -> (Import Result ID: '9da6f3fb66eb3abc6d10d06b8ae7a447') in 0.010 seconds [static and dynamic dependencies]. Details - ImportResultOutputID=c844e5837bd9f5a75dc81e725857dfcb DependenciesID=07215ed29ae77d9275c7b47e33983c68 StaticDependenciesID=9da3591815552f7ac000fba653bf8018 
Number of updated asset objects reloaded before import = 0
Number of asset objects unloaded after import = 0
========================================================================
Received Import Request.
  Time of request: 2026-10-06T13:04:43.5506952Z
  Time since last request: 0.0011972 seconds.
  importAddress: GUID: 25b01819c6e1649428db2a9b274cf364 - Path: Packages/com.unity.ugui/Runtime/UGUI/UI/Core/SpriteState.cs - Importer: ScriptedImporter/UnityEditor.QuickSearchModule:UnityEditor.Search:ASIAI0B
Importing 'GUID: 25b01819c6e1649428db2a9b274cf364 - Path: Packages/com.unity.ugui/Runtime/UGUI/UI/Core/SpriteState.cs - Importer: ScriptedImporter/UnityEditor.QuickSearchModule:UnityEditor.Search:ASIAI0B' with importer (ScriptedImporter : UnityEditor.QuickSearchModule:UnityEditor.Search:ASIAI0B)
Imported 'GUID: 25b01819c6e1649428db2a9b274cf364' -> (Import Result ID: '57220048e01a90ce52b7a6dd7746b5f3') in 0.008 seconds [static and dynamic dependencies]. Details - ImportResultOutputID=fe68e8fddb0a017e4e599bcb1a21b47b DependenciesID=9cc7f068f32f8578305031b3557cf243 StaticDependenciesID=ad85259910246b870f6df0ec17e6ffef 
Number of updated asset objects reloaded before import = 0
Number of asset objects unloaded after import = 0
========================================================================
Received Import Request.
  Time of request: 2026-10-06T13:04:43.5592728Z
  Time since last request: 0.0006407 seconds.
  importAddress: GUID: a0bae4ff8f5baf64aad3b92b8aea0603 - Path: Packages/com.unity.ugui/Tests/Runtime/UGUI/Graphic/ImageTests.cs - Importer: ScriptedImporter/UnityEditor.QuickSearchModule:UnityEditor.Search:ASIAI0B
Importing 'GUID: a0bae4ff8f5baf64aad3b92b8aea0603 - Path: Packages/com.unity.ugui/Tests/Runtime/UGUI/Graphic/ImageTests.cs - Importer: ScriptedImporter/UnityEditor.QuickSearchModule:UnityEditor.Search:ASIAI0B' with importer (ScriptedImporter : UnityEditor.QuickSearchModule:UnityEditor.Search:ASIAI0B)
Imported 'GUID: a0bae4ff8f5baf64aad3b92b8aea0603' -> (Import Result ID: 'f3051deeffc6ad9bb8e0d7b2a90f06a6') in 0.008 seconds [static and dynamic dependencies]. Details - ImportResultOutputID=40b839869997217d8c6226e4f7643f75 DependenciesID=7a5552248d9c2fd9c361ef9ab95dfa8f StaticDependenciesID=29d92280afa6ab2b7e196c23425cfca9 
Number of updated asset objects reloaded before import = 0
Number of asset objects unloaded after import = 0
========================================================================
Received Import Request.
  Time of request: 2026-10-06T13:04:43.5677083Z
  Time since last request: 0.0005918 seconds.
  importAddress: GUID: 39dcddcb5895328489c92214aa73e3bb - Path: Packages/com.unity.ugui/Tests/Runtime/UGUI/EventSystem/SelectableTests.cs - Importer: ScriptedImporter/UnityEditor.QuickSearchModule:UnityEditor.Search:ASIAI0B
Importing 'GUID: 39dcddcb5895328489c92214aa73e3bb - Path: Packages/com.unity.ugui/Tests/Runtime/UGUI/EventSystem/SelectableTests.cs - Importer: ScriptedImporter/UnityEditor.QuickSearchModule:UnityEditor.Search:ASIAI0B' with importer (ScriptedImporter : UnityEditor.QuickSearchModule:UnityEditor.Search:ASIAI0B)
Imported 'GUID: 39dcddcb5895328489c92214aa73e3bb' -> (Import Result ID: '9690655bc74e9213bc993870b63d4a7a') in 0.008 seconds [static and dynamic dependencies]. Details - ImportResultOutputID=5bd35586d0888768b545001e950028a4 DependenciesID=6d01d4dc3c7deaeefd8abc28680149b8 StaticDependenciesID=9c3c6d1de45f01fcc62020027948ab15 
Number of updated asset objects reloaded before import = 0
Number of asset objects unloaded after import = 0
========================================================================
Received Import Request.
  Time of request: 2026-10-06T13:04:43.5771169Z
  Time since last request: 0.0006508 seconds.
  importAddress: GUID: fc8d686a4c18b8d49bb1db4150de0459 - Path: Packages/com.unity.ugui/Tests/Runtime/UGUI/Canvas/NestedCanvas.cs - Importer: ScriptedImporter/UnityEditor.QuickSearchModule:UnityEditor.Search:ASIAI0B
Importing 'GUID: fc8d686a4c18b8d49bb1db4150de0459 - Path: Packages/com.unity.ugui/Tests/Runtime/UGUI/Canvas/NestedCanvas.cs - Importer: ScriptedImporter/UnityEditor.QuickSearchModule:UnityEditor.Search:ASIAI0B' with importer (ScriptedImporter : UnityEditor.QuickSearchModule:UnityEditor.Search:ASIAI0B)
Imported 'GUID: fc8d686a4c18b8d49bb1db4150de0459' -> (Import Result ID: '333b38f9430ce70b0670a968ed0528f7') in 0.006 seconds [static and dynamic dependencies]. Details - ImportResultOutputID=49f950e9c68eaaaf748bdffcc220e1e0 DependenciesID=559dbe1979295db067850f3fc1472461 StaticDependenciesID=dab5711c329e80faee3a1c09a5dfaf07 
Number of updated asset objects reloaded before import = 0
Number of asset objects unloaded after import = 0
========================================================================
Received Import Request.
  Time of request: 2026-10-06T13:04:43.5835176Z
  Time since last request: 0.0005839 seconds.
  importAddress: GUID: 6fb761a492f57d84586a8264df7b3cc0 - Path: Packages/com.unity.ugui/Tests/Runtime/UGUI/EventSystem/Physics2DRaycasterTests.cs - Importer: ScriptedImporter/UnityEditor.QuickSearchModule:UnityEditor.Search:ASIAI0B
Importing 'GUID: 6fb761a492f57d84586a8264df7b3cc0 - Path: Packages/com.unity.ugui/Tests/Runtime/UGUI/EventSystem/Physics2DRaycasterTests.cs - Importer: ScriptedImporter/UnityEditor.QuickSearchModule:UnityEditor.Search:ASIAI0B' with importer (ScriptedImporter : UnityEditor.QuickSearchModule:UnityEditor.Search:ASIAI0B)
Imported 'GUID: 6fb761a492f57d84586a8264df7b3cc0' -> (Import Result ID: 'ab677396b0de9b0e43476b5c73205855') in 0.006 seconds [static and dynamic dependencies]. Details - ImportResultOutputID=964e330dad06c7fb5ce7dd62d89c3d9f DependenciesID=28e84cf0f173103e7e52df33da2796ed StaticDependenciesID=db20bb6e45d24e92f612e57bd679debf 
Number of updated asset objects reloaded before import = 0
Number of asset objects unloaded after import = 0
========================================================================
Received Import Request.
  Time of request: 2026-10-06T13:04:43.5901597Z
  Time since last request: 0.0005257 seconds.
  importAddress: GUID: 8573c56c34e616248a3881b2c56280ef - Path: Packages/com.unity.ugui/Tests/Runtime/UGUI/Canvas/CoroutineWorksIfUIObjectIsAttached.cs - Importer: ScriptedImporter/UnityEditor.QuickSearchModule:UnityEditor.Search:ASIAI0B
Importing 'GUID: 8573c56c34e616248a3881b2c56280ef - Path: Packages/com.unity.ugui/Tests/Runtime/UGUI/Canvas/CoroutineWorksIfUIObjectIsAttached.cs - Importer: ScriptedImporter/UnityEditor.QuickSearchModule:UnityEditor.Search:ASIAI0B' with importer (ScriptedImporter : UnityEditor.QuickSearchModule:UnityEditor.Search:ASIAI0B)
Imported 'GUID: 8573c56c34e616248a3881b2c56280ef' -> (Import Result ID: 'c0a7a42f56e3871f437508ea5ef8522e') in 0.006 seconds [static and dynamic dependencies]. Details - ImportResultOutputID=bc1fb40974903289080e853e813ddf45 DependenciesID=3e595b9672445cdad5785ff138a7a8c0 StaticDependenciesID=82e5e11938e96b017a2558eff15a37f6 
Number of updated asset objects reloaded before import = 0
Number of asset objects unloaded after import = 0
========================================================================
Received Import Request.
  Time of request: 2026-10-06T13:04:43.5971161Z
  Time since last request: 0.000772 seconds.
  importAddress: GUID: 2ba506934dc2ce14591a37f3b00dca92 - Path: Packages/com.unity.ugui/Tests/Runtime/UGUI/Canvas/RectMask2DReparentedToDifferentCanvas.cs - Importer: ScriptedImporter/UnityEditor.QuickSearchModule:UnityEditor.Search:ASIAI0B
Importing 'GUID: 2ba506934dc2ce14591a37f3b00dca92 - Path: Packages/com.unity.ugui/Tests/Runtime/UGUI/Canvas/RectMask2DReparentedToDifferentCanvas.cs - Importer: ScriptedImporter/UnityEditor.QuickSearchModule:UnityEditor.Search:ASIAI0B' with importer (ScriptedImporter : UnityEditor.QuickSearchModule:UnityEditor.Search:ASIAI0B)
Imported 'GUID: 2ba506934dc2ce14591a37f3b00dca92' -> (Import Result ID: '880597547dc87b1799b1bc7e4793a334') in 0.007 seconds [static and dynamic dependencies]. Details - ImportResultOutputID=27ceafddfbf35815bfea8d4d392a4682 DependenciesID=a4c13f547d972d1ebb1b92984cce8300 StaticDependenciesID=0b17426a8080a4e73fff26466c0379ee 
Number of updated asset objects reloaded before import = 0
Number of asset objects unloaded after import = 0
========================================================================
Received Import Request.
  Time of request: 2026-10-06T13:04:43.6051341Z
  Time since last request: 0.0005617 seconds.
  importAddress: GUID: 812aaaefaab404448a3e4db49dfa5206 - Path: Packages/com.unity.ugui/Tests/Editor/UGUI/Text/FontCreatedByScript.cs - Importer: ScriptedImporter/UnityEditor.QuickSearchModule:UnityEditor.Search:ASIAI0B
Importing 'GUID: 812aaaefaab404448a3e4db49dfa5206 - Path: Packages/com.unity.ugui/Tests/Editor/UGUI/Text/FontCreatedByScript.cs - Importer: ScriptedImporter/UnityEditor.QuickSearchModule:UnityEditor.Search:ASIAI0B' with importer (ScriptedImporter : UnityEditor.QuickSearchModule:UnityEditor.Search:ASIAI0B)
Imported 'GUID: 812aaaefaab404448a3e4db49dfa5206' -> (Import Result ID: '980f7ff8b9571048dff251af3b5f7b25') in 0.006 seconds [static and dynamic dependencies]. Details - ImportResultOutputID=bdac77ea7fdddbd69e9386dc44feef64 DependenciesID=eb15b0061823687272493690a850dbd0 StaticDependenciesID=d6dea52b824d589049e4ef2fc656ed6b 
Number of updated asset objects reloaded before import = 0
Number of asset objects unloaded after import = 0
========================================================================
Received Import Request.
  Time of request: 2026-10-06T13:04:43.6118616Z
  Time since last request: 0.0007696 seconds.
  importAddress: GUID: 5f7201a12d95ffc409449d95f23cf332 - Path: Packages/com.unity.ugui/Runtime/UGUI/UI/Core/Text.cs - Importer: ScriptedImporter/UnityEditor.QuickSearchModule:UnityEditor.Search:ASIAI0B
Importing 'GUID: 5f7201a12d95ffc409449d95f23cf332 - Path: Packages/com.unity.ugui/Runtime/UGUI/UI/Core/Text.cs - Importer: ScriptedImporter/UnityEditor.QuickSearchModule:UnityEditor.Search:ASIAI0B' with importer (ScriptedImporter : UnityEditor.QuickSearchModule:UnityEditor.Search:ASIAI0B)
Imported 'GUID: 5f7201a12d95ffc409449d95f23cf332' -> (Import Result ID: '3ef39fe0b910e36c67cc722beaac63a4') in 0.005 seconds [static and dynamic dependencies]. Details - ImportResultOutputID=daa9ab3783372df4bcb52699956e8318 DependenciesID=2f0e7f4aa31044edfc4ab0363fea2ea7 StaticDependenciesID=335d3359c3cb76cdde9f6ec90c7a37fa 
Number of updated asset objects reloaded before import = 0
Number of asset objects unloaded after import = 0
========================================================================
Received Import Request.
  Time of request: 2026-10-06T13:04:43.6181993Z
  Time since last request: 0.0005462 seconds.
  importAddress: GUID: be07f70ee67e6d74e851a9333719bbb6 - Path: Packages/com.unity.ugui/Tests/Runtime/UGUI/Canvas/NestedCanvasMaintainsCorrectSize.cs - Importer: ScriptedImporter/UnityEditor.QuickSearchModule:UnityEditor.Search:ASIAI0B
Importing 'GUID: be07f70ee67e6d74e851a9333719bbb6 - Path: Packages/com.unity.ugui/Tests/Runtime/UGUI/Canvas/NestedCanvasMaintainsCorrectSize.cs - Importer: ScriptedImporter/UnityEditor.QuickSearchModule:UnityEditor.Search:ASIAI0B' with importer (ScriptedImporter : UnityEditor.QuickSearchModule:UnityEditor.Search:ASIAI0B)
Imported 'GUID: be07f70ee67e6d74e851a9333719bbb6' -> (Import Result ID: '200ad9071b49c4327d4885d12cafa679') in 0.007 seconds [static and dynamic dependencies]. Details - ImportResultOutputID=805cb426300c3bfc52ce531aba3641c7 DependenciesID=efca7bba17205ebe8ec545e4af4f2a5c StaticDependenciesID=337f1279f7d0091163e76ac6e983bd89 
Number of updated asset objects reloaded before import = 0
Number of asset objects unloaded after import = 0
========================================================================
Received Import Request.
  Time of request: 2026-10-06T13:04:43.6263332Z
  Time since last request: 0.0005588 seconds.
  importAddress: GUID: b9ba34e0b1884454fbc4257260e22b64 - Path: Packages/com.unity.ugui/Runtime/UGUI/UI/Core/SetPropertyUtility.cs - Importer: ScriptedImporter/UnityEditor.QuickSearchModule:UnityEditor.Search:ASIAI0B
Importing 'GUID: b9ba34e0b1884454fbc4257260e22b64 - Path: Packages/com.unity.ugui/Runtime/UGUI/UI/Core/SetPropertyUtility.cs - Importer: ScriptedImporter/UnityEditor.QuickSearchModule:UnityEditor.Search:ASIAI0B' with importer (ScriptedImporter : UnityEditor.QuickSearchModule:UnityEditor.Search:ASIAI0B)
Imported 'GUID: b9ba34e0b1884454fbc4257260e22b64' -> (Import Result ID: 'd2274e6bf9abd2c6005464f2b55395a0') in 0.006 seconds [static and dynamic dependencies]. Details - ImportResultOutputID=5a8de4690d0bd0f48294911c5313d1ef DependenciesID=392b8def549fc6099c4756bb0e9e3c1d StaticDependenciesID=256336e731eecf320f58ca14eddabf8f 
Number of updated asset objects reloaded before import = 0
Number of asset objects unloaded after import = 0
========================================================================
Received Import Request.
  Time of request: 2026-10-06T13:04:43.6333798Z
  Time since last request: 0.0005994 seconds.
  importAddress: GUID: 735d54f21944f834f931716514c87a84 - Path: Packages/com.unity.ugui/Tests/Runtime/UGUI/Canvas/RectMask2DWithNestedCanvasCullsUsingCorrectCanvasRect.cs - Importer: ScriptedImporter/UnityEditor.QuickSearchModule:UnityEditor.Search:ASIAI0B
Importing 'GUID: 735d54f21944f834f931716514c87a84 - Path: Packages/com.unity.ugui/Tests/Runtime/UGUI/Canvas/RectMask2DWithNestedCanvasCullsUsingCorrectCanvasRect.cs - Importer: ScriptedImporter/UnityEditor.QuickSearchModule:UnityEditor.Search:ASIAI0B' with importer (ScriptedImporter : UnityEditor.QuickSearchModule:UnityEditor.Search:ASIAI0B)
Imported 'GUID: 735d54f21944f834f931716514c87a84' -> (Import Result ID: '7584e146b9319397f8e570d5fee2f90a') in 0.007 seconds [static and dynamic dependencies]. Details - ImportResultOutputID=180f22f847e796fab3ab4c5957df88fc DependenciesID=2b3d79b3eed769238a10d972cd6b14ba StaticDependenciesID=1fa65abe27d65d3633b23c9a2f9d3a01 
Number of updated asset objects reloaded before import = 0
Number of asset objects unloaded after import = 0
========================================================================
Received Import Request.
  Time of request: 2026-10-06T13:04:43.6409874Z
  Time since last request: 0.0005987 seconds.
  importAddress: GUID: 798968d841703b54bb9d08b1da6bc52f - Path: Packages/com.unity.ugui/Tests/Editor/UGUI/Canvas/RootCanvasTests.cs - Importer: ScriptedImporter/UnityEditor.QuickSearchModule:UnityEditor.Search:ASIAI0B
Importing 'GUID: 798968d841703b54bb9d08b1da6bc52f - Path: Packages/com.unity.ugui/Tests/Editor/UGUI/Canvas/RootCanvasTests.cs - Importer: ScriptedImporter/UnityEditor.QuickSearchModule:UnityEditor.Search:ASIAI0B' with importer (ScriptedImporter : UnityEditor.QuickSearchModule:UnityEditor.Search:ASIAI0B)
Imported 'GUID: 798968d841703b54bb9d08b1da6bc52f' -> (Import Result ID: '5b9df155077f2c00a3337ecd116eb186') in 0.006 seconds [static and dynamic dependencies]. Details - ImportResultOutputID=a7089fba66d4a233f3a2021f073af2aa DependenciesID=a7c45f55a50fc7161df18ff33261e2da StaticDependenciesID=e75b6742651ec147c7bf66916e47da2a 
Number of updated asset objects reloaded before import = 0
Number of asset objects unloaded after import = 0
========================================================================
Received Import Request.
  Time of request: 2026-10-06T13:04:43.6478572Z
  Time since last request: 0.0005659 seconds.
  importAddress: GUID: e4e290d31ab7fb54880746bb8f818e0d - Path: Packages/com.unity.ugui/Tests/Runtime/UGUI/EventSystem/InputModuleTests.cs - Importer: ScriptedImporter/UnityEditor.QuickSearchModule:UnityEditor.Search:ASIAI0B
Importing 'GUID: e4e290d31ab7fb54880746bb8f818e0d - Path: Packages/com.unity.ugui/Tests/Runtime/UGUI/EventSystem/InputModuleTests.cs - Importer: ScriptedImporter/UnityEditor.QuickSearchModule:UnityEditor.Search:ASIAI0B' with importer (ScriptedImporter : UnityEditor.QuickSearchModule:UnityEditor.Search:ASIAI0B)
Imported 'GUID: e4e290d31ab7fb54880746bb8f818e0d' -> (Import Result ID: 'fa3dea89fe4d565c90a159765491388c') in 0.007 seconds [static and dynamic dependencies]. Details - ImportResultOutputID=5ac364254011fd0d570e8adb137b56ff DependenciesID=4bdfc237921e1cbdc399a8ea08fe85c4 StaticDependenciesID=6737f65f415b051ff1254a944739570b 
Number of updated asset objects reloaded before import = 0
Number of asset objects unloaded after import = 0
========================================================================
Received Import Request.
  Time of request: 2026-10-06T13:04:43.6556659Z
  Time since last request: 0.0004924 seconds.
  importAddress: GUID: 03fb1af6e1585964a8d5c2437a191324 - Path: Packages/com.unity.ugui/Tests/Editor/UGUI/EventSystem/InputModuleTests.cs - Importer: ScriptedImporter/UnityEditor.QuickSearchModule:UnityEditor.Search:ASIAI0B
Importing 'GUID: 03fb1af6e1585964a8d5c2437a191324 - Path: Packages/com.unity.ugui/Tests/Editor/UGUI/EventSystem/InputModuleTests.cs - Importer: ScriptedImporter/UnityEditor.QuickSearchModule:UnityEditor.Search:ASIAI0B' with importer (ScriptedImporter : UnityEditor.QuickSearchModule:UnityEditor.Search:ASIAI0B)
Imported 'GUID: 03fb1af6e1585964a8d5c2437a191324' -> (Import Result ID: 'cc648151aefbb2d76c2783a31cc2d079') in 0.010 seconds [static and dynamic dependencies]. Details - ImportResultOutputID=b1ad0ff7f6bc483ad9ea503d3a428811 DependenciesID=85f80e836e0dc895392d0296df4992e1 StaticDependenciesID=1614a0c05efb2dabc8b4d9c8bf0cb984 
Number of updated asset objects reloaded before import = 0
Number of asset objects unloaded after import = 0
========================================================================
Received Import Request.
  Time of request: 2026-10-06T13:04:43.6666114Z
  Time since last request: 0.0006 seconds.
  importAddress: GUID: 13d161b14bb3ab74e8a9634e26fb7a5e - Path: Packages/com.unity.ugui/Tests/Runtime/UGUI/Canvas/CanvasScalerWithChildTextObjectDoesNotCrash.cs - Importer: ScriptedImporter/UnityEditor.QuickSearchModule:UnityEditor.Search:ASIAI0B
Importing 'GUID: 13d161b14bb3ab74e8a9634e26fb7a5e - Path: Packages/com.unity.ugui/Tests/Runtime/UGUI/Canvas/CanvasScalerWithChildTextObjectDoesNotCrash.cs - Importer: ScriptedImporter/UnityEditor.QuickSearchModule:UnityEditor.Search:ASIAI0B' with importer (ScriptedImporter : UnityEditor.QuickSearchModule:UnityEditor.Search:ASIAI0B)
Imported 'GUID: 13d161b14bb3ab74e8a9634e26fb7a5e' -> (Import Result ID: '3884e34819f3195b174c31cff9355b76') in 0.008 seconds [static and dynamic dependencies]. Details - ImportResultOutputID=552643aa9760eafde2f196555cc34f7e DependenciesID=957ab50555190a71dd701ed3db06d72c StaticDependenciesID=94fc4fc30c9422784d1f003b0057e47d 
Number of updated asset objects reloaded before import = 0
Number of asset objects unloaded after import = 0
========================================================================
Received Import Request.
  Time of request: 2026-10-06T13:04:43.6760882Z
  Time since last request: 0.0006281 seconds.
  importAddress: GUID: 5a2e98b03511c6f43bc645238cd40857 - Path: Packages/com.unity.ugui/Tests/Editor/UGUI/InputField/ContentValidation.cs - Importer: ScriptedImporter/UnityEditor.QuickSearchModule:UnityEditor.Search:ASIAI0B
Importing 'GUID: 5a2e98b03511c6f43bc645238cd40857 - Path: Packages/com.unity.ugui/Tests/Editor/UGUI/InputField/ContentValidation.cs - Importer: ScriptedImporter/UnityEditor.QuickSearchModule:UnityEditor.Search:ASIAI0B' with importer (ScriptedImporter : UnityEditor.QuickSearchModule:UnityEditor.Search:ASIAI0B)
Imported 'GUID: 5a2e98b03511c6f43bc645238cd40857' -> (Import Result ID: '58add559b8b1d0a47d8d3a9b467d2fe9') in 0.006 seconds [static and dynamic dependencies]. Details - ImportResultOutputID=61847aa6e1cf02887bf4b0b3ed689330 DependenciesID=8c1f752e1c378a6ecc5d89c8250011d6 StaticDependenciesID=433f91257f744d98804cc7934d7bf2d5 
Number of updated asset objects reloaded before import = 0
Number of asset objects unloaded after import = 0
========================================================================
Received Import Request.
  Time of request: 2026-10-06T13:04:43.6830607Z
  Time since last request: 0.00061 seconds.
  importAddress: GUID: 4adb1f65bbae8004a88d8f5bc3523298 - Path: Packages/com.unity.ugui/Tests/Editor/UGUI/EventSystem/EventTriggerRemoveDuringExecution.cs - Importer: ScriptedImporter/UnityEditor.QuickSearchModule:UnityEditor.Search:ASIAI0B
Importing 'GUID: 4adb1f65bbae8004a88d8f5bc3523298 - Path: Packages/com.unity.ugui/Tests/Editor/UGUI/EventSystem/EventTriggerRemoveDuringExecution.cs - Importer: ScriptedImporter/UnityEditor.QuickSearchModule:UnityEditor.Search:ASIAI0B' with importer (ScriptedImporter : UnityEditor.QuickSearchModule:UnityEditor.Search:ASIAI0B)
Imported 'GUID: 4adb1f65bbae8004a88d8f5bc3523298' -> (Import Result ID: 'aa34c0732f7e6e22d6ad7795f79e083b') in 0.008 seconds [static and dynamic dependencies]. Details - ImportResultOutputID=2d7fd9c40faf1f6532169650cda172a5 DependenciesID=d408e3af45c8f5ad0bf07fecd17579dc StaticDependenciesID=07dc0167010a934b5cf6fa43b27d3df9 
Number of updated asset objects reloaded before import = 0
Number of asset objects unloaded after import = 0
========================================================================
Received Import Request.
  Time of request: 2026-10-06T13:04:43.6920247Z
  Time since last request: 0.0006336 seconds.
  importAddress: GUID: 977190a4db46de442aed27279d247df4 - Path: Packages/com.unity.ugui/Tests/Editor/UGUI/UnityEvent/UnityEventInvoke.cs - Importer: ScriptedImporter/UnityEditor.QuickSearchModule:UnityEditor.Search:ASIAI0B
Importing 'GUID: 977190a4db46de442aed27279d247df4 - Path: Packages/com.unity.ugui/Tests/Editor/UGUI/UnityEvent/UnityEventInvoke.cs - Importer: ScriptedImporter/UnityEditor.QuickSearchModule:UnityEditor.Search:ASIAI0B' with importer (ScriptedImporter : UnityEditor.QuickSearchModule:UnityEditor.Search:ASIAI0B)
Imported 'GUID: 977190a4db46de442aed27279d247df4' -> (Import Result ID: '33727e61c9c319445b5f922d50f171df') in 0.006 seconds [static and dynamic dependencies]. Details - ImportResultOutputID=3e3580f74d4df5cf0928683de07bf27b DependenciesID=e6d9415fb61b5c668f9184ca5828a0bc StaticDependenciesID=a73248bf1c74ec9f7995e16d246243ea 
Number of updated asset objects reloaded before import = 0
Number of asset objects unloaded after import = 0
========================================================================
Received Import Request.
  Time of request: 2026-10-06T13:04:43.6993116Z
  Time since last request: 0.0005464 seconds.
  importAddress: GUID: 0ca2545d76d1fb34fa45a9f1e432d259 - Path: Packages/com.unity.ugui/Tests/Runtime/UGUI/EventSystem/RaycastSortingTests.cs - Importer: ScriptedImporter/UnityEditor.QuickSearchModule:UnityEditor.Search:ASIAI0B
Importing 'GUID: 0ca2545d76d1fb34fa45a9f1e432d259 - Path: Packages/com.unity.ugui/Tests/Runtime/UGUI/EventSystem/RaycastSortingTests.cs - Importer: ScriptedImporter/UnityEditor.QuickSearchModule:UnityEditor.Search:ASIAI0B' with importer (ScriptedImporter : UnityEditor.QuickSearchModule:UnityEditor.Search:ASIAI0B)
Imported 'GUID: 0ca2545d76d1fb34fa45a9f1e432d259' -> (Import Result ID: '26307ee290334bc2169bddabc4f33568') in 0.006 seconds [static and dynamic dependencies]. Details - ImportResultOutputID=7a1a79cf6ddd142be67f5e864e865ee8 DependenciesID=9182d5bcd853db57c8d55ca6f168b15d StaticDependenciesID=d6cbc8118fe510557e9d172f680ee78a 
Number of updated asset objects reloaded before import = 0
Number of asset objects unloaded after import = 0
========================================================================
Received Import Request.
  Time of request: 2026-10-06T13:04:43.7065804Z
  Time since last request: 0.0004612 seconds.
  importAddress: GUID: 2fafe2cfe61f6974895a912c3755e8f1 - Path: Packages/com.unity.ugui/Runtime/UGUI/UI/Core/ToggleGroup.cs - Importer: ScriptedImporter/UnityEditor.QuickSearchModule:UnityEditor.Search:ASIAI0B
Importing 'GUID: 2fafe2cfe61f6974895a912c3755e8f1 - Path: Packages/com.unity.ugui/Runtime/UGUI/UI/Core/ToggleGroup.cs - Importer: ScriptedImporter/UnityEditor.QuickSearchModule:UnityEditor.Search:ASIAI0B' with importer (ScriptedImporter : UnityEditor.QuickSearchModule:UnityEditor.Search:ASIAI0B)
Imported 'GUID: 2fafe2cfe61f6974895a912c3755e8f1' -> (Import Result ID: '2b031b2f34bba2ea852df3b237d95f6d') in 0.006 seconds [static and dynamic dependencies]. Details - ImportResultOutputID=35b00aff751d46401f81824d3d36f785 DependenciesID=f2fe472bacc1a55fbf30bfbd0f49a132 StaticDependenciesID=9185d9765efda998cffcf9f17395f078 
Number of updated asset objects reloaded before import = 0
Number of asset objects unloaded after import = 0
========================================================================
Received Import Request.
  Time of request: 2026-10-06T13:04:43.7200926Z
  Time since last request: 0.0067825 seconds.
  importAddress: GUID: 9713795381722eb43b623dffba25d115 - Path: Packages/com.unity.ugui/Tests/Runtime/UGUI/Image/TestableImage.cs - Importer: ScriptedImporter/UnityEditor.QuickSearchModule:UnityEditor.Search:ASIAI0B
Importing 'GUID: 9713795381722eb43b623dffba25d115 - Path: Packages/com.unity.ugui/Tests/Runtime/UGUI/Image/TestableImage.cs - Importer: ScriptedImporter/UnityEditor.QuickSearchModule:UnityEditor.Search:ASIAI0B' with importer (ScriptedImporter : UnityEditor.QuickSearchModule:UnityEditor.Search:ASIAI0B)
Imported 'GUID: 9713795381722eb43b623dffba25d115' -> (Import Result ID: '4e44cc724a926a4e9653c85ac4e6937a') in 0.009 seconds [static and dynamic dependencies]. Details - ImportResultOutputID=04cff19a70aa19dfb16bb18630c96573 DependenciesID=13206058db1a5c345abd920a3c5c3c4e StaticDependenciesID=2ccc62080c3601878d39064c6a744a39 
Number of updated asset objects reloaded before import = 0
Number of asset objects unloaded after import = 0
========================================================================
Received Import Request.
  Time of request: 2026-10-06T13:04:43.7301088Z
  Time since last request: 0.0007359 seconds.
  importAddress: GUID: 306cc8c2b49d7114eaa3623786fc2126 - Path: Packages/com.unity.ugui/Runtime/UGUI/UI/Core/Layout/LayoutElement.cs - Importer: ScriptedImporter/UnityEditor.QuickSearchModule:UnityEditor.Search:ASIAI0B
Importing 'GUID: 306cc8c2b49d7114eaa3623786fc2126 - Path: Packages/com.unity.ugui/Runtime/UGUI/UI/Core/Layout/LayoutElement.cs - Importer: ScriptedImporter/UnityEditor.QuickSearchModule:UnityEditor.Search:ASIAI0B' with importer (ScriptedImporter : UnityEditor.QuickSearchModule:UnityEditor.Search:ASIAI0B)
Imported 'GUID: 306cc8c2b49d7114eaa3623786fc2126' -> (Import Result ID: '00ec7b1aef55209069bf31fa0f3188d5') in 0.011 seconds [static and dynamic dependencies]. Details - ImportResultOutputID=9f8fe5dbf965c123557eb932b51842ae DependenciesID=9eb4ed83657afc73d704c833a7b3c37f StaticDependenciesID=5a615014fd58d9bc98977e69924be57d 
Number of updated asset objects reloaded before import = 0
Number of asset objects unloaded after import = 0
========================================================================
Received Import Request.
  Time of request: 2026-10-06T13:04:43.7419865Z
  Time since last request: 0.0008824 seconds.
  importAddress: GUID: a5c214e5846a99242b348c37e49b2f59 - Path: Packages/com.unity.ugui/Runtime/UGUI/UI/Core/Layout/HorizontalOrVerticalLayoutGroup.cs - Importer: ScriptedImporter/UnityEditor.QuickSearchModule:UnityEditor.Search:ASIAI0B
Importing 'GUID: a5c214e5846a99242b348c37e49b2f59 - Path: Packages/com.unity.ugui/Runtime/UGUI/UI/Core/Layout/HorizontalOrVerticalLayoutGroup.cs - Importer: ScriptedImporter/UnityEditor.QuickSearchModule:UnityEditor.Search:ASIAI0B' with importer (ScriptedImporter : UnityEditor.QuickSearchModule:UnityEditor.Search:ASIAI0B)
Imported 'GUID: a5c214e5846a99242b348c37e49b2f59' -> (Import Result ID: '801eae5c2f98f516ed6b084a00e3c126') in 0.008 seconds [static and dynamic dependencies]. Details - ImportResultOutputID=e683c6b886df6c096783c1e9fa546426 DependenciesID=8bfaf51bbf587659ce25ce24aac3d55b StaticDependenciesID=a4a24f102ecf6a3a7888bd00949bf3ef 
Number of updated asset objects reloaded before import = 0
Number of asset objects unloaded after import = 0
========================================================================
Received Import Request.
  Time of request: 2026-10-06T13:04:43.7513135Z
  Time since last request: 0.0006482 seconds.
  importAddress: GUID: 5da88f348abcbd94585671a69c672781 - Path: Packages/com.unity.ugui/Tests/Runtime/UGUI/Util/ImageHook.cs - Importer: ScriptedImporter/UnityEditor.QuickSearchModule:UnityEditor.Search:ASIAI0B
Importing 'GUID: 5da88f348abcbd94585671a69c672781 - Path: Packages/com.unity.ugui/Tests/Runtime/UGUI/Util/ImageHook.cs - Importer: ScriptedImporter/UnityEditor.QuickSearchModule:UnityEditor.Search:ASIAI0B' with importer (ScriptedImporter : UnityEditor.QuickSearchModule:UnityEditor.Search:ASIAI0B)
Imported 'GUID: 5da88f348abcbd94585671a69c672781' -> (Import Result ID: 'ce541733244f4f68cfb14372749a5e54') in 0.008 seconds [static and dynamic dependencies]. Details - ImportResultOutputID=35a1605a838d0ad7976cfc6c2cab96bc DependenciesID=51f7703006af957fbe118cbf08ff2c2e StaticDependenciesID=25ec4b266380201790c554fc44857ad8 
Number of updated asset objects reloaded before import = 0
Number of asset objects unloaded after import = 0
========================================================================
Received Import Request.
  Time of request: 2026-10-06T13:04:43.7600889Z
  Time since last request: 0.0006482 seconds.
  importAddress: GUID: e19747de3f5aca642ab2be37e372fb86 - Path: Packages/com.unity.ugui/Runtime/UGUI/UI/Core/VertexModifiers/Outline.cs - Importer: ScriptedImporter/UnityEditor.QuickSearchModule:UnityEditor.Search:ASIAI0B
Importing 'GUID: e19747de3f5aca642ab2be37e372fb86 - Path: Packages/com.unity.ugui/Runtime/UGUI/UI/Core/VertexModifiers/Outline.cs - Importer: ScriptedImporter/UnityEditor.QuickSearchModule:UnityEditor.Search:ASIAI0B' with importer (ScriptedImporter : UnityEditor.QuickSearchModule:UnityEditor.Search:ASIAI0B)
Imported 'GUID: e19747de3f5aca642ab2be37e372fb86' -> (Import Result ID: '301d42643c38ce99a0dee302b24f030b') in 0.008 seconds [static and dynamic dependencies]. Details - ImportResultOutputID=6ecd2567a0f1d24331c7e8168233c487 DependenciesID=eb32ca7e20124dbba81563df988a629a StaticDependenciesID=db6df5c4857b856e9d11770b27afa839 
Number of updated asset objects reloaded before import = 0
Number of asset objects unloaded after import = 0
========================================================================
Received Import Request.
  Time of request: 2026-10-06T13:04:43.7688816Z
  Time since last request: 0.0005514 seconds.
  importAddress: GUID: 00f9a68859b850648902e0c98c25b590 - Path: Packages/com.unity.ugui/Tests/Runtime/UGUI/ScrollBar/ScrollBarTests.cs - Importer: ScriptedImporter/UnityEditor.QuickSearchModule:UnityEditor.Search:ASIAI0B
Importing 'GUID: 00f9a68859b850648902e0c98c25b590 - Path: Packages/com.unity.ugui/Tests/Runtime/UGUI/ScrollBar/ScrollBarTests.cs - Importer: ScriptedImporter/UnityEditor.QuickSearchModule:UnityEditor.Search:ASIAI0B' with importer (ScriptedImporter : UnityEditor.QuickSearchModule:UnityEditor.Search:ASIAI0B)
Imported 'GUID: 00f9a68859b850648902e0c98c25b590' -> (Import Result ID: '75e8e399c39213d5876a741800f39cb6') in 0.007 seconds [static and dynamic dependencies]. Details - ImportResultOutputID=c5ade22826f25ce627f29f873d25e643 DependenciesID=7fde140e696a85084cc62f8e3636faf9 StaticDependenciesID=3a9ce9c0c50154ef6bc3ebe85dbd9ba0 
Number of updated asset objects reloaded before import = 0
Number of asset objects unloaded after import = 0
========================================================================
Received Import Request.
  Time of request: 2026-10-06T13:04:43.7768586Z
  Time since last request: 0.0004605 seconds.
  importAddress: GUID: 86710e43de46f6f4bac7c8e50813a599 - Path: Packages/com.unity.ugui/Runtime/UGUI/UI/Core/Layout/AspectRatioFitter.cs - Importer: ScriptedImporter/UnityEditor.QuickSearchModule:UnityEditor.Search:ASIAI0B
Importing 'GUID: 86710e43de46f6f4bac7c8e50813a599 - Path: Packages/com.unity.ugui/Runtime/UGUI/UI/Core/Layout/AspectRatioFitter.cs - Importer: ScriptedImporter/UnityEditor.QuickSearchModule:UnityEditor.Search:ASIAI0B' with importer (ScriptedImporter : UnityEditor.QuickSearchModule:UnityEditor.Search:ASIAI0B)
Imported 'GUID: 86710e43de46f6f4bac7c8e50813a599' -> (Import Result ID: 'd142624652b9dd38f018baf458e6d63f') in 0.007 seconds [static and dynamic dependencies]. Details - ImportResultOutputID=0690a2fd5e4c87a380aa135b8fc92579 DependenciesID=fcf5e1376d35ed8b7685a2f956bedd5a StaticDependenciesID=0bf151fb515aac19782df8a0d782c216 
Number of updated asset objects reloaded before import = 0
Number of asset objects unloaded after import = 0
========================================================================
Received Import Request.
  Time of request: 2026-10-06T13:04:43.785377Z
  Time since last request: 0.0006035 seconds.
  importAddress: GUID: 371b6b9c8adc50745ace66a6fdf67481 - Path: Packages/com.unity.ugui/Runtime/UGUI/UI/Core/Culling/IClipRegion.cs - Importer: ScriptedImporter/UnityEditor.QuickSearchModule:UnityEditor.Search:ASIAI0B
Importing 'GUID: 371b6b9c8adc50745ace66a6fdf67481 - Path: Packages/com.unity.ugui/Runtime/UGUI/UI/Core/Culling/IClipRegion.cs - Importer: ScriptedImporter/UnityEditor.QuickSearchModule:UnityEditor.Search:ASIAI0B' with importer (ScriptedImporter : UnityEditor.QuickSearchModule:UnityEditor.Search:ASIAI0B)
Imported 'GUID: 371b6b9c8adc50745ace66a6fdf67481' -> (Import Result ID: '5a525833ddad0408e7a4b33f59b4d738') in 0.007 seconds [static and dynamic dependencies]. Details - ImportResultOutputID=fef3e8862301b098d32b3761bde82dab DependenciesID=0b77a058074b308ff10e401aae37f192 StaticDependenciesID=5ca0faef312109de8f6d1eb5d0049316 
Number of updated asset objects reloaded before import = 0
Number of asset objects unloaded after import = 0
========================================================================
Received Import Request.
  Time of request: 2026-10-06T13:04:43.7929786Z
  Time since last request: 0.0007012 seconds.
  importAddress: GUID: e9a32780b69dcdb438da3e3f43202f54 - Path: Packages/com.unity.ugui/Tests/Runtime/UGUI/LayoutGroup/LayoutGroupArrangement.cs - Importer: ScriptedImporter/UnityEditor.QuickSearchModule:UnityEditor.Search:ASIAI0B
Importing 'GUID: e9a32780b69dcdb438da3e3f43202f54 - Path: Packages/com.unity.ugui/Tests/Runtime/UGUI/LayoutGroup/LayoutGroupArrangement.cs - Importer: ScriptedImporter/UnityEditor.QuickSearchModule:UnityEditor.Search:ASIAI0B' with importer (ScriptedImporter : UnityEditor.QuickSearchModule:UnityEditor.Search:ASIAI0B)
Imported 'GUID: e9a32780b69dcdb438da3e3f43202f54' -> (Import Result ID: 'c4edaeb7fea94f22050469185c402361') in 0.007 seconds [static and dynamic dependencies]. Details - ImportResultOutputID=21ece5dca97ce29ff9e45992f8378324 DependenciesID=2afec79aa0771ac80df7354ae78d258e StaticDependenciesID=40ac2b6ac857822e3ac7ae25ff78e43e 
Number of updated asset objects reloaded before import = 0
Number of asset objects unloaded after import = 0
========================================================================
Received Import Request.
  Time of request: 2026-10-06T13:04:43.8009664Z
  Time since last request: 0.0006277 seconds.
  importAddress: GUID: d56dbb97f857c8040beef6dd1bfc97df - Path: Packages/com.unity.ugui/Tests/Runtime/UGUI/ScrollRect/ScrollRectClamp.cs - Importer: ScriptedImporter/UnityEditor.QuickSearchModule:UnityEditor.Search:ASIAI0B
Importing 'GUID: d56dbb97f857c8040beef6dd1bfc97df - Path: Packages/com.unity.ugui/Tests/Runtime/UGUI/ScrollRect/ScrollRectClamp.cs - Importer: ScriptedImporter/UnityEditor.QuickSearchModule:UnityEditor.Search:ASIAI0B' with importer (ScriptedImporter : UnityEditor.QuickSearchModule:UnityEditor.Search:ASIAI0B)
Imported 'GUID: d56dbb97f857c8040beef6dd1bfc97df' -> (Import Result ID: '31f087843cb0c433af55ea09909f25d5') in 0.007 seconds [static and dynamic dependencies]. Details - ImportResultOutputID=d7ac41a09a76fc11a03eabe521879c58 DependenciesID=b1d5882cf3981c27f4d1dc0624b89d81 StaticDependenciesID=8c16cd1a101ca8ae5b7a4d157997e166 
Number of updated asset objects reloaded before import = 0
Number of asset objects unloaded after import = 0
========================================================================
Received Import Request.
  Time of request: 2026-10-06T13:04:43.8092499Z
  Time since last request: 0.0005358 seconds.
  importAddress: GUID: d548f82e7e9c0ed49ae5b4a5eecfb2f7 - Path: Packages/com.unity.ugui/Tests/Runtime/UGUI/Util/UIBehaviourExtensions.cs - Importer: ScriptedImporter/UnityEditor.QuickSearchModule:UnityEditor.Search:ASIAI0B
Importing 'GUID: d548f82e7e9c0ed49ae5b4a5eecfb2f7 - Path: Packages/com.unity.ugui/Tests/Runtime/UGUI/Util/UIBehaviourExtensions.cs - Importer: ScriptedImporter/UnityEditor.QuickSearchModule:UnityEditor.Search:ASIAI0B' with importer (ScriptedImporter : UnityEditor.QuickSearchModule:UnityEditor.Search:ASIAI0B)
Imported 'GUID: d548f82e7e9c0ed49ae5b4a5eecfb2f7' -> (Import Result ID: '900c0b8ec65ec8e5cf5abd3ff19b7c0d') in 0.008 seconds [static and dynamic dependencies]. Details - ImportResultOutputID=5ceba5fb26977519e095f7396df939c4 DependenciesID=7cd8e75a645643920721e6430447af2f StaticDependenciesID=72e5a6ee4a7df6378f9382556f2f3ef0 
Number of updated asset objects reloaded before import = 0
Number of asset objects unloaded after import = 0
========================================================================
Received Import Request.
  Time of request: 2026-10-06T13:04:43.8178492Z
  Time since last request: 0.0006 seconds.
  importAddress: GUID: fcae021c30eccf74790a4e816ba97c19 - Path: Packages/com.unity.ugui/Runtime/UGUI/UI/Core/Utility/ReflectionMethodsCache.cs - Importer: ScriptedImporter/UnityEditor.QuickSearchModule:UnityEditor.Search:ASIAI0B
Importing 'GUID: fcae021c30eccf74790a4e816ba97c19 - Path: Packages/com.unity.ugui/Runtime/UGUI/UI/Core/Utility/ReflectionMethodsCache.cs - Importer: ScriptedImporter/UnityEditor.QuickSearchModule:UnityEditor.Search:ASIAI0B' with importer (ScriptedImporter : UnityEditor.QuickSearchModule:UnityEditor.Search:ASIAI0B)
Imported 'GUID: fcae021c30eccf74790a4e816ba97c19' -> (Import Result ID: '15ac5aecb98b09e1c02e79d25872d77b') in 0.006 seconds [static and dynamic dependencies]. Details - ImportResultOutputID=336e6448686baeb8eefa5e8eddda9450 DependenciesID=79b3de7249507b3cea83ba48dfc0dbbe StaticDependenciesID=69fd69fc150009c3ae564a895565a70c 
Number of updated asset objects reloaded before import = 0
Number of asset objects unloaded after import = 0
========================================================================
Received Import Request.
  Time of request: 2026-10-06T13:04:43.8248974Z
  Time since last request: 0.0004912 seconds.
  importAddress: GUID: b9eb962217e00bf4fbc734e109991fca - Path: Packages/com.unity.ugui/Tests/Runtime/UGUI/Layout/GridLayoutGroupTests.cs - Importer: ScriptedImporter/UnityEditor.QuickSearchModule:UnityEditor.Search:ASIAI0B
Importing 'GUID: b9eb962217e00bf4fbc734e109991fca - Path: Packages/com.unity.ugui/Tests/Runtime/UGUI/Layout/GridLayoutGroupTests.cs - Importer: ScriptedImporter/UnityEditor.QuickSearchModule:UnityEditor.Search:ASIAI0B' with importer (ScriptedImporter : UnityEditor.QuickSearchModule:UnityEditor.Search:ASIAI0B)
Imported 'GUID: b9eb962217e00bf4fbc734e109991fca' -> (Import Result ID: '12b467a6271e125fd4353bca67e9cbca') in 0.007 seconds [static and dynamic dependencies]. Details - ImportResultOutputID=97dbf9aaff1b938578e76a9c03246936 DependenciesID=5917b88ad362b2eb85bbd19218815890 StaticDependenciesID=23fd258618dce63a68933d66ecc2130b 
Number of updated asset objects reloaded before import = 0
Number of asset objects unloaded after import = 0
========================================================================
Received Import Request.
  Time of request: 2026-10-06T13:04:43.8324763Z
  Time since last request: 0.000613 seconds.
  importAddress: GUID: 006633c8a6f4ae94aa9babf72234e1a2 - Path: Packages/com.unity.ugui/Runtime/UGUI/UI/Core/Layout/LayoutRebuilder.cs - Importer: ScriptedImporter/UnityEditor.QuickSearchModule:UnityEditor.Search:ASIAI0B
Importing 'GUID: 006633c8a6f4ae94aa9babf72234e1a2 - Path: Packages/com.unity.ugui/Runtime/UGUI/UI/Core/Layout/LayoutRebuilder.cs - Importer: ScriptedImporter/UnityEditor.QuickSearchModule:UnityEditor.Search:ASIAI0B' with importer (ScriptedImporter : UnityEditor.QuickSearchModule:UnityEditor.Search:ASIAI0B)
Imported 'GUID: 006633c8a6f4ae94aa9babf72234e1a2' -> (Import Result ID: '03c50e9c5f81385f85bc107f3df2dd72') in 0.008 seconds [static and dynamic dependencies]. Details - ImportResultOutputID=5d2d2107e68ec1573e55ca7b854f064c DependenciesID=59e71b6947fe5f5262811f2c61b9d49c StaticDependenciesID=04f751e879d22da18878ca6678d0dc01 
Number of updated asset objects reloaded before import = 0
Number of asset objects unloaded after import = 0
========================================================================
Received Import Request.
  Time of request: 2026-10-06T13:04:43.8413232Z
  Time since last request: 0.0006316 seconds.
  importAddress: GUID: 30649d3a9faa99c48a7b1166b86bf2a0 - Path: Packages/com.unity.ugui/Runtime/UGUI/UI/Core/Layout/HorizontalLayoutGroup.cs - Importer: ScriptedImporter/UnityEditor.QuickSearchModule:UnityEditor.Search:ASIAI0B
Importing 'GUID: 30649d3a9faa99c48a7b1166b86bf2a0 - Path: Packages/com.unity.ugui/Runtime/UGUI/UI/Core/Layout/HorizontalLayoutGroup.cs - Importer: ScriptedImporter/UnityEditor.QuickSearchModule:UnityEditor.Search:ASIAI0B' with importer (ScriptedImporter : UnityEditor.QuickSearchModule:UnityEditor.Search:ASIAI0B)
Imported 'GUID: 30649d3a9faa99c48a7b1166b86bf2a0' -> (Import Result ID: 'd541f7e5caacbf72ec03d45c51eaaf16') in 0.007 seconds [static and dynamic dependencies]. Details - ImportResultOutputID=4708a565519de57785eb73c261c6311c DependenciesID=b07d5ac620ba40c45238ce3b5ff01cdd StaticDependenciesID=977dd959f095d0ab0157c3da6e21fc81 
Number of updated asset objects reloaded before import = 0
Number of asset objects unloaded after import = 0
========================================================================
Received Import Request.
  Time of request: 2026-10-06T13:04:43.8497309Z
  Time since last request: 0.000502 seconds.
  importAddress: GUID: 3371106faf8d06f47a73979a3c8d82a1 - Path: Packages/com.unity.ugui/Tests/Runtime/UGUI/InputField/InputFieldTests.cs - Importer: ScriptedImporter/UnityEditor.QuickSearchModule:UnityEditor.Search:ASIAI0B
Importing 'GUID: 3371106faf8d06f47a73979a3c8d82a1 - Path: Packages/com.unity.ugui/Tests/Runtime/UGUI/InputField/InputFieldTests.cs - Importer: ScriptedImporter/UnityEditor.QuickSearchModule:UnityEditor.Search:ASIAI0B' with importer (ScriptedImporter : UnityEditor.QuickSearchModule:UnityEditor.Search:ASIAI0B)
Imported 'GUID: 3371106faf8d06f47a73979a3c8d82a1' -> (Import Result ID: '25628a1e4c36972530b58f780e332ab3') in 0.007 seconds [static and dynamic dependencies]. Details - ImportResultOutputID=58d92a5a34cb71506ea1457fecd37693 DependenciesID=0a4d41516935d4b1089a2fa8272ec201 StaticDependenciesID=9b9258ee62a0b33ee3d589a344116825 
Number of updated asset objects reloaded before import = 0
Number of asset objects unloaded after import = 0
========================================================================
Received Import Request.
  Time of request: 2026-10-06T13:04:43.8582509Z
  Time since last request: 0.0007851 seconds.
  importAddress: GUID: d925cabd9ecd5074aadab0726b96c38f - Path: Packages/com.unity.ugui/Tests/Runtime/UGUI/ScrollRect/ScrollRectTests.cs - Importer: ScriptedImporter/UnityEditor.QuickSearchModule:UnityEditor.Search:ASIAI0B
Importing 'GUID: d925cabd9ecd5074aadab0726b96c38f - Path: Packages/com.unity.ugui/Tests/Runtime/UGUI/ScrollRect/ScrollRectTests.cs - Importer: ScriptedImporter/UnityEditor.QuickSearchModule:UnityEditor.Search:ASIAI0B' with importer (ScriptedImporter : UnityEditor.QuickSearchModule:UnityEditor.Search:ASIAI0B)
Imported 'GUID: d925cabd9ecd5074aadab0726b96c38f' -> (Import Result ID: 'd6ff41b2be677f1e9c31c81896bddd50') in 0.007 seconds [static and dynamic dependencies]. Details - ImportResultOutputID=2862e812a8123d371f5d4a3448b44d99 DependenciesID=40d7506dfc16d8af1d559d94c104852b StaticDependenciesID=dac0164396116e1497d9edc1b76963e7 
Number of updated asset objects reloaded before import = 0
Number of asset objects unloaded after import = 0
========================================================================
Received Import Request.
  Time of request: 2026-10-06T13:04:43.8657381Z
  Time since last request: 0.0005741 seconds.
  importAddress: GUID: 16c6414b77a90ff4098767dce485c495 - Path: Packages/com.unity.ugui/Tests/Runtime/UGUI/InputField/FakeInputModule.cs - Importer: ScriptedImporter/UnityEditor.QuickSearchModule:UnityEditor.Search:ASIAI0B
Importing 'GUID: 16c6414b77a90ff4098767dce485c495 - Path: Packages/com.unity.ugui/Tests/Runtime/UGUI/InputField/FakeInputModule.cs - Importer: ScriptedImporter/UnityEditor.QuickSearchModule:UnityEditor.Search:ASIAI0B' with importer (ScriptedImporter : UnityEditor.QuickSearchModule:UnityEditor.Search:ASIAI0B)
Imported 'GUID: 16c6414b77a90ff4098767dce485c495' -> (Import Result ID: 'cb0ada3a129b52ff09073b83fdb168c8') in 0.008 seconds [static and dynamic dependencies]. Details - ImportResultOutputID=10ea8db2e8068bfb14ccf05cfdb876e4 DependenciesID=e8d696d6bbacb023c54c37ac92040ff7 StaticDependenciesID=52ebf8ca54d122b9c9048c6451f12c19 
Number of updated asset objects reloaded before import = 0
Number of asset objects unloaded after import = 0
========================================================================
Received Import Request.
  Time of request: 2026-10-06T13:04:43.874422Z
  Time since last request: 0.0003666 seconds.
  importAddress: GUID: 4d31e19fd539ac54c8d9151da43683e9 - Path: Packages/com.unity.ugui/Tests/Runtime/UGUI/Util/ConcreteGraphic.cs - Importer: ScriptedImporter/UnityEditor.QuickSearchModule:UnityEditor.Search:ASIAI0B
Importing 'GUID: 4d31e19fd539ac54c8d9151da43683e9 - Path: Packages/com.unity.ugui/Tests/Runtime/UGUI/Util/ConcreteGraphic.cs - Importer: ScriptedImporter/UnityEditor.QuickSearchModule:UnityEditor.Search:ASIAI0B' with importer (ScriptedImporter : UnityEditor.QuickSearchModule:UnityEditor.Search:ASIAI0B)
Imported 'GUID: 4d31e19fd539ac54c8d9151da43683e9' -> (Import Result ID: 'e7bc747afe64bdd4eaf27cff0ddd2d4f') in 0.007 seconds [static and dynamic dependencies]. Details - ImportResultOutputID=52cbccc1c205c2a85409520bc40aee3c DependenciesID=ba80cad177b495a43f25478b81a9cf3f StaticDependenciesID=01921f6b4ba9574e64cdca28ae7c3983 
Number of updated asset objects reloaded before import = 0
Number of asset objects unloaded after import = 0
========================================================================
Received Import Request.
  Time of request: 2026-10-06T13:04:43.8832991Z
  Time since last request: 0.0010673 seconds.
  importAddress: GUID: 0b2706df6fdff50448f84a3f6629b40f - Path: Packages/com.unity.ugui/Tests/Runtime/UGUI/Util/ExceptionUtils.cs - Importer: ScriptedImporter/UnityEditor.QuickSearchModule:UnityEditor.Search:ASIAI0B
Importing 'GUID: 0b2706df6fdff50448f84a3f6629b40f - Path: Packages/com.unity.ugui/Tests/Runtime/UGUI/Util/ExceptionUtils.cs - Importer: ScriptedImporter/UnityEditor.QuickSearchModule:UnityEditor.Search:ASIAI0B' with importer (ScriptedImporter : UnityEditor.QuickSearchModule:UnityEditor.Search:ASIAI0B)
Imported 'GUID: 0b2706df6fdff50448f84a3f6629b40f' -> (Import Result ID: '85124a34551c4b38fb8651a058a6c5d9') in 0.006 seconds [static and dynamic dependencies]. Details - ImportResultOutputID=8373cedd826c7a0701f6620e23e4c760 DependenciesID=a0f1c046bfcbd3d4aa8c1a80e36dedef StaticDependenciesID=edccbaab732278546bcd2eedb86553a3 
Number of updated asset objects reloaded before import = 0
Number of asset objects unloaded after import = 0
========================================================================
Received Import Request.
  Time of request: 2026-10-06T13:04:43.8902649Z
  Time since last request: 0.0005367 seconds.
  importAddress: GUID: 8a4b6301a5afaec4cb87d21383ceb0b3 - Path: Packages/com.unity.ugui/Tests/Runtime/UGUI/Layout/VerticalLayoutGroupTests.cs - Importer: ScriptedImporter/UnityEditor.QuickSearchModule:UnityEditor.Search:ASIAI0B
Importing 'GUID: 8a4b6301a5afaec4cb87d21383ceb0b3 - Path: Packages/com.unity.ugui/Tests/Runtime/UGUI/Layout/VerticalLayoutGroupTests.cs - Importer: ScriptedImporter/UnityEditor.QuickSearchModule:UnityEditor.Search:ASIAI0B' with importer (ScriptedImporter : UnityEditor.QuickSearchModule:UnityEditor.Search:ASIAI0B)
Imported 'GUID: 8a4b6301a5afaec4cb87d21383ceb0b3' -> (Import Result ID: '2d97abc309f8b05f207d821709a60bbb') in 0.006 seconds [static and dynamic dependencies]. Details - ImportResultOutputID=8889c69b01636e875e7e77c4ab8bb4d0 DependenciesID=5f9767562220d20f769824e1033ad8cc StaticDependenciesID=9e99e60f0a57b8223f27cd9503c1e94c 
Number of updated asset objects reloaded before import = 0
Number of asset objects unloaded after import = 0
========================================================================
Received Import Request.
  Time of request: 2026-10-06T13:04:43.9008863Z
  Time since last request: 0.0037801 seconds.
  importAddress: GUID: 833328f3bcf144cc94f92e286e86b427 - Path: Packages/com.unity.multiplayer.center/Common/IOnboardingSectionAnalyticsProvider.cs - Importer: ScriptedImporter/UnityEditor.QuickSearchModule:UnityEditor.Search:ASIAI0B
Importing 'GUID: 833328f3bcf144cc94f92e286e86b427 - Path: Packages/com.unity.multiplayer.center/Common/IOnboardingSectionAnalyticsProvider.cs - Importer: ScriptedImporter/UnityEditor.QuickSearchModule:UnityEditor.Search:ASIAI0B' with importer (ScriptedImporter : UnityEditor.QuickSearchModule:UnityEditor.Search:ASIAI0B)
Imported 'GUID: 833328f3bcf144cc94f92e286e86b427' -> (Import Result ID: 'eb0f2d67db4fcd61cbe7a36440dca4e6') in 0.010 seconds [static and dynamic dependencies]. Details - ImportResultOutputID=1c8af160ce7e3ea9e7ad951e9f73628e DependenciesID=a25a6733b90dae2270921da6aa92952b StaticDependenciesID=39d3424feb41ebb15db51983ca0c877f 
Number of updated asset objects reloaded before import = 0
Number of asset objects unloaded after import = 0
========================================================================
Received Import Request.
  Time of request: 2026-10-06T13:04:43.912112Z
  Time since last request: 0.0012664 seconds.
  importAddress: GUID: 0a9ab22e4e004c7db707338bccb538b9 - Path: Packages/com.unity.multiplayer.center/Common/Preset.cs - Importer: ScriptedImporter/UnityEditor.QuickSearchModule:UnityEditor.Search:ASIAI0B
Importing 'GUID: 0a9ab22e4e004c7db707338bccb538b9 - Path: Packages/com.unity.multiplayer.center/Common/Preset.cs - Importer: ScriptedImporter/UnityEditor.QuickSearchModule:UnityEditor.Search:ASIAI0B' with importer (ScriptedImporter : UnityEditor.QuickSearchModule:UnityEditor.Search:ASIAI0B)
Imported 'GUID: 0a9ab22e4e004c7db707338bccb538b9' -> (Import Result ID: '09d85bfe2c74aac971e92624f313a065') in 0.010 seconds [static and dynamic dependencies]. Details - ImportResultOutputID=a203c2fd2fee43c0c3b345d05c1fe5b7 DependenciesID=d2b752eac65bd17dacded0abbc87bd94 StaticDependenciesID=1d23fd2c2c3a4a0845f8e2c1f52f1f7c 
Number of updated asset objects reloaded before import = 0
Number of asset objects unloaded after import = 0
========================================================================
Received Import Request.
  Time of request: 2026-10-06T13:04:43.9232921Z
  Time since last request: 0.0005446 seconds.
  importAddress: GUID: ae87256f29d9c8b50490f4caf75b2c41 - Path: Packages/com.unity.modules.unitywebrequestwww/package.ModuleCompilationTrigger - Importer: ScriptedImporter/UnityEditor.QuickSearchModule:UnityEditor.Search:ASIAI0B
Importing 'GUID: ae87256f29d9c8b50490f4caf75b2c41 - Path: Packages/com.unity.modules.unitywebrequestwww/package.ModuleCompilationTrigger - Importer: ScriptedImporter/UnityEditor.QuickSearchModule:UnityEditor.Search:ASIAI0B' with importer (ScriptedImporter : UnityEditor.QuickSearchModule:UnityEditor.Search:ASIAI0B)
Imported 'GUID: ae87256f29d9c8b50490f4caf75b2c41' -> (Import Result ID: 'ca08de3e2842d9515b50fe513e4cdec8') in 0.009 seconds [static and dynamic dependencies]. Details - ImportResultOutputID=1ae575e968ccde74b6fe63c576deed87 DependenciesID=a4724231bff4bd3b787a5bac5bf979e0 StaticDependenciesID=437a9f907ef2a846d8f3b099ac4c551c 
Number of updated asset objects reloaded before import = 0
Number of asset objects unloaded after import = 1
========================================================================
Received Import Request.
  Time of request: 2026-10-06T13:04:43.9330345Z
  Time since last request: 0.0005594 seconds.
  importAddress: GUID: 052c764978664486a9c04518899ddf57 - Path: Packages/com.unity.multiplayer.center/Editor/MultiplayerCenterWindow/RecommendationTabView.cs - Importer: ScriptedImporter/UnityEditor.QuickSearchModule:UnityEditor.Search:ASIAI0B
Importing 'GUID: 052c764978664486a9c04518899ddf57 - Path: Packages/com.unity.multiplayer.center/Editor/MultiplayerCenterWindow/RecommendationTabView.cs - Importer: ScriptedImporter/UnityEditor.QuickSearchModule:UnityEditor.Search:ASIAI0B' with importer (ScriptedImporter : UnityEditor.QuickSearchModule:UnityEditor.Search:ASIAI0B)
Imported 'GUID: 052c764978664486a9c04518899ddf57' -> (Import Result ID: 'a92ac8bed3db6b43ea3652e84dd62ad1') in 0.009 seconds [static and dynamic dependencies]. Details - ImportResultOutputID=0d21ecb975fad15d4cc3f8bd23181785 DependenciesID=40427277577a9678f97b841c5da384ff StaticDependenciesID=691aaa675ebd5e608716caa3b785e51d 
Number of updated asset objects reloaded before import = 0
Number of asset objects unloaded after import = 0
========================================================================
Received Import Request.
  Time of request: 2026-10-06T13:04:43.9431836Z
  Time since last request: 0.0006848 seconds.
  importAddress: GUID: 8110dd6ddbc04e58b50978562ce0c00a - Path: Packages/com.unity.multiplayer.center/Tests/Editor/ExpectedPresetRecommendations.cs - Importer: ScriptedImporter/UnityEditor.QuickSearchModule:UnityEditor.Search:ASIAI0B
Importing 'GUID: 8110dd6ddbc04e58b50978562ce0c00a - Path: Packages/com.unity.multiplayer.center/Tests/Editor/ExpectedPresetRecommendations.cs - Importer: ScriptedImporter/UnityEditor.QuickSearchModule:UnityEditor.Search:ASIAI0B' with importer (ScriptedImporter : UnityEditor.QuickSearchModule:UnityEditor.Search:ASIAI0B)
Imported 'GUID: 8110dd6ddbc04e58b50978562ce0c00a' -> (Import Result ID: '9c83c5bf02933b50d706ebd6d93dc65e') in 0.008 seconds [static and dynamic dependencies]. Details - ImportResultOutputID=a555d5a2f7c5cd130f4470c0d4177c34 DependenciesID=e8a6a8bbc6d64c88f26578a6bf55dcf0 StaticDependenciesID=1b138c7ee3c8c02c1eac148786fee248 
Number of updated asset objects reloaded before import = 0
Number of asset objects unloaded after import = 0
========================================================================
Received Import Request.
  Time of request: 2026-10-06T13:04:43.9517373Z
  Time since last request: 0.0005343 seconds.
  importAddress: GUID: 52a77c59214a4cb5a43fc7b0e097d832 - Path: Packages/com.unity.multiplayer.center/Editor/Recommendations/RecommendationUtils.cs - Importer: ScriptedImporter/UnityEditor.QuickSearchModule:UnityEditor.Search:ASIAI0B
Importing 'GUID: 52a77c59214a4cb5a43fc7b0e097d832 - Path: Packages/com.unity.multiplayer.center/Editor/Recommendations/RecommendationUtils.cs - Importer: ScriptedImporter/UnityEditor.QuickSearchModule:UnityEditor.Search:ASIAI0B' with importer (ScriptedImporter : UnityEditor.QuickSearchModule:UnityEditor.Search:ASIAI0B)
Imported 'GUID: 52a77c59214a4cb5a43fc7b0e097d832' -> (Import Result ID: '1a18d7cf41a223815a6c3a225a74a32a') in 0.009 seconds [static and dynamic dependencies]. Details - ImportResultOutputID=b602ef8f273f93cff26e1a9938df3e26 DependenciesID=acbcd6180c5d38574c7991523c330f63 StaticDependenciesID=d2546d9735df8b25c202e90b0731bf01 
Number of updated asset objects reloaded before import = 0
Number of asset objects unloaded after import = 0
========================================================================
Received Import Request.
  Time of request: 2026-10-06T13:04:43.9619839Z
  Time since last request: 0.0005127 seconds.
  importAddress: GUID: a1c995459c0d418c88dd274e04840c5d - Path: Packages/com.unity.multiplayer.center/Editor/Recommendations/RecommenderSystem.cs - Importer: ScriptedImporter/UnityEditor.QuickSearchModule:UnityEditor.Search:ASIAI0B
Importing 'GUID: a1c995459c0d418c88dd274e04840c5d - Path: Packages/com.unity.multiplayer.center/Editor/Recommendations/RecommenderSystem.cs - Importer: ScriptedImporter/UnityEditor.QuickSearchModule:UnityEditor.Search:ASIAI0B' with importer (ScriptedImporter : UnityEditor.QuickSearchModule:UnityEditor.Search:ASIAI0B)
Imported 'GUID: a1c995459c0d418c88dd274e04840c5d' -> (Import Result ID: '9cad6e69216f79336da79a80b6c1c219') in 0.007 seconds [static and dynamic dependencies]. Details - ImportResultOutputID=52845176f2cc535b96d4da4253d5495c DependenciesID=93bed4561f160741a4ba82c90b878721 StaticDependenciesID=b5ef067d75e93811e6ea941a1b3ce461 
Number of updated asset objects reloaded before import = 0
Number of asset objects unloaded after import = 0
========================================================================
Received Import Request.
  Time of request: 2026-10-06T13:04:43.9701342Z
  Time since last request: 0.0005654 seconds.
  importAddress: GUID: 8bce0b24c28e45d884acfcf49a3b8945 - Path: Packages/com.unity.multiplayer.center/Editor/Analytics/MultiplayerCenterAnalyticsFactory.cs - Importer: ScriptedImporter/UnityEditor.QuickSearchModule:UnityEditor.Search:ASIAI0B
Importing 'GUID: 8bce0b24c28e45d884acfcf49a3b8945 - Path: Packages/com.unity.multiplayer.center/Editor/Analytics/MultiplayerCenterAnalyticsFactory.cs - Importer: ScriptedImporter/UnityEditor.QuickSearchModule:UnityEditor.Search:ASIAI0B' with importer (ScriptedImporter : UnityEditor.QuickSearchModule:UnityEditor.Search:ASIAI0B)
Imported 'GUID: 8bce0b24c28e45d884acfcf49a3b8945' -> (Import Result ID: 'bc678e76b05da1d2540ca68089661b0b') in 0.008 seconds [static and dynamic dependencies]. Details - ImportResultOutputID=b25f9baaa6fa76f7fa97fac57d3c9b5a DependenciesID=2b6b1318736b4e6b616620821fffc30e StaticDependenciesID=104d2717fe28c015b04cac33aaf49a7c 
Number of updated asset objects reloaded before import = 0
Number of asset objects unloaded after import = 0
========================================================================
Received Import Request.
  Time of request: 2026-10-06T13:04:43.9789276Z
  Time since last request: 0.0007803 seconds.
  importAddress: GUID: a659150180ae3489ba41c71780ba3779 - Path: Packages/com.unity.multiplayer.center/Editor/Questionnaire/Questionnaire.questionnaire - Importer: ScriptedImporter/UnityEditor.QuickSearchModule:UnityEditor.Search:ASIAI0B
Importing 'GUID: a659150180ae3489ba41c71780ba3779 - Path: Packages/com.unity.multiplayer.center/Editor/Questionnaire/Questionnaire.questionnaire - Importer: ScriptedImporter/UnityEditor.QuickSearchModule:UnityEditor.Search:ASIAI0B' with importer (ScriptedImporter : UnityEditor.QuickSearchModule:UnityEditor.Search:ASIAI0B)
Imported 'GUID: a659150180ae3489ba41c71780ba3779' -> (Import Result ID: '562e74dca01673f786b3fbf0eee2af2a') in 0.007 seconds [static and dynamic dependencies]. Details - ImportResultOutputID=96cf8c6a618370942623d93851f883cd DependenciesID=bc178cc3ea220ae6fd79eb45392a1af7 StaticDependenciesID=ecc52ae83b814916bdfc33941f7b2bb3 
Number of updated asset objects reloaded before import = 0
Number of asset objects unloaded after import = 1
========================================================================
Received Import Request.
  Time of request: 2026-10-06T13:04:43.9868335Z
  Time since last request: 0.0006253 seconds.
  importAddress: GUID: b66d076cdcfe3b14388de66307a0e7ff - Path: Packages/com.unity.multiplayer.center/Editor/Recommendations/RecommendationData_6000.0.recommendations - Importer: ScriptedImporter/UnityEditor.QuickSearchModule:UnityEditor.Search:ASIAI0B
Importing 'GUID: b66d076cdcfe3b14388de66307a0e7ff - Path: Packages/com.unity.multiplayer.center/Editor/Recommendations/RecommendationData_6000.0.recommendations - Importer: ScriptedImporter/UnityEditor.QuickSearchModule:UnityEditor.Search:ASIAI0B' with importer (ScriptedImporter : UnityEditor.QuickSearchModule:UnityEditor.Search:ASIAI0B)
Imported 'GUID: b66d076cdcfe3b14388de66307a0e7ff' -> (Import Result ID: '83d56296051740177cd0ca21b9e9d890') in 0.006 seconds [static and dynamic dependencies]. Details - ImportResultOutputID=588006283b409aa990cf6701b00a3d54 DependenciesID=970f3331e153c2be1026aef2de5184d3 StaticDependenciesID=58e80ad5e796ea3ceaa53f2c2ddf6228 
Number of updated asset objects reloaded before import = 0
Number of asset objects unloaded after import = 1
========================================================================
Received Import Request.
  Time of request: 2026-10-06T13:04:43.9940944Z
  Time since last request: 0.0005618 seconds.
  importAddress: GUID: 5d117d33f89d41cd9123918383c9b981 - Path: Packages/com.unity.multiplayer.center/Editor/Questionnaire/QuestionnaireEditor.cs - Importer: ScriptedImporter/UnityEditor.QuickSearchModule:UnityEditor.Search:ASIAI0B
Importing 'GUID: 5d117d33f89d41cd9123918383c9b981 - Path: Packages/com.unity.multiplayer.center/Editor/Questionnaire/QuestionnaireEditor.cs - Importer: ScriptedImporter/UnityEditor.QuickSearchModule:UnityEditor.Search:ASIAI0B' with importer (ScriptedImporter : UnityEditor.QuickSearchModule:UnityEditor.Search:ASIAI0B)
Imported 'GUID: 5d117d33f89d41cd9123918383c9b981' -> (Import Result ID: 'd01c500a4d932a5c714aeb07a3f63e5b') in 0.006 seconds [static and dynamic dependencies]. Details - ImportResultOutputID=09a3efe74b4ec876a31a82696b99f104 DependenciesID=49c3e19954bd401645aeb62f0ea3667f StaticDependenciesID=53e187d695fb78d40a2681bdcea0b7a7 
Number of updated asset objects reloaded before import = 0
Number of asset objects unloaded after import = 0
========================================================================
Received Import Request.
  Time of request: 2026-10-06T13:04:44.000837Z
  Time since last request: 0.0005197 seconds.
  importAddress: GUID: 80beef77cb19e713c7c2d481b65ed485 - Path: Packages/com.unity.modules.screencapture/package.json - Importer: ScriptedImporter/UnityEditor.QuickSearchModule:UnityEditor.Search:ASIAI0B
Importing 'GUID: 80beef77cb19e713c7c2d481b65ed485 - Path: Packages/com.unity.modules.screencapture/package.json - Importer: ScriptedImporter/UnityEditor.QuickSearchModule:UnityEditor.Search:ASIAI0B' with importer (ScriptedImporter : UnityEditor.QuickSearchModule:UnityEditor.Search:ASIAI0B)
Imported 'GUID: 80beef77cb19e713c7c2d481b65ed485' -> (Import Result ID: '6b446e1a447b6cb6ca51887bbdc15651') in 0.008 seconds [static and dynamic dependencies]. Details - ImportResultOutputID=89a820e6ba821ba6d63827a96b725fae DependenciesID=c7614126aeb7ae6e8730c51c352e0cc7 StaticDependenciesID=62e8d7bab67b96331d33ee1710038018 
Number of updated asset objects reloaded before import = 0
Number of asset objects unloaded after import = 1
========================================================================
Received Import Request.
  Time of request: 2026-10-06T13:04:44.0107972Z
  Time since last request: 0.0007505 seconds.
  importAddress: GUID: 89ffa359141b49fea9bfa6a1db3b18be - Path: Packages/com.unity.multiplayer.center/Tests/Editor/AssemblyInfo.cs - Importer: ScriptedImporter/UnityEditor.QuickSearchModule:UnityEditor.Search:ASIAI0B
Importing 'GUID: 89ffa359141b49fea9bfa6a1db3b18be - Path: Packages/com.unity.multiplayer.center/Tests/Editor/AssemblyInfo.cs - Importer: ScriptedImporter/UnityEditor.QuickSearchModule:UnityEditor.Search:ASIAI0B' with importer (ScriptedImporter : UnityEditor.QuickSearchModule:UnityEditor.Search:ASIAI0B)
Imported 'GUID: 89ffa359141b49fea9bfa6a1db3b18be' -> (Import Result ID: 'bccf01cc5f391c406712d16bb88a48ff') in 0.007 seconds [static and dynamic dependencies]. Details - ImportResultOutputID=5a727640ac3dafd2cc542f4163b45052 DependenciesID=dbfa68874931c0b477010584926d0c23 StaticDependenciesID=bf82d4189def0f9bd9c693c228391a5e 
Number of updated asset objects reloaded before import = 0
Number of asset objects unloaded after import = 0
========================================================================
Received Import Request.
  Time of request: 2026-10-06T13:04:44.0186475Z
  Time since last request: 0.0005975 seconds.
  importAddress: GUID: 23342257960b4b618e6f7c444137663c - Path: Packages/com.unity.multiplayer.center/Editor/Recommendations/PreReleaseHandling.cs - Importer: ScriptedImporter/UnityEditor.QuickSearchModule:UnityEditor.Search:ASIAI0B
Importing 'GUID: 23342257960b4b618e6f7c444137663c - Path: Packages/com.unity.multiplayer.center/Editor/Recommendations/PreReleaseHandling.cs - Importer: ScriptedImporter/UnityEditor.QuickSearchModule:UnityEditor.Search:ASIAI0B' with importer (ScriptedImporter : UnityEditor.QuickSearchModule:UnityEditor.Search:ASIAI0B)
Imported 'GUID: 23342257960b4b618e6f7c444137663c' -> (Import Result ID: '50391bfced775a27dbd5d5894e0b98c3') in 0.007 seconds [static and dynamic dependencies]. Details - ImportResultOutputID=e3bd476c85a20969b2e0fc35ee47ded4 DependenciesID=31f42e0914dc4d629685c35fd1f7cda7 StaticDependenciesID=c1c1a937d7e024ab13aaff6e63aefb1e 
Number of updated asset objects reloaded before import = 0
Number of asset objects unloaded after import = 0
========================================================================
Received Import Request.
  Time of request: 2026-10-06T13:04:44.0262872Z
  Time since last request: 0.0005821 seconds.
  importAddress: GUID: 0efb92c924574ec59b71b9185a6ed8fb - Path: Packages/com.unity.multiplayer.center/Tests/Editor/RecommendationTests.cs - Importer: ScriptedImporter/UnityEditor.QuickSearchModule:UnityEditor.Search:ASIAI0B
Importing 'GUID: 0efb92c924574ec59b71b9185a6ed8fb - Path: Packages/com.unity.multiplayer.center/Tests/Editor/RecommendationTests.cs - Importer: ScriptedImporter/UnityEditor.QuickSearchModule:UnityEditor.Search:ASIAI0B' with importer (ScriptedImporter : UnityEditor.QuickSearchModule:UnityEditor.Search:ASIAI0B)
Imported 'GUID: 0efb92c924574ec59b71b9185a6ed8fb' -> (Import Result ID: '8b6e378083dbc7956a4776b72973b96c') in 0.008 seconds [static and dynamic dependencies]. Details - ImportResultOutputID=59a9218a2b344e1114bba69f383cc138 DependenciesID=88aae85cea2821a7a2e3dafcb07e426e StaticDependenciesID=b2b14ffd5422b3516bc98f702ea50aae 
Number of updated asset objects reloaded before import = 0
Number of asset objects unloaded after import = 0
========================================================================
Received Import Request.
  Time of request: 2026-10-06T13:04:44.0349137Z
  Time since last request: 0.0005276 seconds.
  importAddress: GUID: 84abd2ab34a74600a33a3bb9d72859fe - Path: Packages/com.unity.multiplayer.center/Common/Unity.Multiplayer.Center.Common.asmdef - Importer: ScriptedImporter/UnityEditor.QuickSearchModule:UnityEditor.Search:ASIAI0B
Importing 'GUID: 84abd2ab34a74600a33a3bb9d72859fe - Path: Packages/com.unity.multiplayer.center/Common/Unity.Multiplayer.Center.Common.asmdef - Importer: ScriptedImporter/UnityEditor.QuickSearchModule:UnityEditor.Search:ASIAI0B' with importer (ScriptedImporter : UnityEditor.QuickSearchModule:UnityEditor.Search:ASIAI0B)
Imported 'GUID: 84abd2ab34a74600a33a3bb9d72859fe' -> (Import Result ID: 'b7a1f123535d4dae783e996f717ee094') in 0.008 seconds [static and dynamic dependencies]. Details - ImportResultOutputID=b773f02411cb256b6ebd8d86f5b9ee3a DependenciesID=da4a3a2f794d389b2b0f1fcf51069ac4 StaticDependenciesID=10e8e2f9e4322071dfeb7039df429088 
Number of updated asset objects reloaded before import = 0
Number of asset objects unloaded after import = 1
========================================================================
Received Import Request.
  Time of request: 2026-10-06T13:04:44.0434831Z
  Time since last request: 0.0005076 seconds.
  importAddress: GUID: cd561f5f687aed43bf280c27a84f79e3 - Path: Packages/com.unity.modules.screencapture/package.ModuleCompilationTrigger - Importer: ScriptedImporter/UnityEditor.QuickSearchModule:UnityEditor.Search:ASIAI0B
Importing 'GUID: cd561f5f687aed43bf280c27a84f79e3 - Path: Packages/com.unity.modules.screencapture/package.ModuleCompilationTrigger - Importer: ScriptedImporter/UnityEditor.QuickSearchModule:UnityEditor.Search:ASIAI0B' with importer (ScriptedImporter : UnityEditor.QuickSearchModule:UnityEditor.Search:ASIAI0B)
Imported 'GUID: cd561f5f687aed43bf280c27a84f79e3' -> (Import Result ID: 'd3c9d50c7a2c8a82220673ca86293b92') in 0.008 seconds [static and dynamic dependencies]. Details - ImportResultOutputID=3880a39b2f01a154024d08d1500d10e8 DependenciesID=a8786e610df7666dca5d8fbe81233a60 StaticDependenciesID=462d53b40b3e1138d927b024815499b9 
Number of updated asset objects reloaded before import = 0
Number of asset objects unloaded after import = 1
========================================================================
Received Import Request.
  Time of request: 2026-10-06T13:04:44.0518825Z
  Time since last request: 0.0005015 seconds.
  importAddress: GUID: 18cde282a8d045bf9d245fdcfaa7271b - Path: Packages/com.unity.multiplayer.center/Editor/Questionnaire/UserChoicesObject.cs - Importer: ScriptedImporter/UnityEditor.QuickSearchModule:UnityEditor.Search:ASIAI0B
Importing 'GUID: 18cde282a8d045bf9d245fdcfaa7271b - Path: Packages/com.unity.multiplayer.center/Editor/Questionnaire/UserChoicesObject.cs - Importer: ScriptedImporter/UnityEditor.QuickSearchModule:UnityEditor.Search:ASIAI0B' with importer (ScriptedImporter : UnityEditor.QuickSearchModule:UnityEditor.Search:ASIAI0B)
Imported 'GUID: 18cde282a8d045bf9d245fdcfaa7271b' -> (Import Result ID: '8bedb19b1d560607358ef4d0164cc176') in 0.007 seconds [static and dynamic dependencies]. Details - ImportResultOutputID=37c2ed36a6f8a2b8f41cff2c13aede39 DependenciesID=d3b970e7cb572a210c2500edff0068ec StaticDependenciesID=2467bf363f0cb0727f74f3f7e0041bb0 
Number of updated asset objects reloaded before import = 0
Number of asset objects unloaded after import = 0
========================================================================
Received Import Request.
  Time of request: 2026-10-06T13:04:44.0599174Z
  Time since last request: 0.0005517 seconds.
  importAddress: GUID: 19c6f364c1e81cb4f829a057824639ad - Path: Packages/com.unity.ugui/Tests/Runtime/UGUI/EventSystem/InputModuleTests/MouseUpdate.cs - Importer: ScriptedImporter/UnityEditor.QuickSearchModule:UnityEditor.Search:ASIAI0B
Importing 'GUID: 19c6f364c1e81cb4f829a057824639ad - Path: Packages/com.unity.ugui/Tests/Runtime/UGUI/EventSystem/InputModuleTests/MouseUpdate.cs - Importer: ScriptedImporter/UnityEditor.QuickSearchModule:UnityEditor.Search:ASIAI0B' with importer (ScriptedImporter : UnityEditor.QuickSearchModule:UnityEditor.Search:ASIAI0B)
Imported 'GUID: 19c6f364c1e81cb4f829a057824639ad' -> (Import Result ID: '489e8797e29362830a07cb34449586ba') in 0.007 seconds [static and dynamic dependencies]. Details - ImportResultOutputID=c21934352b2f1ad2b037e18b71f68fca DependenciesID=c038b8e9954b0dc95ca7c76dec779d54 StaticDependenciesID=e39bebec2b8f96ac82ba34466ec1eb6a 
Number of updated asset objects reloaded before import = 0
Number of asset objects unloaded after import = 0
========================================================================
Received Import Request.
  Time of request: 2026-10-06T13:04:44.06799Z
  Time since last request: 0.0006482 seconds.
  importAddress: GUID: 7e006510f5f4425ca971c7de0bfbb77a - Path: Packages/com.unity.multiplayer.center/Editor/MultiplayerCenterWindow/MultiplayerCenterWindow.cs - Importer: ScriptedImporter/UnityEditor.QuickSearchModule:UnityEditor.Search:ASIAI0B
Importing 'GUID: 7e006510f5f4425ca971c7de0bfbb77a - Path: Packages/com.unity.multiplayer.center/Editor/MultiplayerCenterWindow/MultiplayerCenterWindow.cs - Importer: ScriptedImporter/UnityEditor.QuickSearchModule:UnityEditor.Search:ASIAI0B' with importer (ScriptedImporter : UnityEditor.QuickSearchModule:UnityEditor.Search:ASIAI0B)
Imported 'GUID: 7e006510f5f4425ca971c7de0bfbb77a' -> (Import Result ID: '3385e6340f2f462429c87d863911a5d1') in 0.008 seconds [static and dynamic dependencies]. Details - ImportResultOutputID=1a582dfd71acd054cfed86f060f8311c DependenciesID=bc13ea5c9e7dcb473ebcc65be43de8de StaticDependenciesID=3d9824687e6b8fb4c476245560678a0b 
Number of updated asset objects reloaded before import = 0
Number of asset objects unloaded after import = 0
========================================================================
Received Import Request.
  Time of request: 2026-10-06T13:04:44.0815922Z
  Time since last request: 0.0055413 seconds.
  importAddress: GUID: ca560c7d2a0d4453a50ec4f704ce9ce1 - Path: Packages/com.unity.multiplayer.center/Tests/Editor/UtilsForRecommendationTests.cs - Importer: ScriptedImporter/UnityEditor.QuickSearchModule:UnityEditor.Search:ASIAI0B
Importing 'GUID: ca560c7d2a0d4453a50ec4f704ce9ce1 - Path: Packages/com.unity.multiplayer.center/Tests/Editor/UtilsForRecommendationTests.cs - Importer: ScriptedImporter/UnityEditor.QuickSearchModule:UnityEditor.Search:ASIAI0B' with importer (ScriptedImporter : UnityEditor.QuickSearchModule:UnityEditor.Search:ASIAI0B)
Imported 'GUID: ca560c7d2a0d4453a50ec4f704ce9ce1' -> (Import Result ID: '2f133225465bc7948180fab6f6937b87') in 0.007 seconds [static and dynamic dependencies]. Details - ImportResultOutputID=974718b7ff9558b3894a612e8a09040a DependenciesID=6acabeacb907df50eb9a060c587465f4 StaticDependenciesID=e4f2ccba2207b69255a053f0202c5752 
Number of updated asset objects reloaded before import = 0
Number of asset objects unloaded after import = 0
========================================================================
Received Import Request.
  Time of request: 2026-10-06T13:04:44.089901Z
  Time since last request: 0.0007834 seconds.
  importAddress: GUID: dab91f148d99946e7b3c3a87ecf4b973 - Path: Packages/com.unity.multiplayer.center/Editor/MultiplayerCenterWindow/UI/Icons/d_Loading.png - Importer: ScriptedImporter/UnityEditor.QuickSearchModule:UnityEditor.Search:ASIAI0B
Importing 'GUID: dab91f148d99946e7b3c3a87ecf4b973 - Path: Packages/com.unity.multiplayer.center/Editor/MultiplayerCenterWindow/UI/Icons/d_Loading.png - Importer: ScriptedImporter/UnityEditor.QuickSearchModule:UnityEditor.Search:ASIAI0B' with importer (ScriptedImporter : UnityEditor.QuickSearchModule:UnityEditor.Search:ASIAI0B)
Imported 'GUID: dab91f148d99946e7b3c3a87ecf4b973' -> (Import Result ID: 'bda31e6836e1d8961a2b1b4fe8ffbd29') in 0.014 seconds [static and dynamic dependencies]. Details - ImportResultOutputID=9107972b0476b8568ae0dda2d07c271e DependenciesID=2d0040cd99bbc0ff7936ca08969125fd StaticDependenciesID=b84a22c4832dacdd71eed3dfb7c871ec 
Number of updated asset objects reloaded before import = 0
Number of asset objects unloaded after import = 1
========================================================================
Received Import Request.
  Time of request: 2026-10-06T13:04:44.1052528Z
  Time since last request: 0.0006468 seconds.
  importAddress: GUID: 1c3db2c484234a94a19c3acdc2539575 - Path: Packages/com.unity.multiplayer.center/Editor/MultiplayerCenterWindow/UI/StyleClasses.cs - Importer: ScriptedImporter/UnityEditor.QuickSearchModule:UnityEditor.Search:ASIAI0B
Importing 'GUID: 1c3db2c484234a94a19c3acdc2539575 - Path: Packages/com.unity.multiplayer.center/Editor/MultiplayerCenterWindow/UI/StyleClasses.cs - Importer: ScriptedImporter/UnityEditor.QuickSearchModule:UnityEditor.Search:ASIAI0B' with importer (ScriptedImporter : UnityEditor.QuickSearchModule:UnityEditor.Search:ASIAI0B)
Imported 'GUID: 1c3db2c484234a94a19c3acdc2539575' -> (Import Result ID: '29b72513550765349d92c24c92cf6b10') in 0.006 seconds [static and dynamic dependencies]. Details - ImportResultOutputID=2249433e21782eca45743305242bba5e DependenciesID=1e66f830b0c6a95c256469ca2a58de05 StaticDependenciesID=d49dca268ef0570a53ce51e89d356846 
Number of updated asset objects reloaded before import = 0
Number of asset objects unloaded after import = 0
========================================================================
Received Import Request.
  Time of request: 2026-10-06T13:04:44.1117206Z
  Time since last request: 0.0004819 seconds.
  importAddress: GUID: f1e4f3f59aa446bfb097357fa8ad4a8b - Path: Packages/com.unity.multiplayer.center/Editor/MultiplayerCenterWindow/UI/RecommendationView/SolutionSelectionView.cs - Importer: ScriptedImporter/UnityEditor.QuickSearchModule:UnityEditor.Search:ASIAI0B
Importing 'GUID: f1e4f3f59aa446bfb097357fa8ad4a8b - Path: Packages/com.unity.multiplayer.center/Editor/MultiplayerCenterWindow/UI/RecommendationView/SolutionSelectionView.cs - Importer: ScriptedImporter/UnityEditor.QuickSearchModule:UnityEditor.Search:ASIAI0B' with importer (ScriptedImporter : UnityEditor.QuickSearchModule:UnityEditor.Search:ASIAI0B)
Imported 'GUID: f1e4f3f59aa446bfb097357fa8ad4a8b' -> (Import Result ID: '75d342fd2fc5140bb708d66f80c355fb') in 0.006 seconds [static and dynamic dependencies]. Details - ImportResultOutputID=07ab4deb010652ac643d23ed7d994dea DependenciesID=0ebf98aa4cbfdbea24e41b24657e20e8 StaticDependenciesID=29b9f17b09cf755a8f8616a8d4d607e6 
Number of updated asset objects reloaded before import = 0
Number of asset objects unloaded after import = 0
========================================================================
Received Import Request.
  Time of request: 2026-10-06T13:04:44.1189556Z
  Time since last request: 0.0006198 seconds.
  importAddress: GUID: 0423146d9f51c4563a0f2a8200b6cd38 - Path: Packages/com.unity.multiplayer.center/Editor/MultiplayerCenterWindow/UI/Icons/PackageInstalled@2x.png - Importer: ScriptedImporter/UnityEditor.QuickSearchModule:UnityEditor.Search:ASIAI0B
Importing 'GUID: 0423146d9f51c4563a0f2a8200b6cd38 - Path: Packages/com.unity.multiplayer.center/Editor/MultiplayerCenterWindow/UI/Icons/PackageInstalled@2x.png - Importer: ScriptedImporter/UnityEditor.QuickSearchModule:UnityEditor.Search:ASIAI0B' with importer (ScriptedImporter : UnityEditor.QuickSearchModule:UnityEditor.Search:ASIAI0B)
Imported 'GUID: 0423146d9f51c4563a0f2a8200b6cd38' -> (Import Result ID: 'de7670dd47c4e8324d93d6c8cdeb92fb') in 0.011 seconds [static and dynamic dependencies]. Details - ImportResultOutputID=b745190ceab69ce75696e295ddb54223 DependenciesID=458d3609582f70601b067ba2a696004a StaticDependenciesID=b8b968fc5596f1db774620a7cbbdd8f1 
Number of updated asset objects reloaded before import = 0
Number of asset objects unloaded after import = 1
========================================================================
Received Import Request.
  Time of request: 2026-10-06T13:04:44.1306491Z
  Time since last request: 0.0005475 seconds.
  importAddress: GUID: 787ec048daec145b580d1134da5dd278 - Path: Packages/com.unity.multiplayer.center/Tests/Editor/Unity.Multiplayer.Center.Editor.Tests.asmdef - Importer: ScriptedImporter/UnityEditor.QuickSearchModule:UnityEditor.Search:ASIAI0B
Importing 'GUID: 787ec048daec145b580d1134da5dd278 - Path: Packages/com.unity.multiplayer.center/Tests/Editor/Unity.Multiplayer.Center.Editor.Tests.asmdef - Importer: ScriptedImporter/UnityEditor.QuickSearchModule:UnityEditor.Search:ASIAI0B' with importer (ScriptedImporter : UnityEditor.QuickSearchModule:UnityEditor.Search:ASIAI0B)
Imported 'GUID: 787ec048daec145b580d1134da5dd278' -> (Import Result ID: '0ee479712ff3a2a9a6db2caef7ea4162') in 0.008 seconds [static and dynamic dependencies]. Details - ImportResultOutputID=77163f4d02e7d238163845a1a14556fc DependenciesID=b24c2b5a49b5010ccb7df5f0a499e575 StaticDependenciesID=25314c36d743a9beda94775f785469ad 
Number of updated asset objects reloaded before import = 0
Number of asset objects unloaded after import = 1
========================================================================
Received Import Request.
  Time of request: 2026-10-06T13:04:44.1391647Z
  Time since last request: 0.0006096 seconds.
  importAddress: GUID: 1b4c88814ec6241eb8e327515399c006 - Path: Packages/com.unity.multiplayer.center/Editor/MultiplayerCenterWindow/UI/Icons/d_PackageManager.png - Importer: ScriptedImporter/UnityEditor.QuickSearchModule:UnityEditor.Search:ASIAI0B
Importing 'GUID: 1b4c88814ec6241eb8e327515399c006 - Path: Packages/com.unity.multiplayer.center/Editor/MultiplayerCenterWindow/UI/Icons/d_PackageManager.png - Importer: ScriptedImporter/UnityEditor.QuickSearchModule:UnityEditor.Search:ASIAI0B' with importer (ScriptedImporter : UnityEditor.QuickSearchModule:UnityEditor.Search:ASIAI0B)
Imported 'GUID: 1b4c88814ec6241eb8e327515399c006' -> (Import Result ID: 'fb9903286d2564dac84e0504d6c131f1') in 0.011 seconds [static and dynamic dependencies]. Details - ImportResultOutputID=22b2a1a4a194d860d3a39c31658b16f1 DependenciesID=ead63c8dd94e5a853fd7e4a17cd544bc StaticDependenciesID=9b396abe1c6c924b8ea5b283d190410c 
Number of updated asset objects reloaded before import = 0
Number of asset objects unloaded after import = 1
========================================================================
Received Import Request.
  Time of request: 2026-10-06T13:04:44.1514264Z
  Time since last request: 0.0008427 seconds.
  importAddress: GUID: 6cfa81557736450abfb73264580451c1 - Path: Packages/com.unity.multiplayer.center/Tests/Editor/SectionHeaderTests.cs - Importer: ScriptedImporter/UnityEditor.QuickSearchModule:UnityEditor.Search:ASIAI0B
Importing 'GUID: 6cfa81557736450abfb73264580451c1 - Path: Packages/com.unity.multiplayer.center/Tests/Editor/SectionHeaderTests.cs - Importer: ScriptedImporter/UnityEditor.QuickSearchModule:UnityEditor.Search:ASIAI0B' with importer (ScriptedImporter : UnityEditor.QuickSearchModule:UnityEditor.Search:ASIAI0B)
Imported 'GUID: 6cfa81557736450abfb73264580451c1' -> (Import Result ID: '3f814b5d9e1a31a9584b6ca92dc7a7e6') in 0.007 seconds [static and dynamic dependencies]. Details - ImportResultOutputID=7b5e108f19e7820f0dd30d8f06692323 DependenciesID=b0277ef50b57384ee4ac6d93b337e36c StaticDependenciesID=01806152f21939cd5ef603e79eb96f09 
Number of updated asset objects reloaded before import = 0
Number of asset objects unloaded after import = 0
========================================================================
Received Import Request.
  Time of request: 2026-10-06T13:04:44.1598812Z
  Time since last request: 0.0005678 seconds.
  importAddress: GUID: 83b28bcaaf34b4fd580114fb05d9f160 - Path: Packages/com.unity.multiplayer.center/Editor/MultiplayerCenterWindow/UI/Icons/NGO@2x.png - Importer: ScriptedImporter/UnityEditor.QuickSearchModule:UnityEditor.Search:ASIAI0B
Importing 'GUID: 83b28bcaaf34b4fd580114fb05d9f160 - Path: Packages/com.unity.multiplayer.center/Editor/MultiplayerCenterWindow/UI/Icons/NGO@2x.png - Importer: ScriptedImporter/UnityEditor.QuickSearchModule:UnityEditor.Search:ASIAI0B' with importer (ScriptedImporter : UnityEditor.QuickSearchModule:UnityEditor.Search:ASIAI0B)
Imported 'GUID: 83b28bcaaf34b4fd580114fb05d9f160' -> (Import Result ID: '62bd318269bb2d70f704cb586109ad5f') in 0.014 seconds [static and dynamic dependencies]. Details - ImportResultOutputID=1dbfa2663cb9d62c9404d81993f4ac54 DependenciesID=8513c83985a9ffebadc1da35fa09b04b StaticDependenciesID=186a0fb58d5f65b966ba7a09d7a76845 
Number of updated asset objects reloaded before import = 0
Number of asset objects unloaded after import = 1
========================================================================
Received Import Request.
  Time of request: 2026-10-06T13:04:44.1747622Z
  Time since last request: 0.0005542 seconds.
  importAddress: GUID: 38b78df4a34c94fa6a52c90239606ff1 - Path: Packages/com.unity.multiplayer.center/Editor/MultiplayerCenterWindow/UI/Icons/DedicatedServer@2x.png - Importer: ScriptedImporter/UnityEditor.QuickSearchModule:UnityEditor.Search:ASIAI0B
Importing 'GUID: 38b78df4a34c94fa6a52c90239606ff1 - Path: Packages/com.unity.multiplayer.center/Editor/MultiplayerCenterWindow/UI/Icons/DedicatedServer@2x.png - Importer: ScriptedImporter/UnityEditor.QuickSearchModule:UnityEditor.Search:ASIAI0B' with importer (ScriptedImporter : UnityEditor.QuickSearchModule:UnityEditor.Search:ASIAI0B)
Imported 'GUID: 38b78df4a34c94fa6a52c90239606ff1' -> (Import Result ID: 'c76468e43589006fda452b840793babe') in 0.013 seconds [static and dynamic dependencies]. Details - ImportResultOutputID=b2ad185ef9c2fccd954d8231df40bc42 DependenciesID=53edcb8dc44447f82173ea783995fc01 StaticDependenciesID=e345b03449aad8d6c621b448430e0547 
Number of updated asset objects reloaded before import = 0
Number of asset objects unloaded after import = 1
========================================================================
Received Import Request.
  Time of request: 2026-10-06T13:04:44.1888444Z
  Time since last request: 0.0006905 seconds.
  importAddress: GUID: d63245ece6d8f476c8c7ca24da9937f6 - Path: Packages/com.unity.multiplayer.center/Editor/MultiplayerCenterWindow/UI/Icons/DistributedAuthority.png - Importer: ScriptedImporter/UnityEditor.QuickSearchModule:UnityEditor.Search:ASIAI0B
Importing 'GUID: d63245ece6d8f476c8c7ca24da9937f6 - Path: Packages/com.unity.multiplayer.center/Editor/MultiplayerCenterWindow/UI/Icons/DistributedAuthority.png - Importer: ScriptedImporter/UnityEditor.QuickSearchModule:UnityEditor.Search:ASIAI0B' with importer (ScriptedImporter : UnityEditor.QuickSearchModule:UnityEditor.Search:ASIAI0B)
Imported 'GUID: d63245ece6d8f476c8c7ca24da9937f6' -> (Import Result ID: 'dc544d54b1c3f5ea775ab11802a28d6e') in 0.013 seconds [static and dynamic dependencies]. Details - ImportResultOutputID=4c0a76aeef6c1bc8562bffe52bb94782 DependenciesID=3f3c4092d366be939fe3a8d7b4d706fc StaticDependenciesID=a05c2966478590c6f77c914aac02a816 
Number of updated asset objects reloaded before import = 0
Number of asset objects unloaded after import = 1
========================================================================
Received Import Request.
  Time of request: 2026-10-06T13:04:44.2026494Z
  Time since last request: 0.0006345 seconds.
  importAddress: GUID: 4616b2fa4acd1429e931835b80966c2a - Path: Packages/com.unity.multiplayer.center/Editor/MultiplayerCenterWindow/UI/Icons/PackageInstalled.png - Importer: ScriptedImporter/UnityEditor.QuickSearchModule:UnityEditor.Search:ASIAI0B
Importing 'GUID: 4616b2fa4acd1429e931835b80966c2a - Path: Packages/com.unity.multiplayer.center/Editor/MultiplayerCenterWindow/UI/Icons/PackageInstalled.png - Importer: ScriptedImporter/UnityEditor.QuickSearchModule:UnityEditor.Search:ASIAI0B' with importer (ScriptedImporter : UnityEditor.QuickSearchModule:UnityEditor.Search:ASIAI0B)
Imported 'GUID: 4616b2fa4acd1429e931835b80966c2a' -> (Import Result ID: 'ae2278a8758226e6b7c91d90b35598b2') in 0.013 seconds [static and dynamic dependencies]. Details - ImportResultOutputID=7c9e3d41d41495745060f60684fc1682 DependenciesID=112aea884fe5abdbb817c5b697986204 StaticDependenciesID=a41e42d29cc9b29a4873d0074c0d3770 
Number of updated asset objects reloaded before import = 0
Number of asset objects unloaded after import = 1
========================================================================
Received Import Request.
  Time of request: 2026-10-06T13:04:44.2163019Z
  Time since last request: 0.0005588 seconds.
  importAddress: GUID: c37c4c45cacc46edb43b8c32617b3e34 - Path: Packages/com.unity.multiplayer.center/Tests/Editor/UtilsForGettingStartedTabTests.cs - Importer: ScriptedImporter/UnityEditor.QuickSearchModule:UnityEditor.Search:ASIAI0B
Importing 'GUID: c37c4c45cacc46edb43b8c32617b3e34 - Path: Packages/com.unity.multiplayer.center/Tests/Editor/UtilsForGettingStartedTabTests.cs - Importer: ScriptedImporter/UnityEditor.QuickSearchModule:UnityEditor.Search:ASIAI0B' with importer (ScriptedImporter : UnityEditor.QuickSearchModule:UnityEditor.Search:ASIAI0B)
Imported 'GUID: c37c4c45cacc46edb43b8c32617b3e34' -> (Import Result ID: 'cba7ba2bd5e27e355405dd970535b21d') in 0.006 seconds [static and dynamic dependencies]. Details - ImportResultOutputID=185b733e8b99520a454e6204d7585461 DependenciesID=f37ffb8aa7e24fac244ee321ddb5af8a StaticDependenciesID=4ce83a085af3c315e375bbb478233c17 
Number of updated asset objects reloaded before import = 0
Number of asset objects unloaded after import = 0
========================================================================
Received Import Request.
  Time of request: 2026-10-06T13:04:44.2231096Z
  Time since last request: 0.0005938 seconds.
  importAddress: GUID: 1daed49eec0f94f7ebb36dfef6159884 - Path: Packages/com.unity.multiplayer.center/Editor/MultiplayerCenterWindow/UI/Icons/NoNetcode.png - Importer: ScriptedImporter/UnityEditor.QuickSearchModule:UnityEditor.Search:ASIAI0B
Importing 'GUID: 1daed49eec0f94f7ebb36dfef6159884 - Path: Packages/com.unity.multiplayer.center/Editor/MultiplayerCenterWindow/UI/Icons/NoNetcode.png - Importer: ScriptedImporter/UnityEditor.QuickSearchModule:UnityEditor.Search:ASIAI0B' with importer (ScriptedImporter : UnityEditor.QuickSearchModule:UnityEditor.Search:ASIAI0B)
Imported 'GUID: 1daed49eec0f94f7ebb36dfef6159884' -> (Import Result ID: 'a8f8bea414c8eb5361eee01a586829af') in 0.013 seconds [static and dynamic dependencies]. Details - ImportResultOutputID=35c414a396a88e26f394e873f62ecc72 DependenciesID=ddba7cb5225ced0fe1c3f932846608e6 StaticDependenciesID=d37b9b0318743a3888abd2461e39d199 
Number of updated asset objects reloaded before import = 0
Number of asset objects unloaded after import = 1
========================================================================
Received Import Request.
  Time of request: 2026-10-06T13:04:44.2367771Z
  Time since last request: 0.0005356 seconds.
  importAddress: GUID: 7456ea4ba2dcd48d3909b82e610f2048 - Path: Packages/com.unity.multiplayer.center/Tests/Runtime/PlaceholderTest.cs - Importer: ScriptedImporter/UnityEditor.QuickSearchModule:UnityEditor.Search:ASIAI0B
Importing 'GUID: 7456ea4ba2dcd48d3909b82e610f2048 - Path: Packages/com.unity.multiplayer.center/Tests/Runtime/PlaceholderTest.cs - Importer: ScriptedImporter/UnityEditor.QuickSearchModule:UnityEditor.Search:ASIAI0B' with importer (ScriptedImporter : UnityEditor.QuickSearchModule:UnityEditor.Search:ASIAI0B)
Imported 'GUID: 7456ea4ba2dcd48d3909b82e610f2048' -> (Import Result ID: 'deabf4fddf50dfa4ea0ba31871e36d2a') in 0.007 seconds [static and dynamic dependencies]. Details - ImportResultOutputID=7465a5d4b4bb9c1259fdb551e2d369bd DependenciesID=64206a5edc8608a1cd24e51114c640af StaticDependenciesID=ca0ea154eac79a5df2be320684b7292b 
Number of updated asset objects reloaded before import = 0
Number of asset objects unloaded after import = 0
========================================================================
Received Import Request.
  Time of request: 2026-10-06T13:04:44.2443254Z
  Time since last request: 0.0005589 seconds.
  importAddress: GUID: b58a826ca804e4c67bab4283ad5a6102 - Path: Packages/com.unity.multiplayer.center/Editor/MultiplayerCenterWindow/UI/Icons/NoNetcode@2x.png - Importer: ScriptedImporter/UnityEditor.QuickSearchModule:UnityEditor.Search:ASIAI0B
Importing 'GUID: b58a826ca804e4c67bab4283ad5a6102 - Path: Packages/com.unity.multiplayer.center/Editor/MultiplayerCenterWindow/UI/Icons/NoNetcode@2x.png - Importer: ScriptedImporter/UnityEditor.QuickSearchModule:UnityEditor.Search:ASIAI0B' with importer (ScriptedImporter : UnityEditor.QuickSearchModule:UnityEditor.Search:ASIAI0B)
Imported 'GUID: b58a826ca804e4c67bab4283ad5a6102' -> (Import Result ID: '084f958f31dfbf7fe914c78ffa194ae4') in 0.012 seconds [static and dynamic dependencies]. Details - ImportResultOutputID=c804f84970bdffe8ee15fbcaf52fcac6 DependenciesID=1499b98b7c6d04096773f1c6c88b9c3e StaticDependenciesID=e7298d1f14d551db47311055c13bd348 
Number of updated asset objects reloaded before import = 0
Number of asset objects unloaded after import = 1
========================================================================
Received Import Request.
  Time of request: 2026-10-06T13:04:44.257617Z
  Time since last request: 0.0005256 seconds.
  importAddress: GUID: dce12af736e0a4a1ba35d6424f897dc9 - Path: Packages/com.unity.multiplayer.center/Editor/MultiplayerCenterWindow/UI/Icons/CustomNetcode.png - Importer: ScriptedImporter/UnityEditor.QuickSearchModule:UnityEditor.Search:ASIAI0B
Importing 'GUID: dce12af736e0a4a1ba35d6424f897dc9 - Path: Packages/com.unity.multiplayer.center/Editor/MultiplayerCenterWindow/UI/Icons/CustomNetcode.png - Importer: ScriptedImporter/UnityEditor.QuickSearchModule:UnityEditor.Search:ASIAI0B' with importer (ScriptedImporter : UnityEditor.QuickSearchModule:UnityEditor.Search:ASIAI0B)
Imported 'GUID: dce12af736e0a4a1ba35d6424f897dc9' -> (Import Result ID: '475944af4c164f96a849837f0ffe2195') in 0.012 seconds [static and dynamic dependencies]. Details - ImportResultOutputID=ec21628de6964ce84fde3b47082c6af5 DependenciesID=7177d58d9ebb29e7b5732ef136996f4a StaticDependenciesID=4d45e617a0c83a49cb01ae5caca51816 
Number of updated asset objects reloaded before import = 0
Number of asset objects unloaded after import = 1
========================================================================
Received Import Request.
  Time of request: 2026-10-06T13:04:44.2705857Z
  Time since last request: 0.0006163 seconds.
  importAddress: GUID: 281e16dfc02f4a86bf924188eb96b176 - Path: Packages/com.unity.multiplayer.center/Editor/MultiplayerCenterWindow/UI/RecommendationView/RecommendationItemView.cs - Importer: ScriptedImporter/UnityEditor.QuickSearchModule:UnityEditor.Search:ASIAI0B
Importing 'GUID: 281e16dfc02f4a86bf924188eb96b176 - Path: Packages/com.unity.multiplayer.center/Editor/MultiplayerCenterWindow/UI/RecommendationView/RecommendationItemView.cs - Importer: ScriptedImporter/UnityEditor.QuickSearchModule:UnityEditor.Search:ASIAI0B' with importer (ScriptedImporter : UnityEditor.QuickSearchModule:UnityEditor.Search:ASIAI0B)
Imported 'GUID: 281e16dfc02f4a86bf924188eb96b176' -> (Import Result ID: '7f0104727675eb7ed86a4b2d06aa8643') in 0.008 seconds [static and dynamic dependencies]. Details - ImportResultOutputID=a5cfd3e89822e0761c9aeaf10c27f105 DependenciesID=e33e0d81c6bdec3eb4939f76f7e782b2 StaticDependenciesID=e1653fd56957e70f763e2547e725bb71 
Number of updated asset objects reloaded before import = 0
Number of asset objects unloaded after import = 0
========================================================================
Received Import Request.
  Time of request: 2026-10-06T13:04:44.2794619Z
  Time since last request: 0.0005424 seconds.
  importAddress: GUID: 9d9689eab72c8480c90679f4dcf18820 - Path: Packages/com.unity.multiplayer.center/Editor/MultiplayerCenterWindow/UI/Icons/Package.png - Importer: ScriptedImporter/UnityEditor.QuickSearchModule:UnityEditor.Search:ASIAI0B
Importing 'GUID: 9d9689eab72c8480c90679f4dcf18820 - Path: Packages/com.unity.multiplayer.center/Editor/MultiplayerCenterWindow/UI/Icons/Package.png - Importer: ScriptedImporter/UnityEditor.QuickSearchModule:UnityEditor.Search:ASIAI0B' with importer (ScriptedImporter : UnityEditor.QuickSearchModule:UnityEditor.Search:ASIAI0B)
Imported 'GUID: 9d9689eab72c8480c90679f4dcf18820' -> (Import Result ID: '6a72d0add69a576d92e84938b3899e0b') in 0.013 seconds [static and dynamic dependencies]. Details - ImportResultOutputID=850e6303a20c966713ba431364c040c9 DependenciesID=8003ec32bedd4247aea85e8315b2636b StaticDependenciesID=8d063dfa8600ca19c23582a8f7bd474b 
Number of updated asset objects reloaded before import = 0
Number of asset objects unloaded after import = 1
========================================================================
Received Import Request.
  Time of request: 2026-10-06T13:04:44.2938664Z
  Time since last request: 0.0010535 seconds.
  importAddress: GUID: 2664430aff4254d79887d32c3fc1e221 - Path: Packages/com.unity.multiplayer.center/Tests/Runtime/Unity.Multiplayer.Center.Tests.asmdef - Importer: ScriptedImporter/UnityEditor.QuickSearchModule:UnityEditor.Search:ASIAI0B
Importing 'GUID: 2664430aff4254d79887d32c3fc1e221 - Path: Packages/com.unity.multiplayer.center/Tests/Runtime/Unity.Multiplayer.Center.Tests.asmdef - Importer: ScriptedImporter/UnityEditor.QuickSearchModule:UnityEditor.Search:ASIAI0B' with importer (ScriptedImporter : UnityEditor.QuickSearchModule:UnityEditor.Search:ASIAI0B)
Imported 'GUID: 2664430aff4254d79887d32c3fc1e221' -> (Import Result ID: '9d7b94750ced41f338dc69cef74b01d6') in 0.008 seconds [static and dynamic dependencies]. Details - ImportResultOutputID=e638b5717b6a0e532bda1d53c9bb81f9 DependenciesID=453cdd8210318e502791cbd52ac7efd8 StaticDependenciesID=ca4b829660ccc8df2c277de5af639f20 
Number of updated asset objects reloaded before import = 0
Number of asset objects unloaded after import = 1
========================================================================
Received Import Request.
  Time of request: 2026-10-06T13:04:44.3026545Z
  Time since last request: 0.0006818 seconds.
  importAddress: GUID: 318df756abab5463e9aa361360784865 - Path: Packages/com.unity.multiplayer.center/Editor/MultiplayerCenterWindow/UI/Icons/d_PackageInstalled@2x.png - Importer: ScriptedImporter/UnityEditor.QuickSearchModule:UnityEditor.Search:ASIAI0B
Importing 'GUID: 318df756abab5463e9aa361360784865 - Path: Packages/com.unity.multiplayer.center/Editor/MultiplayerCenterWindow/UI/Icons/d_PackageInstalled@2x.png - Importer: ScriptedImporter/UnityEditor.QuickSearchModule:UnityEditor.Search:ASIAI0B' with importer (ScriptedImporter : UnityEditor.QuickSearchModule:UnityEditor.Search:ASIAI0B)
Imported 'GUID: 318df756abab5463e9aa361360784865' -> (Import Result ID: 'e3049482a294a501b7bb981bdc74a957') in 0.012 seconds [static and dynamic dependencies]. Details - ImportResultOutputID=cfb3580f7bf2ad1c23de61f8bea9442b DependenciesID=c150372f88808d02475cf0ca8c46a64b StaticDependenciesID=e98ee94ff34a93256015b8b71b0aa038 
Number of updated asset objects reloaded before import = 0
Number of asset objects unloaded after import = 1
========================================================================
Received Import Request.
  Time of request: 2026-10-06T13:04:44.3157567Z
  Time since last request: 0.0005916 seconds.
  importAddress: GUID: 1984cd07fe96417f9e88f5771f6b4b32 - Path: Packages/com.unity.multiplayer.center/Editor/MultiplayerCenterWindow/UI/dark.uss - Importer: ScriptedImporter/UnityEditor.QuickSearchModule:UnityEditor.Search:ASIAI0B
Importing 'GUID: 1984cd07fe96417f9e88f5771f6b4b32 - Path: Packages/com.unity.multiplayer.center/Editor/MultiplayerCenterWindow/UI/dark.uss - Importer: ScriptedImporter/UnityEditor.QuickSearchModule:UnityEditor.Search:ASIAI0B' with importer (ScriptedImporter : UnityEditor.QuickSearchModule:UnityEditor.Search:ASIAI0B)
Imported 'GUID: 1984cd07fe96417f9e88f5771f6b4b32' -> (Import Result ID: '57fc2e9eca2b62d8382968dcd74b9493') in 0.050 seconds [static and dynamic dependencies]. Details - ImportResultOutputID=c47489c71ab19628fdb98b9c4be939d0 DependenciesID=6a5b1312b86f2a7657d9d3e7c68b483b StaticDependenciesID=88653429d607cb38daa99bd3b24408c2 
Number of updated asset objects reloaded before import = 0
Number of asset objects unloaded after import = 9
========================================================================
Received Import Request.
  Time of request: 2026-10-06T13:04:44.3712443Z
  Time since last request: 0.0049542 seconds.
  importAddress: GUID: 9b1a5759726ef9d39a0ab82047b615f1 - Path: Packages/com.unity.modules.hierarchycore/package.json - Importer: ScriptedImporter/UnityEditor.QuickSearchModule:UnityEditor.Search:ASIAI0B
Importing 'GUID: 9b1a5759726ef9d39a0ab82047b615f1 - Path: Packages/com.unity.modules.hierarchycore/package.json - Importer: ScriptedImporter/UnityEditor.QuickSearchModule:UnityEditor.Search:ASIAI0B' with importer (ScriptedImporter : UnityEditor.QuickSearchModule:UnityEditor.Search:ASIAI0B)
Imported 'GUID: 9b1a5759726ef9d39a0ab82047b615f1' -> (Import Result ID: '5f9f4ec19617ab4b01d7e1ec7735d1bd') in 0.009 seconds [static and dynamic dependencies]. Details - ImportResultOutputID=62a52f7f296cd8b0d4e8f3a1b5953ae9 DependenciesID=c909f8c6a65121a971da3658eac7cf7b StaticDependenciesID=c0251f123f56545e175e44a9c3bd92c1 
Number of updated asset objects reloaded before import = 0
Number of asset objects unloaded after import = 1
========================================================================
Received Import Request.
  Time of request: 2026-10-06T13:04:44.3812214Z
  Time since last request: 0.0005237 seconds.
  importAddress: GUID: 3cc1ebf2abb7fef6871ad48f499b6e21 - Path: Packages/com.unity.modules.vectorgraphics/package.ModuleCompilationTrigger - Importer: ScriptedImporter/UnityEditor.QuickSearchModule:UnityEditor.Search:ASIAI0B
Importing 'GUID: 3cc1ebf2abb7fef6871ad48f499b6e21 - Path: Packages/com.unity.modules.vectorgraphics/package.ModuleCompilationTrigger - Importer: ScriptedImporter/UnityEditor.QuickSearchModule:UnityEditor.Search:ASIAI0B' with importer (ScriptedImporter : UnityEditor.QuickSearchModule:UnityEditor.Search:ASIAI0B)
Imported 'GUID: 3cc1ebf2abb7fef6871ad48f499b6e21' -> (Import Result ID: '5c501bde364e2b8100faa28f4ce0142a') in 0.007 seconds [static and dynamic dependencies]. Details - ImportResultOutputID=ba6ef1464db0a40a50c4ad7b6e845b95 DependenciesID=33e23ec09f2157c8c888ad8c41e80232 StaticDependenciesID=91f16ef788375314def576571cc72f35 
Number of updated asset objects reloaded before import = 0
Number of asset objects unloaded after import = 1
========================================================================
Received Import Request.
  Time of request: 2026-10-06T13:04:44.3896643Z
  Time since last request: 0.0006481 seconds.
  importAddress: GUID: d2ec2d1228c8e67cdd913cb5609176a2 - Path: Packages/com.unity.modules.unitywebrequest/package.ModuleCompilationTrigger - Importer: ScriptedImporter/UnityEditor.QuickSearchModule:UnityEditor.Search:ASIAI0B
Importing 'GUID: d2ec2d1228c8e67cdd913cb5609176a2 - Path: Packages/com.unity.modules.unitywebrequest/package.ModuleCompilationTrigger - Importer: ScriptedImporter/UnityEditor.QuickSearchModule:UnityEditor.Search:ASIAI0B' with importer (ScriptedImporter : UnityEditor.QuickSearchModule:UnityEditor.Search:ASIAI0B)
Imported 'GUID: d2ec2d1228c8e67cdd913cb5609176a2' -> (Import Result ID: '179690316d7ffbc40b54af3ed22b9692') in 0.007 seconds [static and dynamic dependencies]. Details - ImportResultOutputID=32024f2eb8e9040d71e385ac92ebee2b DependenciesID=ea8b9c66115e0fd8868c523510e36281 StaticDependenciesID=8a91491cbf389786d09c45543a1b2682 
Number of updated asset objects reloaded before import = 0
Number of asset objects unloaded after import = 1
========================================================================
Received Import Request.
  Time of request: 2026-10-06T13:04:44.397198Z
  Time since last request: 0.0005247 seconds.
  importAddress: GUID: 17f093324b67f5bd57e55b546736750e - Path: Packages/com.unity.modules.particlesystem/package.ModuleCompilationTrigger - Importer: ScriptedImporter/UnityEditor.QuickSearchModule:UnityEditor.Search:ASIAI0B
Importing 'GUID: 17f093324b67f5bd57e55b546736750e - Path: Packages/com.unity.modules.particlesystem/package.ModuleCompilationTrigger - Importer: ScriptedImporter/UnityEditor.QuickSearchModule:UnityEditor.Search:ASIAI0B' with importer (ScriptedImporter : UnityEditor.QuickSearchModule:UnityEditor.Search:ASIAI0B)
Imported 'GUID: 17f093324b67f5bd57e55b546736750e' -> (Import Result ID: '9a56b25268d1ab320ed3ea653a17cd4d') in 0.006 seconds [static and dynamic dependencies]. Details - ImportResultOutputID=59c3335cee425268786c118904bb6733 DependenciesID=9e7418bc7662d7a179d81afc10ffa9dd StaticDependenciesID=43d1286c8a495a5366ac3881b722e1a0 
Number of updated asset objects reloaded before import = 0
Number of asset objects unloaded after import = 1
========================================================================
Received Import Request.
  Time of request: 2026-10-06T13:04:44.4042827Z
  Time since last request: 0.0005551 seconds.
  importAddress: GUID: c88e90bad18cceb5d182d0c805883056 - Path: Packages/com.unity.modules.director/package.ModuleCompilationTrigger - Importer: ScriptedImporter/UnityEditor.QuickSearchModule:UnityEditor.Search:ASIAI0B
Importing 'GUID: c88e90bad18cceb5d182d0c805883056 - Path: Packages/com.unity.modules.director/package.ModuleCompilationTrigger - Importer: ScriptedImporter/UnityEditor.QuickSearchModule:UnityEditor.Search:ASIAI0B' with importer (ScriptedImporter : UnityEditor.QuickSearchModule:UnityEditor.Search:ASIAI0B)
Imported 'GUID: c88e90bad18cceb5d182d0c805883056' -> (Import Result ID: '3c89a9209e94e5ff44e9365b7c742d98') in 0.007 seconds [static and dynamic dependencies]. Details - ImportResultOutputID=b5a048603ab70b0f2bca31c42d8a5e0f DependenciesID=661a6a9167d205b7fec5f802ed56672d StaticDependenciesID=b9553544096cd428095952b321ff59d9 
Number of updated asset objects reloaded before import = 0
Number of asset objects unloaded after import = 1
========================================================================
Received Import Request.
  Time of request: 2026-10-06T13:04:44.4122249Z
  Time since last request: 0.000508 seconds.
  importAddress: GUID: 43674d438e19b89d7fe6af07234f3252 - Path: Packages/com.unity.modules.accessibility/package.json - Importer: ScriptedImporter/UnityEditor.QuickSearchModule:UnityEditor.Search:ASIAI0B
Importing 'GUID: 43674d438e19b89d7fe6af07234f3252 - Path: Packages/com.unity.modules.accessibility/package.json - Importer: ScriptedImporter/UnityEditor.QuickSearchModule:UnityEditor.Search:ASIAI0B' with importer (ScriptedImporter : UnityEditor.QuickSearchModule:UnityEditor.Search:ASIAI0B)
Imported 'GUID: 43674d438e19b89d7fe6af07234f3252' -> (Import Result ID: 'b5a11018660713191658ce219c3e392c') in 0.008 seconds [static and dynamic dependencies]. Details - ImportResultOutputID=f836bcd1b6d72d630104fb1a568cf606 DependenciesID=05e43597791aae7eff98c559906b51b0 StaticDependenciesID=037655a9c50dc1bb97a2cc078a92fcf1 
Number of updated asset objects reloaded before import = 0
Number of asset objects unloaded after import = 1
========================================================================
Received Import Request.
  Time of request: 2026-10-06T13:04:44.4209184Z
  Time since last request: 0.0005755 seconds.
  importAddress: GUID: bfd567a3d1631a761bca9e99fa53d86d - Path: Packages/com.unity.modules.ui/package.json - Importer: ScriptedImporter/UnityEditor.QuickSearchModule:UnityEditor.Search:ASIAI0B
Importing 'GUID: bfd567a3d1631a761bca9e99fa53d86d - Path: Packages/com.unity.modules.ui/package.json - Importer: ScriptedImporter/UnityEditor.QuickSearchModule:UnityEditor.Search:ASIAI0B' with importer (ScriptedImporter : UnityEditor.QuickSearchModule:UnityEditor.Search:ASIAI0B)
Imported 'GUID: bfd567a3d1631a761bca9e99fa53d86d' -> (Import Result ID: '14f72dcd7c3cea1244316ce579233362') in 0.008 seconds [static and dynamic dependencies]. Details - ImportResultOutputID=8314a413b645337e59d67d318e186513 DependenciesID=81cf9cca0b0c4b51d58de28dc4cb993b StaticDependenciesID=eb56d7a43481864f19527ece3cab670b 
Number of updated asset objects reloaded before import = 0
Number of asset objects unloaded after import = 1
========================================================================
Received Import Request.
  Time of request: 2026-10-06T13:04:44.4299292Z
  Time since last request: 0.0006024 seconds.
  importAddress: GUID: 05f7f519769978b79b31d063a7fc6fa1 - Path: Packages/com.unity.modules.unitywebrequestassetbundle/package.json - Importer: ScriptedImporter/UnityEditor.QuickSearchModule:UnityEditor.Search:ASIAI0B
Importing 'GUID: 05f7f519769978b79b31d063a7fc6fa1 - Path: Packages/com.unity.modules.unitywebrequestassetbundle/package.json - Importer: ScriptedImporter/UnityEditor.QuickSearchModule:UnityEditor.Search:ASIAI0B' with importer (ScriptedImporter : UnityEditor.QuickSearchModule:UnityEditor.Search:ASIAI0B)
Imported 'GUID: 05f7f519769978b79b31d063a7fc6fa1' -> (Import Result ID: '4e70a86411df1b941f030b6392561dbf') in 0.009 seconds [static and dynamic dependencies]. Details - ImportResultOutputID=90742988ee158f89f2ab715873df70f4 DependenciesID=951c33b8d7927e4ca72361149b13434e StaticDependenciesID=72deb678d61652e5c51ef7d01fbf0602 
Number of updated asset objects reloaded before import = 0
Number of asset objects unloaded after import = 1
========================================================================
Received Import Request.
  Time of request: 2026-10-06T13:04:44.4401473Z
  Time since last request: 0.0006039 seconds.
  importAddress: GUID: c7a8b0317f4e68556d7509828e9e211e - Path: Packages/com.unity.modules.xr/package.ModuleCompilationTrigger - Importer: ScriptedImporter/UnityEditor.QuickSearchModule:UnityEditor.Search:ASIAI0B
Importing 'GUID: c7a8b0317f4e68556d7509828e9e211e - Path: Packages/com.unity.modules.xr/package.ModuleCompilationTrigger - Importer: ScriptedImporter/UnityEditor.QuickSearchModule:UnityEditor.Search:ASIAI0B' with importer (ScriptedImporter : UnityEditor.QuickSearchModule:UnityEditor.Search:ASIAI0B)
Imported 'GUID: c7a8b0317f4e68556d7509828e9e211e' -> (Import Result ID: '9ad39f44d13d098f37bc36a02fadd00f') in 0.010 seconds [static and dynamic dependencies]. Details - ImportResultOutputID=89d726832d99e4e400de27042fcb6eb5 DependenciesID=18ea8836b02213bf6e700c67c9227fde StaticDependenciesID=8ef61a630221eef84923300b3d6d6859 
Number of updated asset objects reloaded before import = 0
Number of asset objects unloaded after import = 1
========================================================================
Received Import Request.
  Time of request: 2026-10-06T13:04:44.4507789Z
  Time since last request: 0.0005173 seconds.
  importAddress: GUID: 6afb166a156df2d20433d981f4bb2832 - Path: Packages/com.unity.modules.vehicles/package.json - Importer: ScriptedImporter/UnityEditor.QuickSearchModule:UnityEditor.Search:ASIAI0B
Importing 'GUID: 6afb166a156df2d20433d981f4bb2832 - Path: Packages/com.unity.modules.vehicles/package.json - Importer: ScriptedImporter/UnityEditor.QuickSearchModule:UnityEditor.Search:ASIAI0B' with importer (ScriptedImporter : UnityEditor.QuickSearchModule:UnityEditor.Search:ASIAI0B)
Imported 'GUID: 6afb166a156df2d20433d981f4bb2832' -> (Import Result ID: '1801ed9cbdc5664745f7b1dfc30c10f3') in 0.008 seconds [static and dynamic dependencies]. Details - ImportResultOutputID=ec5fa42952dd25709b70693f8d3d452c DependenciesID=ebd2fb4877da9487b794885b894d8a93 StaticDependenciesID=26282f897037d7fbbde01816a59d34db 
Number of updated asset objects reloaded before import = 0
Number of asset objects unloaded after import = 1
========================================================================
Received Import Request.
  Time of request: 2026-10-06T13:04:44.459902Z
  Time since last request: 0.0005913 seconds.
  importAddress: GUID: 7610600f5c83e01041a6fe849d39279f - Path: Packages/com.unity.modules.unitywebrequestassetbundle/package.ModuleCompilationTrigger - Importer: ScriptedImporter/UnityEditor.QuickSearchModule:UnityEditor.Search:ASIAI0B
Importing 'GUID: 7610600f5c83e01041a6fe849d39279f - Path: Packages/com.unity.modules.unitywebrequestassetbundle/package.ModuleCompilationTrigger - Importer: ScriptedImporter/UnityEditor.QuickSearchModule:UnityEditor.Search:ASIAI0B' with importer (ScriptedImporter : UnityEditor.QuickSearchModule:UnityEditor.Search:ASIAI0B)
Imported 'GUID: 7610600f5c83e01041a6fe849d39279f' -> (Import Result ID: '776bf6661f1f83d9cb153fca5a7566d7') in 0.006 seconds [static and dynamic dependencies]. Details - ImportResultOutputID=683a5a4318c3d41e6fa9f66c9e9a5ce8 DependenciesID=124da89abd3f0a9d1f4b9ac4f3101c3f StaticDependenciesID=3345b05d890caf41865202e83269e73d 
Number of updated asset objects reloaded before import = 0
Number of asset objects unloaded after import = 1
========================================================================
Received Import Request.
  Time of request: 2026-10-06T13:04:44.4667592Z
  Time since last request: 0.0004753 seconds.
  importAddress: GUID: 78e5667e52329c3ceef41288763404ae - Path: Packages/com.unity.modules.vectorgraphics/package.json - Importer: ScriptedImporter/UnityEditor.QuickSearchModule:UnityEditor.Search:ASIAI0B
Importing 'GUID: 78e5667e52329c3ceef41288763404ae - Path: Packages/com.unity.modules.vectorgraphics/package.json - Importer: ScriptedImporter/UnityEditor.QuickSearchModule:UnityEditor.Search:ASIAI0B' with importer (ScriptedImporter : UnityEditor.QuickSearchModule:UnityEditor.Search:ASIAI0B)
Imported 'GUID: 78e5667e52329c3ceef41288763404ae' -> (Import Result ID: '0853cb7867c23015284d84bb76ca52d8') in 0.007 seconds [static and dynamic dependencies]. Details - ImportResultOutputID=e6dd934879f7653ebd9ee8095ac48050 DependenciesID=9db875a715c52929207f4a71a7f376cc StaticDependenciesID=b19b19cd96f149bac66b30ab810de0ba 
Number of updated asset objects reloaded before import = 0
Number of asset objects unloaded after import = 1
Editor requested this worker to shutdown with reason: Scaling down because of idle timeout
AcceleratorClientConnectionCallback - disconnected - :0
AssetImportWorker is now disconnected from the server
Process exiting
Exiting without the bug reporter. Application will terminate with return code 0